pr_id,regla,archivo,clase,metodo,desde,hasta,estados_totales,categoria,causa_desaparicion
3940935974,CognitiveComplexity,langchain4j-mcp/src/main/java/dev/langchain4j/mcp/client/transport/http/StreamableHttpMcpTransport.java,StreamableHttpMcpTransport,execute,0,6,7,persistente,
3940935974,AvoidDeeplyNestedIfStmts,langchain4j-mcp/src/main/java/dev/langchain4j/mcp/client/transport/http/StreamableHttpMcpTransport.java,StreamableHttpMcpTransport,execute,0,6,7,persistente,
3940935974,AvoidDeeplyNestedIfStmts,langchain4j-mcp/src/main/java/dev/langchain4j/mcp/client/transport/http/StreamableHttpMcpTransport.java,StreamableHttpMcpTransport,execute,0,6,7,persistente,
3940935974,AvoidDeeplyNestedIfStmts,langchain4j-mcp/src/main/java/dev/langchain4j/mcp/client/transport/http/StreamableHttpMcpTransport.java,StreamableHttpMcpTransport,execute,0,6,7,persistente,
4113039889,CognitiveComplexity,core-base/src/main/java/cloud/xcan/angus/core/utils/CoreUtils.java,CoreUtils,calcPasswordStrength,0,3,4,persistente,
4113039889,NPathComplexity,core-base/src/main/java/cloud/xcan/angus/core/utils/CoreUtils.java,CoreUtils,calcPasswordStrength,0,3,4,persistente,
4113039889,AvoidReassigningParameters,core-base/src/main/java/cloud/xcan/angus/core/utils/ValidatorUtils.java,ValidatorUtils,isMobile,0,3,4,persistente,
4113039889,AvoidReassigningParameters,core-base/src/main/java/cloud/xcan/angus/core/utils/ValidatorUtils.java,ValidatorUtils,checkMobile,0,3,4,persistente,
4113039889,CognitiveComplexity,security/auth-server-starter/src/main/java/cloud/xcan/angus/security/authentication/CustomOAuth2TokenIntrospectionAuthenticationProvider.java,CustomOAuth2TokenIntrospectionAuthenticationProvider,withActiveTokenClaims,0,3,4,persistente,
4113039889,AvoidDeeplyNestedIfStmts,security/auth-server-starter/src/main/java/cloud/xcan/angus/security/authentication/CustomOAuth2TokenIntrospectionAuthenticationProvider.java,CustomOAuth2TokenIntrospectionAuthenticationProvider,withActiveTokenClaims,0,3,4,persistente,
4113039889,CollapsibleIfStatements,security/auth-server-starter/src/main/java/cloud/xcan/angus/security/authentication/CustomOAuth2TokenIntrospectionAuthenticationProvider.java,CustomOAuth2TokenIntrospectionAuthenticationProvider,withActiveTokenClaims,0,3,4,persistente,
4113039889,CognitiveComplexity,security/auth-server-starter/src/main/java/cloud/xcan/angus/security/authentication/email/EmailCodeAuthenticationProvider.java,EmailCodeAuthenticationProvider,authenticate,0,3,4,persistente,
4113039889,NPathComplexity,security/auth-server-starter/src/main/java/cloud/xcan/angus/security/authentication/email/EmailCodeAuthenticationProvider.java,EmailCodeAuthenticationProvider,authenticate,0,3,4,persistente,
4113039889,AvoidDeeplyNestedIfStmts,security/auth-server-starter/src/main/java/cloud/xcan/angus/security/authentication/email/EmailCodeAuthenticationProvider.java,EmailCodeAuthenticationProvider,authenticate,0,3,4,persistente,
4113039889,AvoidDeeplyNestedIfStmts,security/auth-server-starter/src/main/java/cloud/xcan/angus/security/authentication/email/EmailCodeAuthenticationProvider.java,EmailCodeAuthenticationProvider,authenticate,0,3,4,persistente,
4113039889,AvoidDeeplyNestedIfStmts,security/auth-server-starter/src/main/java/cloud/xcan/angus/security/authentication/email/EmailCodeAuthenticationProvider.java,EmailCodeAuthenticationProvider,getSessionInformation,0,3,4,persistente,
4113039889,CognitiveComplexity,security/auth-server-starter/src/main/java/cloud/xcan/angus/security/authentication/password/OAuth2PasswordAuthenticationProvider.java,OAuth2PasswordAuthenticationProvider,authenticate,0,3,4,persistente,
4113039889,NPathComplexity,security/auth-server-starter/src/main/java/cloud/xcan/angus/security/authentication/password/OAuth2PasswordAuthenticationProvider.java,OAuth2PasswordAuthenticationProvider,authenticate,0,3,4,persistente,
4113039889,AvoidDeeplyNestedIfStmts,security/auth-server-starter/src/main/java/cloud/xcan/angus/security/authentication/password/OAuth2PasswordAuthenticationProvider.java,OAuth2PasswordAuthenticationProvider,authenticate,0,3,4,persistente,
4113039889,AvoidDeeplyNestedIfStmts,security/auth-server-starter/src/main/java/cloud/xcan/angus/security/authentication/password/OAuth2PasswordAuthenticationProvider.java,OAuth2PasswordAuthenticationProvider,authenticate,0,3,4,persistente,
4113039889,AvoidDeeplyNestedIfStmts,security/auth-server-starter/src/main/java/cloud/xcan/angus/security/authentication/password/OAuth2PasswordAuthenticationProvider.java,OAuth2PasswordAuthenticationProvider,getSessionInformation,0,3,4,persistente,
4113039889,CognitiveComplexity,security/auth-server-starter/src/main/java/cloud/xcan/angus/security/authentication/sms/SmsCodeAuthenticationProvider.java,SmsCodeAuthenticationProvider,authenticate,0,3,4,persistente,
4113039889,NPathComplexity,security/auth-server-starter/src/main/java/cloud/xcan/angus/security/authentication/sms/SmsCodeAuthenticationProvider.java,SmsCodeAuthenticationProvider,authenticate,0,3,4,persistente,
4113039889,AvoidDeeplyNestedIfStmts,security/auth-server-starter/src/main/java/cloud/xcan/angus/security/authentication/sms/SmsCodeAuthenticationProvider.java,SmsCodeAuthenticationProvider,authenticate,0,3,4,persistente,
4113039889,AvoidDeeplyNestedIfStmts,security/auth-server-starter/src/main/java/cloud/xcan/angus/security/authentication/sms/SmsCodeAuthenticationProvider.java,SmsCodeAuthenticationProvider,authenticate,0,3,4,persistente,
4113039889,AvoidDeeplyNestedIfStmts,security/auth-server-starter/src/main/java/cloud/xcan/angus/security/authentication/sms/SmsCodeAuthenticationProvider.java,SmsCodeAuthenticationProvider,getSessionInformation,0,3,4,persistente,
3902872473,CognitiveComplexity,backend/src/main/java/io/papermc/hangar/security/annotations/permission/PermissionRequiredVoter.java,PermissionRequiredVoter,vote,0,2,10,eliminado,entidad_eliminada
3902872473,SimplifyBooleanReturns,backend/src/main/java/io/papermc/hangar/security/annotations/permission/PermissionRequiredVoter.java,PermissionRequiredVoter,isAllowed,0,2,10,eliminado,entidad_eliminada
3902872473,CognitiveComplexity,backend/src/main/java/io/papermc/hangar/security/annotations/visibility/VisibilityRequiredVoter.java,VisibilityRequiredVoter,vote,0,2,10,eliminado,entidad_eliminada
3902872473,AvoidDeeplyNestedIfStmts,backend/src/main/java/io/papermc/hangar/security/annotations/visibility/VisibilityRequiredVoter.java,VisibilityRequiredVoter,vote,0,2,10,eliminado,entidad_eliminada
3902872473,AvoidDeeplyNestedIfStmts,backend/src/main/java/io/papermc/hangar/security/annotations/visibility/VisibilityRequiredVoter.java,VisibilityRequiredVoter,vote,0,2,10,eliminado,entidad_eliminada
3902872473,AvoidDeeplyNestedIfStmts,backend/src/main/java/io/papermc/hangar/security/annotations/visibility/VisibilityRequiredVoter.java,VisibilityRequiredVoter,vote,0,2,10,eliminado,entidad_eliminada
3902872473,AvoidDeeplyNestedIfStmts,backend/src/main/java/io/papermc/hangar/security/annotations/visibility/VisibilityRequiredVoter.java,VisibilityRequiredVoter,vote,0,2,10,eliminado,entidad_eliminada
3902872473,CognitiveComplexity,backend/src/main/java/io/papermc/hangar/security/authorization/PermissionRequiredAuthorizationManager.java,PermissionRequiredAuthorizationManager,checkPermission,1,9,10,introducido,
3902872473,SimplifyBooleanReturns,backend/src/main/java/io/papermc/hangar/security/authorization/PermissionRequiredAuthorizationManager.java,PermissionRequiredAuthorizationManager,isAllowed,1,9,10,introducido,
3902872473,CognitiveComplexity,backend/src/main/java/io/papermc/hangar/security/authorization/VisibilityRequiredAuthorizationManager.java,VisibilityRequiredAuthorizationManager,check,1,9,10,introducido,
3902872473,AvoidDeeplyNestedIfStmts,backend/src/main/java/io/papermc/hangar/security/authorization/VisibilityRequiredAuthorizationManager.java,VisibilityRequiredAuthorizationManager,check,1,9,10,introducido,
3902872473,AvoidDeeplyNestedIfStmts,backend/src/main/java/io/papermc/hangar/security/authorization/VisibilityRequiredAuthorizationManager.java,VisibilityRequiredAuthorizationManager,check,1,9,10,introducido,
3902872473,AvoidDeeplyNestedIfStmts,backend/src/main/java/io/papermc/hangar/security/authorization/VisibilityRequiredAuthorizationManager.java,VisibilityRequiredAuthorizationManager,check,1,3,10,transitorio,entidad_eliminada
3902872473,AvoidDeeplyNestedIfStmts,backend/src/main/java/io/papermc/hangar/security/authorization/VisibilityRequiredAuthorizationManager.java,VisibilityRequiredAuthorizationManager,check,1,3,10,transitorio,entidad_eliminada
3902872473,AvoidDeeplyNestedIfStmts,backend/src/main/java/io/papermc/hangar/security/annotations/visibility/VisibilityRequiredAuthorizationManager.java,VisibilityRequiredAuthorizationManager,check,4,9,10,introducido,
3902872473,AvoidDeeplyNestedIfStmts,backend/src/main/java/io/papermc/hangar/security/annotations/visibility/VisibilityRequiredAuthorizationManager.java,VisibilityRequiredAuthorizationManager,check,4,9,10,introducido,
3783599847,CognitiveComplexity,CodenameOne/src/com/codename1/charts/views/BarChart.java,BarChart,drawBar,0,6,7,persistente,
3783599847,AvoidReassigningParameters,CodenameOne/src/com/codename1/charts/views/BarChart.java,BarChart,drawBar,0,6,7,persistente,
3783599847,AvoidReassigningParameters,CodenameOne/src/com/codename1/charts/views/BarChart.java,BarChart,drawBar,0,6,7,persistente,
3783599847,AvoidReassigningParameters,CodenameOne/src/com/codename1/charts/views/BarChart.java,BarChart,drawBar,0,6,7,persistente,
3783599847,AvoidReassigningParameters,CodenameOne/src/com/codename1/charts/views/BarChart.java,BarChart,drawBar,0,6,7,persistente,
3783599847,AvoidDeeplyNestedIfStmts,CodenameOne/src/com/codename1/charts/views/BarChart.java,BarChart,drawBar,0,6,7,persistente,
3783599847,UnusedPrivateField,CodenameOne/src/com/codename1/components/InfiniteScrollAdapter.java,InfiniteScrollAdapter.EdgeMarker,,0,0,7,eliminado,diagnostico_desaparece
3783599847,UnusedPrivateField,CodenameOne/src/com/codename1/components/SplitPane.java,SplitPane.Settings,,0,0,7,eliminado,diagnostico_desaparece
3783599847,UnusedPrivateField,CodenameOne/src/com/codename1/components/SplitPane.java,SplitPane.Settings,,0,0,7,eliminado,diagnostico_desaparece
3783599847,UnusedPrivateField,CodenameOne/src/com/codename1/components/SplitPane.java,SplitPane.Settings,,0,0,7,eliminado,diagnostico_desaparece
3783599847,UnusedPrivateField,CodenameOne/src/com/codename1/components/SplitPane.java,SplitPane.Settings,,0,0,7,eliminado,diagnostico_desaparece
3783599847,UnusedPrivateField,CodenameOne/src/com/codename1/components/SplitPane.java,SplitPane.Settings,,0,0,7,eliminado,diagnostico_desaparece
3783599847,UnusedPrivateField,CodenameOne/src/com/codename1/components/SplitPane.java,SplitPane.Settings,,0,0,7,eliminado,diagnostico_desaparece
3783599847,CognitiveComplexity,CodenameOne/src/com/codename1/components/SplitPane.java,SplitPane.Divider,Divider,0,6,7,persistente,
3783599847,UnusedPrivateField,CodenameOne/src/com/codename1/components/ToastBar.java,ToastBar,,0,6,7,persistente,
3783599847,CognitiveComplexity,CodenameOne/src/com/codename1/components/ToastBar.java,ToastBar,updateStatus,0,6,7,persistente,
3783599847,NPathComplexity,CodenameOne/src/com/codename1/components/ToastBar.java,ToastBar,updateStatus,0,6,7,persistente,
3783599847,AvoidDeeplyNestedIfStmts,CodenameOne/src/com/codename1/components/ToastBar.java,ToastBar,updateStatus,0,6,7,persistente,
3783599847,AvoidDeeplyNestedIfStmts,CodenameOne/src/com/codename1/components/ToastBar.java,ToastBar,updateStatus,0,6,7,persistente,
3783599847,AvoidDeeplyNestedIfStmts,CodenameOne/src/com/codename1/components/ToastBar.java,ToastBar,updateStatus,0,6,7,persistente,
3783599847,AvoidDeeplyNestedIfStmts,CodenameOne/src/com/codename1/components/ToastBar.java,ToastBar,updateStatus,0,6,7,persistente,
3783599847,AvoidDeeplyNestedIfStmts,CodenameOne/src/com/codename1/components/ToastBar.java,ToastBar,updateStatus,0,6,7,persistente,
3783599847,AvoidDeeplyNestedIfStmts,CodenameOne/src/com/codename1/components/ToastBar.java,ToastBar,updateStatus,0,6,7,persistente,
3783599847,AvoidDeeplyNestedIfStmts,CodenameOne/src/com/codename1/components/ToastBar.java,ToastBar,updateStatus,0,6,7,persistente,
3783599847,AvoidDeeplyNestedIfStmts,CodenameOne/src/com/codename1/components/ToastBar.java,ToastBar,updateStatus,0,6,7,persistente,
3783599847,AvoidDeeplyNestedIfStmts,CodenameOne/src/com/codename1/components/ToastBar.java,ToastBar,updateStatus,0,6,7,persistente,
3783599847,CognitiveComplexity,CodenameOne/src/com/codename1/components/ToastBar.java,ToastBar,getToastBarComponent,0,6,7,persistente,
3783599847,NPathComplexity,CodenameOne/src/com/codename1/components/ToastBar.java,ToastBar,getToastBarComponent,0,6,7,persistente,
3783599847,AvoidDeeplyNestedIfStmts,CodenameOne/src/com/codename1/components/ToastBar.java,ToastBar,setVisible,0,6,7,persistente,
3783599847,UnusedPrivateField,CodenameOne/src/com/codename1/components/ToastBar.java,ToastBar.Status,,0,0,7,eliminado,diagnostico_desaparece
3783599847,UnusedPrivateField,CodenameOne/src/com/codename1/io/gzip/Deflate.java,Deflate,,0,6,7,persistente,
3783599847,UnusedPrivateField,CodenameOne/src/com/codename1/io/gzip/Deflate.java,Deflate,,0,6,7,persistente,
3783599847,UnusedPrivateField,CodenameOne/src/com/codename1/io/gzip/Deflate.java,Deflate,,0,6,7,persistente,
3783599847,UnusedPrivateField,CodenameOne/src/com/codename1/io/gzip/Deflate.java,Deflate,,0,6,7,persistente,
3783599847,UnusedPrivateField,CodenameOne/src/com/codename1/io/gzip/Deflate.java,Deflate,,0,6,7,persistente,
3783599847,AvoidReassigningParameters,CodenameOne/src/com/codename1/io/gzip/Deflate.java,Deflate,pqdownheap,0,6,7,persistente,
3783599847,CognitiveComplexity,CodenameOne/src/com/codename1/io/gzip/Deflate.java,Deflate,scan_tree,0,6,7,persistente,
3783599847,CognitiveComplexity,CodenameOne/src/com/codename1/io/gzip/Deflate.java,Deflate,send_tree,0,6,7,persistente,
3783599847,AvoidReassigningParameters,CodenameOne/src/com/codename1/io/gzip/Deflate.java,Deflate,_tr_tally,0,6,7,persistente,
3783599847,CognitiveComplexity,CodenameOne/src/com/codename1/io/gzip/Deflate.java,Deflate,compress_block,0,6,7,persistente,
3783599847,AvoidDeeplyNestedIfStmts,CodenameOne/src/com/codename1/io/gzip/Deflate.java,Deflate,compress_block,0,6,7,persistente,
3783599847,AvoidDeeplyNestedIfStmts,CodenameOne/src/com/codename1/io/gzip/Deflate.java,Deflate,compress_block,0,6,7,persistente,
3783599847,UnusedLocalVariable,CodenameOne/src/com/codename1/io/gzip/Deflate.java,Deflate,copy_block,0,6,7,persistente,
3783599847,CognitiveComplexity,CodenameOne/src/com/codename1/io/gzip/Deflate.java,Deflate,deflate_stored,0,6,7,persistente,
3783599847,CognitiveComplexity,CodenameOne/src/com/codename1/io/gzip/Deflate.java,Deflate,_tr_flush_block,0,6,7,persistente,
3783599847,CognitiveComplexity,CodenameOne/src/com/codename1/io/gzip/Deflate.java,Deflate,fill_window,0,6,7,persistente,
3783599847,CognitiveComplexity,CodenameOne/src/com/codename1/io/gzip/Deflate.java,Deflate,deflate_fast,0,6,7,persistente,
3783599847,NPathComplexity,CodenameOne/src/com/codename1/io/gzip/Deflate.java,Deflate,deflate_fast,0,6,7,persistente,
3783599847,CollapsibleIfStatements,CodenameOne/src/com/codename1/io/gzip/Deflate.java,Deflate,deflate_fast,0,6,7,persistente,
3783599847,CognitiveComplexity,CodenameOne/src/com/codename1/io/gzip/Deflate.java,Deflate,deflate_slow,0,6,7,persistente,
3783599847,NPathComplexity,CodenameOne/src/com/codename1/io/gzip/Deflate.java,Deflate,deflate_slow,0,6,7,persistente,
3783599847,AvoidDeeplyNestedIfStmts,CodenameOne/src/com/codename1/io/gzip/Deflate.java,Deflate,deflate_slow,0,6,7,persistente,
3783599847,CognitiveComplexity,CodenameOne/src/com/codename1/io/gzip/Deflate.java,Deflate,longest_match,0,6,7,persistente,
3783599847,NPathComplexity,CodenameOne/src/com/codename1/io/gzip/Deflate.java,Deflate,longest_match,0,6,7,persistente,
3783599847,AvoidReassigningParameters,CodenameOne/src/com/codename1/io/gzip/Deflate.java,Deflate,longest_match,0,6,7,persistente,
3783599847,AvoidReassigningParameters,CodenameOne/src/com/codename1/io/gzip/Deflate.java,Deflate,deflateInit,0,6,7,persistente,
3783599847,AvoidReassigningParameters,CodenameOne/src/com/codename1/io/gzip/Deflate.java,Deflate,deflateInit,0,6,7,persistente,
3783599847,AvoidReassigningParameters,CodenameOne/src/com/codename1/io/gzip/Deflate.java,Deflate,deflateParams,0,6,7,persistente,
3783599847,CognitiveComplexity,CodenameOne/src/com/codename1/io/gzip/Deflate.java,Deflate,deflate,0,6,7,persistente,
3783599847,NPathComplexity,CodenameOne/src/com/codename1/io/gzip/Deflate.java,Deflate,deflate,0,6,7,persistente,
3783599847,AvoidDeeplyNestedIfStmts,CodenameOne/src/com/codename1/io/gzip/Deflate.java,Deflate,deflate,0,6,7,persistente,
3783599847,AvoidDeeplyNestedIfStmts,CodenameOne/src/com/codename1/io/gzip/Deflate.java,Deflate,deflate,0,6,7,persistente,
3783599847,AvoidDeeplyNestedIfStmts,CodenameOne/src/com/codename1/io/gzip/Deflate.java,Deflate,deflate,0,6,7,persistente,
3783599847,AvoidDeeplyNestedIfStmts,CodenameOne/src/com/codename1/io/gzip/Deflate.java,Deflate,deflate,0,6,7,persistente,
3783599847,AvoidDeeplyNestedIfStmts,CodenameOne/src/com/codename1/io/gzip/Deflate.java,Deflate,deflate,0,6,7,persistente,
3783599847,AvoidDeeplyNestedIfStmts,CodenameOne/src/com/codename1/io/gzip/Deflate.java,Deflate,deflate,0,6,7,persistente,
3783599847,NPathComplexity,CodenameOne/src/com/codename1/io/gzip/GZIPHeader.java,GZIPHeader,put,0,6,7,persistente,
3783599847,UnusedPrivateField,CodenameOne/src/com/codename1/io/gzip/Inflate.java,Inflate,,0,6,7,persistente,
3783599847,UnusedPrivateField,CodenameOne/src/com/codename1/io/gzip/Inflate.java,Inflate,,0,6,7,persistente,
3783599847,UnusedPrivateField,CodenameOne/src/com/codename1/io/gzip/Inflate.java,Inflate,,0,6,7,persistente,
3783599847,UnusedPrivateField,CodenameOne/src/com/codename1/io/gzip/Inflate.java,Inflate,,0,6,7,persistente,
3783599847,UnusedPrivateField,CodenameOne/src/com/codename1/io/gzip/Inflate.java,Inflate,,0,6,7,persistente,
3783599847,UnusedPrivateField,CodenameOne/src/com/codename1/io/gzip/Inflate.java,Inflate,,0,6,7,persistente,
3783599847,AvoidReassigningParameters,CodenameOne/src/com/codename1/io/gzip/Inflate.java,Inflate,inflateInit,0,6,7,persistente,
3783599847,CognitiveComplexity,CodenameOne/src/com/codename1/io/gzip/Inflate.java,Inflate,inflate,0,6,7,persistente,
3783599847,NPathComplexity,CodenameOne/src/com/codename1/io/gzip/Inflate.java,Inflate,inflate,0,6,7,persistente,
3783599847,UnusedLocalVariable,CodenameOne/src/com/codename1/io/gzip/Inflate.java,Inflate,inflate,0,6,7,persistente,
3783599847,AvoidReassigningParameters,CodenameOne/src/com/codename1/io/gzip/Inflate.java,Inflate,inflate,0,6,7,persistente,
3783599847,AvoidDeeplyNestedIfStmts,CodenameOne/src/com/codename1/io/gzip/Inflate.java,Inflate,inflate,0,6,7,persistente,
3783599847,UnusedLocalVariable,CodenameOne/src/com/codename1/io/gzip/Inflate.java,Inflate,inflateSync,0,6,7,persistente,
3783599847,AvoidReassigningParameters,CodenameOne/src/com/codename1/io/gzip/Inflate.java,Inflate,readBytes,0,6,7,persistente,
3783599847,AvoidReassigningParameters,CodenameOne/src/com/codename1/io/gzip/Inflate.java,Inflate,readString,0,6,7,persistente,
3783599847,AvoidReassigningParameters,CodenameOne/src/com/codename1/io/gzip/Inflate.java,Inflate,readBytes,0,6,7,persistente,
3783599847,AvoidReassigningParameters,CodenameOne/src/com/codename1/io/gzip/Inflate.java,Inflate,checksum,0,6,7,persistente,
3783599847,UnusedPrivateField,CodenameOne/src/com/codename1/io/gzip/Inflater.java,Inflater,,0,6,7,persistente,
3783599847,UnusedPrivateField,CodenameOne/src/com/codename1/io/gzip/Inflater.java,Inflater,,0,6,7,persistente,
3783599847,UnusedPrivateField,CodenameOne/src/com/codename1/io/gzip/Inflater.java,Inflater,,0,6,7,persistente,
3783599847,UnusedPrivateField,CodenameOne/src/com/codename1/io/gzip/Inflater.java,Inflater,,0,6,7,persistente,
3783599847,UnusedPrivateField,CodenameOne/src/com/codename1/io/gzip/Inflater.java,Inflater,,0,6,7,persistente,
3783599847,UnusedPrivateField,CodenameOne/src/com/codename1/io/gzip/Inflater.java,Inflater,,0,6,7,persistente,
3783599847,UnusedPrivateField,CodenameOne/src/com/codename1/io/gzip/Inflater.java,Inflater,,0,6,7,persistente,
3783599847,UnusedPrivateField,CodenameOne/src/com/codename1/io/gzip/Inflater.java,Inflater,,0,6,7,persistente,
3783599847,UnusedPrivateField,CodenameOne/src/com/codename1/io/gzip/Inflater.java,Inflater,,0,6,7,persistente,
3783599847,UnusedPrivateField,CodenameOne/src/com/codename1/io/gzip/Inflater.java,Inflater,,0,6,7,persistente,
3783599847,UnusedPrivateField,CodenameOne/src/com/codename1/io/gzip/Inflater.java,Inflater,,0,6,7,persistente,
3783599847,UnusedPrivateField,CodenameOne/src/com/codename1/io/gzip/Inflater.java,Inflater,,0,6,7,persistente,
3783599847,UnusedPrivateField,CodenameOne/src/com/codename1/io/gzip/Inflater.java,Inflater,,0,0,7,eliminado,diagnostico_desaparece
3783599847,AvoidReassigningParameters,CodenameOne/src/com/codename1/io/gzip/Inflater.java,Inflater,init,0,6,7,persistente,
3783599847,CognitiveComplexity,CodenameOne/src/com/codename1/javascript/JavascriptContext.java,JavascriptContext,dispatchCallback,0,6,7,persistente,
3783599847,CognitiveComplexity,CodenameOne/src/com/codename1/javascript/JavascriptContext.java,JavascriptContext,run,0,6,7,persistente,
3783599847,CognitiveComplexity,CodenameOne/src/com/codename1/javascript/JavascriptContext.java,JavascriptContext,call,0,6,7,persistente,
3783599847,UnusedPrivateField,CodenameOne/src/com/codename1/maps/MapComponent.java,MapComponent,,0,0,7,eliminado,diagnostico_desaparece
3783599847,UnusedPrivateField,CodenameOne/src/com/codename1/maps/MapComponent.java,MapComponent,,0,0,7,eliminado,diagnostico_desaparece
3783599847,CognitiveComplexity,CodenameOne/src/com/codename1/maps/MapComponent.java,MapComponent,pointerDragged,0,6,7,persistente,
3783599847,AvoidDeeplyNestedIfStmts,CodenameOne/src/com/codename1/maps/MapComponent.java,MapComponent,pointerDragged,0,6,7,persistente,
3783599847,CognitiveComplexity,CodenameOne/src/com/codename1/maps/MapComponent.java,MapComponent,pointerReleased,0,6,7,persistente,
3783599847,AvoidDeeplyNestedIfStmts,CodenameOne/src/com/codename1/maps/MapComponent.java,MapComponent,pointerReleased,0,6,7,persistente,
3783599847,AvoidDeeplyNestedIfStmts,CodenameOne/src/com/codename1/maps/MapComponent.java,MapComponent,pointerReleased,0,6,7,persistente,
3783599847,AvoidReassigningParameters,CodenameOne/src/com/codename1/maps/MapComponent.java,MapComponent,pointerReleased,0,6,7,persistente,
3783599847,AvoidReassigningParameters,CodenameOne/src/com/codename1/maps/MapComponent.java,MapComponent,pointerReleased,0,6,7,persistente,
3783599847,AvoidReassigningParameters,CodenameOne/src/com/codename1/maps/MapComponent.java,MapComponent,getCoordFromPosition,0,6,7,persistente,
3783599847,AvoidReassigningParameters,CodenameOne/src/com/codename1/maps/MapComponent.java,MapComponent,getCoordFromPosition,0,6,7,persistente,
3783599847,AvoidReassigningParameters,CodenameOne/src/com/codename1/maps/MapComponent.java,MapComponent,getPointFromCoord,0,6,7,persistente,
3783599847,NPathComplexity,CodenameOne/src/com/codename1/maps/MapComponent.java,MapComponent,keyPressed,0,6,7,persistente,
3783599847,CognitiveComplexity,CodenameOne/src/com/codename1/ui/Container.java,Container,wrapInLayeredPane,0,6,7,persistente,
3783599847,CognitiveComplexity,CodenameOne/src/com/codename1/ui/Container.java,Container,setSurface,0,6,7,persistente,
3783599847,AvoidDeeplyNestedIfStmts,CodenameOne/src/com/codename1/ui/Container.java,Container,setSurface,0,6,7,persistente,
3783599847,AvoidDeeplyNestedIfStmts,CodenameOne/src/com/codename1/ui/Container.java,Container,setSurface,0,6,7,persistente,
3783599847,CollapsibleIfStatements,CodenameOne/src/com/codename1/ui/Container.java,Container,setSurface,0,6,7,persistente,
3783599847,AvoidDeeplyNestedIfStmts,CodenameOne/src/com/codename1/ui/Container.java,Container,setLeadComponent,0,6,7,persistente,
3783599847,AvoidDeeplyNestedIfStmts,CodenameOne/src/com/codename1/ui/Container.java,Container,updateState,0,6,7,persistente,
3783599847,AvoidReassigningParameters,CodenameOne/src/com/codename1/ui/Container.java,Container,insertComponentAtImpl,0,6,7,persistente,
3783599847,UnusedFormalParameter,CodenameOne/src/com/codename1/ui/Container.java,Container,replaceComponents,0,6,7,persistente,
3783599847,AvoidDeeplyNestedIfStmts,CodenameOne/src/com/codename1/ui/Container.java,Container,replaceComponents,0,6,7,persistente,
3783599847,AvoidReassigningParameters,CodenameOne/src/com/codename1/ui/Container.java,Container,isParentOf,0,6,7,persistente,
3783599847,CognitiveComplexity,CodenameOne/src/com/codename1/ui/Container.java,Container,replace,0,6,7,persistente,
3783599847,AvoidDeeplyNestedIfStmts,CodenameOne/src/com/codename1/ui/Container.java,Container,replace,0,6,7,persistente,
3783599847,AvoidDeeplyNestedIfStmts,CodenameOne/src/com/codename1/ui/Container.java,Container,replace,0,6,7,persistente,
3783599847,AvoidDeeplyNestedIfStmts,CodenameOne/src/com/codename1/ui/Container.java,Container,revalidateInternal,0,6,7,persistente,
3783599847,CognitiveComplexity,CodenameOne/src/com/codename1/ui/Container.java,Container,isObscuredByChildren,0,6,7,persistente,
3783599847,UnusedFormalParameter,CodenameOne/src/com/codename1/ui/Container.java,Container,calculateFirstPaintableOffset,0,6,7,persistente,
3783599847,UnusedFormalParameter,CodenameOne/src/com/codename1/ui/Container.java,Container,calculateFirstPaintableOffset,0,6,7,persistente,
3783599847,CollapsibleIfStatements,CodenameOne/src/com/codename1/ui/Container.java,Container,calculateFirstPaintableOffset,0,6,7,persistente,
3783599847,AvoidDeeplyNestedIfStmts,CodenameOne/src/com/codename1/ui/Container.java,Container,calculateFirstPaintableOffset,0,6,7,persistente,
3783599847,UnusedFormalParameter,CodenameOne/src/com/codename1/ui/Container.java,Container,calculateLastPaintableOffset,0,6,7,persistente,
3783599847,UnusedFormalParameter,CodenameOne/src/com/codename1/ui/Container.java,Container,calculateLastPaintableOffset,0,6,7,persistente,
3783599847,UnusedFormalParameter,CodenameOne/src/com/codename1/ui/Container.java,Container,calculateLastPaintableOffset,0,6,7,persistente,
3783599847,CollapsibleIfStatements,CodenameOne/src/com/codename1/ui/Container.java,Container,calculateLastPaintableOffset,0,6,7,persistente,
3783599847,AvoidReassigningParameters,CodenameOne/src/com/codename1/ui/Container.java,Container,calculateLastPaintableOffset,0,6,7,persistente,
3783599847,CognitiveComplexity,CodenameOne/src/com/codename1/ui/Container.java,Container,paintElevatedPane,0,6,7,persistente,
3783599847,NPathComplexity,CodenameOne/src/com/codename1/ui/Container.java,Container,paintElevatedPane,0,6,7,persistente,
3783599847,AvoidDeeplyNestedIfStmts,CodenameOne/src/com/codename1/ui/Container.java,Container,paintElevatedPane,0,6,7,persistente,
3783599847,AvoidDeeplyNestedIfStmts,CodenameOne/src/com/codename1/ui/Container.java,Container,paintElevatedPane,0,6,7,persistente,
3783599847,AvoidDeeplyNestedIfStmts,CodenameOne/src/com/codename1/ui/Container.java,Container,paintElevatedPane,0,6,7,persistente,
3783599847,CognitiveComplexity,CodenameOne/src/com/codename1/ui/Container.java,Container,markComponentsToBePaintedInElevatedPane,0,6,7,persistente,
3783599847,AvoidDeeplyNestedIfStmts,CodenameOne/src/com/codename1/ui/Container.java,Container,markComponentsToBePaintedInElevatedPane,0,6,7,persistente,
3783599847,CognitiveComplexity,CodenameOne/src/com/codename1/ui/Container.java,Container,paint,0,6,7,persistente,
3783599847,NPathComplexity,CodenameOne/src/com/codename1/ui/Container.java,Container,paint,0,6,7,persistente,
3783599847,SimplifyBooleanReturns,CodenameOne/src/com/codename1/ui/Container.java,Container,hasScrollableYParentInternal,0,6,7,persistente,
3783599847,SimplifyBooleanReturns,CodenameOne/src/com/codename1/ui/Container.java,Container,hasScrollableXParentInternal,0,6,7,persistente,
3783599847,CognitiveComplexity,CodenameOne/src/com/codename1/ui/Container.java,Container,snapToSafeAreaInternal,0,6,7,persistente,
3783599847,NPathComplexity,CodenameOne/src/com/codename1/ui/Container.java,Container,snapToSafeAreaInternal,0,6,7,persistente,
3783599847,CollapsibleIfStatements,CodenameOne/src/com/codename1/ui/Container.java,Container,snapToSafeAreaInternal,0,6,7,persistente,
3783599847,CollapsibleIfStatements,CodenameOne/src/com/codename1/ui/Container.java,Container,snapToSafeAreaInternal,0,6,7,persistente,
3783599847,CollapsibleIfStatements,CodenameOne/src/com/codename1/ui/Container.java,Container,snapToSafeAreaInternal,0,6,7,persistente,
3783599847,CollapsibleIfStatements,CodenameOne/src/com/codename1/ui/Container.java,Container,snapToSafeAreaInternal,0,6,7,persistente,
3783599847,CollapsibleIfStatements,CodenameOne/src/com/codename1/ui/Container.java,Container,snapToSafeAreaInternal,0,6,7,persistente,
3783599847,AvoidDeeplyNestedIfStmts,CodenameOne/src/com/codename1/ui/Container.java,Container,snapToSafeAreaInternal,0,6,7,persistente,
3783599847,AvoidDeeplyNestedIfStmts,CodenameOne/src/com/codename1/ui/Container.java,Container,snapToSafeAreaInternal,0,6,7,persistente,
3783599847,CollapsibleIfStatements,CodenameOne/src/com/codename1/ui/Container.java,Container,snapToSafeAreaInternal,0,6,7,persistente,
3783599847,AvoidDeeplyNestedIfStmts,CodenameOne/src/com/codename1/ui/Container.java,Container,snapToSafeAreaInternal,0,6,7,persistente,
3783599847,AvoidDeeplyNestedIfStmts,CodenameOne/src/com/codename1/ui/Container.java,Container,snapToSafeAreaInternal,0,6,7,persistente,
3783599847,CognitiveComplexity,CodenameOne/src/com/codename1/ui/Container.java,Container,doLayout,0,6,7,persistente,
3783599847,AvoidDeeplyNestedIfStmts,CodenameOne/src/com/codename1/ui/Container.java,Container,doLayout,0,6,7,persistente,
3783599847,AvoidReassigningParameters,CodenameOne/src/com/codename1/ui/Container.java,Container,contains,0,6,7,persistente,
3783599847,CognitiveComplexity,CodenameOne/src/com/codename1/ui/Container.java,Container,scrollComponentToVisible,0,6,7,persistente,
3783599847,CollapsibleIfStatements,CodenameOne/src/com/codename1/ui/Container.java,Container,scrollComponentToVisible,0,6,7,persistente,
3783599847,AvoidDeeplyNestedIfStmts,CodenameOne/src/com/codename1/ui/Container.java,Container,scrollComponentToVisible,0,6,7,persistente,
3783599847,CollapsibleIfStatements,CodenameOne/src/com/codename1/ui/Container.java,Container,scrollComponentToVisible,0,6,7,persistente,
3783599847,AvoidDeeplyNestedIfStmts,CodenameOne/src/com/codename1/ui/Container.java,Container,scrollComponentToVisible,0,6,7,persistente,
3783599847,AvoidDeeplyNestedIfStmts,CodenameOne/src/com/codename1/ui/Container.java,Container,scrollComponentToVisible,0,6,7,persistente,
3783599847,CognitiveComplexity,CodenameOne/src/com/codename1/ui/Container.java,Container,moveScrollTowards,0,6,7,persistente,
3783599847,NPathComplexity,CodenameOne/src/com/codename1/ui/Container.java,Container,moveScrollTowards,0,6,7,persistente,
3783599847,AvoidDeeplyNestedIfStmts,CodenameOne/src/com/codename1/ui/Container.java,Container,moveScrollTowards,0,6,7,persistente,
3783599847,AvoidReassigningParameters,CodenameOne/src/com/codename1/ui/Container.java,Container,distanceToComponent,0,6,7,persistente,
3783599847,AvoidReassigningParameters,CodenameOne/src/com/codename1/ui/Container.java,Container,distanceToComponent,0,6,7,persistente,
3783599847,CognitiveComplexity,CodenameOne/src/com/codename1/ui/Container.java,Container,getResponderAt,0,6,7,persistente,
3783599847,CognitiveComplexity,CodenameOne/src/com/codename1/ui/Container.java,Container,getComponentAt,0,6,7,persistente,
3783599847,NPathComplexity,CodenameOne/src/com/codename1/ui/Container.java,Container,getComponentAt,0,6,7,persistente,
3783599847,AvoidDeeplyNestedIfStmts,CodenameOne/src/com/codename1/ui/Container.java,Container,getComponentAt,0,6,7,persistente,
3783599847,CollapsibleIfStatements,CodenameOne/src/com/codename1/ui/Container.java,Container,getComponentAt,0,6,7,persistente,
3783599847,AvoidDeeplyNestedIfStmts,CodenameOne/src/com/codename1/ui/Container.java,Container,getComponentAt,0,6,7,persistente,
3783599847,AvoidDeeplyNestedIfStmts,CodenameOne/src/com/codename1/ui/Container.java,Container,getComponentAt,0,6,7,persistente,
3783599847,AvoidDeeplyNestedIfStmts,CodenameOne/src/com/codename1/ui/Container.java,Container,findDropTargetAt,0,6,7,persistente,
3783599847,NPathComplexity,CodenameOne/src/com/codename1/ui/Container.java,Container,calcPreferredSize,0,6,7,persistente,
3783599847,AvoidDeeplyNestedIfStmts,CodenameOne/src/com/codename1/ui/Container.java,Container,calcPreferredSize,0,6,7,persistente,
3783599847,CognitiveComplexity,CodenameOne/src/com/codename1/ui/Container.java,Container,findFirstFocusable,0,6,7,persistente,
3783599847,AvoidDeeplyNestedIfStmts,CodenameOne/src/com/codename1/ui/Container.java,Container,findFirstFocusable,0,6,7,persistente,
3783599847,AvoidDeeplyNestedIfStmts,CodenameOne/src/com/codename1/ui/Container.java,Container,drop,0,6,7,persistente,
3783599847,AvoidDeeplyNestedIfStmts,CodenameOne/src/com/codename1/ui/Container.java,Container,animateUnlayout,0,6,7,persistente,
3783599847,CognitiveComplexity,CodenameOne/src/com/codename1/ui/Container.java,Container,getChildrenAsList,0,6,7,persistente,
3783599847,AvoidDeeplyNestedIfStmts,CodenameOne/src/com/codename1/ui/Container.java,Container,getChildrenAsList,0,6,7,persistente,
3783599847,UnusedPrivateField,CodenameOne/src/com/codename1/ui/Container.java,Container.QueuedInsertion,,0,0,7,eliminado,diagnostico_desaparece
3783599847,AvoidDeeplyNestedIfStmts,CodenameOne/src/com/codename1/ui/Container.java,Container.TransitionAnimation,destroy,0,6,7,persistente,
3783599847,UnusedPrivateField,CodenameOne/src/com/codename1/ui/Container.java,Container.MorphAnimation,,0,6,7,persistente,
3783599847,CognitiveComplexity,CodenameOne/src/com/codename1/ui/Container.java,Container.MorphAnimation,updateState,0,6,7,persistente,
3783599847,UnusedPrivateField,CodenameOne/src/com/codename1/ui/Display.java,Display,,0,6,7,persistente,
3783599847,UnusedPrivateField,CodenameOne/src/com/codename1/ui/Display.java,Display,,0,0,7,eliminado,diagnostico_desaparece
3783599847,CognitiveComplexity,CodenameOne/src/com/codename1/ui/Display.java,Display,init,0,6,7,persistente,
3783599847,AvoidDeeplyNestedIfStmts,CodenameOne/src/com/codename1/ui/Display.java,Display,init,0,6,7,persistente,
3783599847,EmptyCatchBlock,CodenameOne/src/com/codename1/ui/Display.java,Display,callSeriallyAndWait,0,6,7,persistente,
3783599847,EmptyCatchBlock,CodenameOne/src/com/codename1/ui/Display.java,Display,callSeriallyAndWait,0,6,7,persistente,
3783599847,CognitiveComplexity,CodenameOne/src/com/codename1/ui/Display.java,Display,paintTransitionAnimation,0,6,7,persistente,
3783599847,AvoidDeeplyNestedIfStmts,CodenameOne/src/com/codename1/ui/Display.java,Display,paintTransitionAnimation,0,6,7,persistente,
3783599847,CognitiveComplexity,CodenameOne/src/com/codename1/ui/Display.java,Display,mainEDTLoop,0,6,7,persistente,
3783599847,NPathComplexity,CodenameOne/src/com/codename1/ui/Display.java,Display,mainEDTLoop,0,6,7,persistente,
3783599847,AvoidDeeplyNestedIfStmts,CodenameOne/src/com/codename1/ui/Display.java,Display,mainEDTLoop,0,6,7,persistente,
3783599847,CognitiveComplexity,CodenameOne/src/com/codename1/ui/Display.java,Display,edtLoopImpl,0,6,7,persistente,
3783599847,NPathComplexity,CodenameOne/src/com/codename1/ui/Display.java,Display,edtLoopImpl,0,6,7,persistente,
3783599847,AvoidDeeplyNestedIfStmts,CodenameOne/src/com/codename1/ui/Display.java,Display,edtLoopImpl,0,6,7,persistente,
3783599847,CognitiveComplexity,CodenameOne/src/com/codename1/ui/Display.java,Display,invokeAndBlock,0,6,7,persistente,
3783599847,EmptyCatchBlock,CodenameOne/src/com/codename1/ui/Display.java,Display,invokeAndBlock,0,6,7,persistente,
3783599847,CognitiveComplexity,CodenameOne/src/com/codename1/ui/Display.java,Display,setCurrent,0,6,7,persistente,
3783599847,NPathComplexity,CodenameOne/src/com/codename1/ui/Display.java,Display,setCurrent,0,6,7,persistente,
3783599847,AvoidDeeplyNestedIfStmts,CodenameOne/src/com/codename1/ui/Display.java,Display,setCurrent,0,6,7,persistente,
3783599847,CollapsibleIfStatements,CodenameOne/src/com/codename1/ui/Display.java,Display,setCurrent,0,6,7,persistente,
3783599847,AvoidDeeplyNestedIfStmts,CodenameOne/src/com/codename1/ui/Display.java,Display,setCurrent,0,6,7,persistente,
3783599847,CollapsibleIfStatements,CodenameOne/src/com/codename1/ui/Display.java,Display,setCurrent,0,6,7,persistente,
3783599847,AvoidDeeplyNestedIfStmts,CodenameOne/src/com/codename1/ui/Display.java,Display,setCurrent,0,6,7,persistente,
3783599847,CollapsibleIfStatements,CodenameOne/src/com/codename1/ui/Display.java,Display,setCurrent,0,6,7,persistente,
3783599847,AvoidReassigningParameters,CodenameOne/src/com/codename1/ui/Display.java,Display,initTransition,0,6,7,persistente,
3783599847,AvoidDeeplyNestedIfStmts,CodenameOne/src/com/codename1/ui/Display.java,Display,keyReleased,0,6,7,persistente,
3783599847,CollapsibleIfStatements,CodenameOne/src/com/codename1/ui/Display.java,Display,sizeChanged,0,6,7,persistente,
3783599847,AvoidReassigningParameters,CodenameOne/src/com/codename1/ui/Display.java,Display,readArrayStackArgument,0,6,7,persistente,
3783599847,CognitiveComplexity,CodenameOne/src/com/codename1/ui/Display.java,Display,handleEvent,0,6,7,persistente,
3783599847,AvoidReassigningParameters,CodenameOne/src/com/codename1/ui/Display.java,Display,handleEvent,0,6,7,persistente,
3783599847,CognitiveComplexity,CodenameOne/src/com/codename1/ui/Display.java,Display,getCurrentUpcomingForm,0,6,7,persistente,
3783599847,AvoidDeeplyNestedIfStmts,CodenameOne/src/com/codename1/ui/Display.java,Display,getCurrentUpcomingForm,0,6,7,persistente,
3783599847,CollapsibleIfStatements,CodenameOne/src/com/codename1/ui/Display.java,Display,getCurrentUpcomingForm,0,6,7,persistente,
3783599847,CognitiveComplexity,CodenameOne/src/com/codename1/ui/Display.java,Display,getCurrent,0,6,7,persistente,
3783599847,CollapsibleIfStatements,CodenameOne/src/com/codename1/ui/Display.java,Display,getCurrent,0,6,7,persistente,
3783599847,AvoidDeeplyNestedIfStmts,CodenameOne/src/com/codename1/ui/Display.java,Display,getCurrent,0,6,7,persistente,
3783599847,AvoidDeeplyNestedIfStmts,CodenameOne/src/com/codename1/ui/Display.java,Display,getCurrent,0,6,7,persistente,
3783599847,AvoidDeeplyNestedIfStmts,CodenameOne/src/com/codename1/ui/Display.java,Display.DebugRunnable,DebugRunnable,0,6,7,persistente,
3783599847,AvoidReassigningParameters,CodenameOne/src/com/codename1/ui/TextSelection.java,TextSelection,getScaledY,0,6,7,persistente,
3783599847,AvoidReassigningParameters,CodenameOne/src/com/codename1/ui/TextSelection.java,TextSelection,getScaledY,0,6,7,persistente,
3783599847,CognitiveComplexity,CodenameOne/src/com/codename1/ui/TextSelection.java,TextSelection,actionPerformed,0,6,7,persistente,
3783599847,AvoidDeeplyNestedIfStmts,CodenameOne/src/com/codename1/ui/TextSelection.java,TextSelection,actionPerformed,0,6,7,persistente,
3783599847,AvoidDeeplyNestedIfStmts,CodenameOne/src/com/codename1/ui/TextSelection.java,TextSelection,actionPerformed,0,6,7,persistente,
3783599847,AvoidDeeplyNestedIfStmts,CodenameOne/src/com/codename1/ui/TextSelection.java,TextSelection,actionPerformed,0,6,7,persistente,
3783599847,CollapsibleIfStatements,CodenameOne/src/com/codename1/ui/TextSelection.java,TextSelection,actionPerformed,0,6,7,persistente,
3783599847,AvoidDeeplyNestedIfStmts,CodenameOne/src/com/codename1/ui/TextSelection.java,TextSelection,actionPerformed,0,6,7,persistente,
3783599847,AvoidDeeplyNestedIfStmts,CodenameOne/src/com/codename1/ui/TextSelection.java,TextSelection,actionPerformed,0,6,7,persistente,
3783599847,AvoidDeeplyNestedIfStmts,CodenameOne/src/com/codename1/ui/TextSelection.java,TextSelection,actionPerformed,0,6,7,persistente,
3783599847,AvoidDeeplyNestedIfStmts,CodenameOne/src/com/codename1/ui/TextSelection.java,TextSelection,actionPerformed,0,6,7,persistente,
3783599847,CollapsibleIfStatements,CodenameOne/src/com/codename1/ui/TextSelection.java,TextSelection,actionPerformed,0,6,7,persistente,
3783599847,AvoidDeeplyNestedIfStmts,CodenameOne/src/com/codename1/ui/TextSelection.java,TextSelection,actionPerformed,0,6,7,persistente,
3783599847,AvoidDeeplyNestedIfStmts,CodenameOne/src/com/codename1/ui/TextSelection.java,TextSelection,actionPerformed,0,6,7,persistente,
3783599847,SimplifyBooleanReturns,CodenameOne/src/com/codename1/ui/TextSelection.java,TextSelection,isVerticallyCoveredByBounds,0,6,7,persistente,
3783599847,AvoidReassigningParameters,CodenameOne/src/com/codename1/ui/TextSelection.java,TextSelection.Span,getIntersection,0,6,7,persistente,
3783599847,AvoidReassigningParameters,CodenameOne/src/com/codename1/ui/TextSelection.java,TextSelection.Span,getIntersection,0,6,7,persistente,
3783599847,CollapsibleIfStatements,CodenameOne/src/com/codename1/ui/TextSelection.java,TextSelection.Spans,getText,0,6,7,persistente,
3783599847,AvoidDeeplyNestedIfStmts,CodenameOne/src/com/codename1/ui/TextSelection.java,TextSelection.Spans,getText,0,6,7,persistente,
3783599847,CognitiveComplexity,CodenameOne/src/com/codename1/ui/URLImage.java,URLImage,loadImageFromStorageURLToStorage,0,6,7,persistente,
3783599847,CognitiveComplexity,CodenameOne/src/com/codename1/ui/URLImage.java,URLImage,loadImageFromLocalUrl,0,6,7,persistente,
3783599847,CognitiveComplexity,CodenameOne/src/com/codename1/ui/URLImage.java,URLImage,run,0,6,7,persistente,
3783599847,CognitiveComplexity,CodenameOne/src/com/codename1/ui/URLImage.java,URLImage,fetch,0,6,7,persistente,
3783599847,AvoidDeeplyNestedIfStmts,CodenameOne/src/com/codename1/ui/URLImage.java,URLImage,fetch,0,6,7,persistente,
3783599847,AvoidDeeplyNestedIfStmts,CodenameOne/src/com/codename1/ui/URLImage.java,URLImage,fetch,0,6,7,persistente,
3783599847,AvoidDeeplyNestedIfStmts,CodenameOne/src/com/codename1/ui/URLImage.java,URLImage,fetch,0,6,7,persistente,
3783599847,AvoidDeeplyNestedIfStmts,CodenameOne/src/com/codename1/ui/URLImage.java,URLImage,fetch,0,6,7,persistente,
3783599847,AvoidDeeplyNestedIfStmts,CodenameOne/src/com/codename1/ui/URLImage.java,URLImage.ScaleToFill,adaptImage,0,6,7,persistente,
3783599847,CognitiveComplexity,CodenameOne/src/com/codename1/ui/URLImage.java,URLImage.CachedImage,CachedImage,0,6,7,persistente,
3783599847,CognitiveComplexity,CodenameOne/src/com/codename1/ui/URLImage.java,URLImage.CachedImage,onSucess,0,6,7,persistente,
3783599847,AvoidReassigningParameters,CodenameOne/src/com/codename1/ui/URLImage.java,URLImage.CachedImage,onSucess,0,6,7,persistente,
3783599847,AvoidDeeplyNestedIfStmts,CodenameOne/src/com/codename1/ui/URLImage.java,URLImage.CachedImage,onSucess,0,6,7,persistente,
3783599847,CognitiveComplexity,CodenameOne/src/com/codename1/ui/URLImage.java,URLImage.DownloadCompleted,actionPerformed,0,6,7,persistente,
3783599847,AvoidDeeplyNestedIfStmts,CodenameOne/src/com/codename1/ui/URLImage.java,URLImage.DownloadCompleted,actionPerformed,0,6,7,persistente,
3783599847,AvoidDeeplyNestedIfStmts,CodenameOne/src/com/codename1/ui/URLImage.java,URLImage.DownloadCompleted,actionPerformed,0,6,7,persistente,
3783599847,UnusedPrivateField,CodenameOne/src/com/codename1/ui/animations/CommonTransitions.java,CommonTransitions,,0,0,7,eliminado,diagnostico_desaparece
3783599847,CognitiveComplexity,CodenameOne/src/com/codename1/ui/animations/CommonTransitions.java,CommonTransitions,initTransition,0,6,7,persistente,
3783599847,NPathComplexity,CodenameOne/src/com/codename1/ui/animations/CommonTransitions.java,CommonTransitions,initTransition,0,6,7,persistente,
3783599847,AvoidDeeplyNestedIfStmts,CodenameOne/src/com/codename1/ui/animations/CommonTransitions.java,CommonTransitions,initTransition,0,6,7,persistente,
3783599847,AvoidDeeplyNestedIfStmts,CodenameOne/src/com/codename1/ui/animations/CommonTransitions.java,CommonTransitions,initTransition,0,6,7,persistente,
3783599847,AvoidDeeplyNestedIfStmts,CodenameOne/src/com/codename1/ui/animations/CommonTransitions.java,CommonTransitions,initTransition,0,6,7,persistente,
3783599847,AvoidDeeplyNestedIfStmts,CodenameOne/src/com/codename1/ui/animations/CommonTransitions.java,CommonTransitions,initTransition,0,6,7,persistente,
3783599847,AvoidDeeplyNestedIfStmts,CodenameOne/src/com/codename1/ui/animations/CommonTransitions.java,CommonTransitions,initTransition,0,6,7,persistente,
3783599847,AvoidDeeplyNestedIfStmts,CodenameOne/src/com/codename1/ui/animations/CommonTransitions.java,CommonTransitions,initTransition,0,6,7,persistente,
3783599847,AvoidDeeplyNestedIfStmts,CodenameOne/src/com/codename1/ui/animations/CommonTransitions.java,CommonTransitions,initTransition,0,6,7,persistente,
3783599847,CognitiveComplexity,CodenameOne/src/com/codename1/ui/animations/CommonTransitions.java,CommonTransitions,paint,0,6,7,persistente,
3783599847,CognitiveComplexity,CodenameOne/src/com/codename1/ui/animations/CommonTransitions.java,CommonTransitions,getComponentShiftMotion,0,6,7,persistente,
3783599847,AvoidDeeplyNestedIfStmts,CodenameOne/src/com/codename1/ui/animations/CommonTransitions.java,CommonTransitions,getComponentShiftMotion,0,6,7,persistente,
3783599847,AvoidDeeplyNestedIfStmts,CodenameOne/src/com/codename1/ui/animations/CommonTransitions.java,CommonTransitions,getComponentShiftMotion,0,6,7,persistente,
3783599847,CognitiveComplexity,CodenameOne/src/com/codename1/ui/animations/CommonTransitions.java,CommonTransitions,paintAlpha,0,6,7,persistente,
3783599847,CognitiveComplexity,CodenameOne/src/com/codename1/ui/animations/CommonTransitions.java,CommonTransitions,paintSlideAtPosition,0,6,7,persistente,
3783599847,AvoidReassigningParameters,CodenameOne/src/com/codename1/ui/animations/CommonTransitions.java,CommonTransitions,paintSlideAtPosition,0,6,7,persistente,
3783599847,AvoidReassigningParameters,CodenameOne/src/com/codename1/ui/animations/CommonTransitions.java,CommonTransitions,paintSlideAtPosition,0,6,7,persistente,
3783599847,CognitiveComplexity,CodenameOne/src/com/codename1/ui/animations/CommonTransitions.java,CommonTransitions,paintCoverAtPosition,0,6,7,persistente,
3783599847,AvoidReassigningParameters,CodenameOne/src/com/codename1/ui/animations/CommonTransitions.java,CommonTransitions,paintCoverAtPosition,0,6,7,persistente,
3783599847,AvoidReassigningParameters,CodenameOne/src/com/codename1/ui/animations/CommonTransitions.java,CommonTransitions,paintCoverAtPosition,0,6,7,persistente,
3783599847,UnusedFormalParameter,CodenameOne/src/com/codename1/ui/animations/CommonTransitions.java,CommonTransitions,getDialogTitleHeight,0,6,7,persistente,
3783599847,CognitiveComplexity,CodenameOne/src/com/codename1/ui/animations/CommonTransitions.java,CommonTransitions,paint,0,6,7,persistente,
3783599847,AvoidDeeplyNestedIfStmts,CodenameOne/src/com/codename1/ui/animations/CommonTransitions.java,CommonTransitions,paint,0,6,7,persistente,
3783599847,CognitiveComplexity,CodenameOne/src/com/codename1/ui/animations/CommonTransitions.java,CommonTransitions,copy,0,6,7,persistente,
3783599847,CognitiveComplexity,CodenameOne/src/com/codename1/ui/animations/MorphTransition.java,MorphTransition,animate,0,6,7,persistente,
3783599847,AvoidDeeplyNestedIfStmts,CodenameOne/src/com/codename1/ui/animations/MorphTransition.java,MorphTransition,animate,0,6,7,persistente,
3783599847,AvoidDeeplyNestedIfStmts,CodenameOne/src/com/codename1/ui/animations/MorphTransition.java,MorphTransition,animate,0,6,7,persistente,
3783599847,AvoidReassigningParameters,CodenameOne/src/com/codename1/ui/html/HTMLComponent.java,HTMLComponent,addFont,0,6,7,persistente,
3783599847,AvoidReassigningParameters,CodenameOne/src/com/codename1/ui/html/HTMLComponent.java,HTMLComponent,calcSize,0,6,7,persistente,
3783599847,AvoidReassigningParameters,CodenameOne/src/com/codename1/ui/html/HTMLComponent.java,HTMLComponent,setDefaultFont,0,6,7,persistente,
3783599847,CognitiveComplexity,CodenameOne/src/com/codename1/ui/html/HTMLComponent.java,HTMLComponent,scrollToElement,0,6,7,persistente,
3783599847,AvoidDeeplyNestedIfStmts,CodenameOne/src/com/codename1/ui/html/HTMLComponent.java,HTMLComponent,scrollToElement,0,6,7,persistente,
3783599847,AvoidReassigningParameters,CodenameOne/src/com/codename1/ui/html/HTMLComponent.java,HTMLComponent,scrollTo,0,6,7,persistente,
3783599847,AvoidReassigningParameters,CodenameOne/src/com/codename1/ui/html/HTMLComponent.java,HTMLComponent,getStream,0,6,7,persistente,
3783599847,CognitiveComplexity,CodenameOne/src/com/codename1/ui/html/HTMLComponent.java,HTMLComponent,streamReady,0,6,7,persistente,
3783599847,CognitiveComplexity,CodenameOne/src/com/codename1/ui/html/HTMLComponent.java,HTMLComponent,documentReady,0,6,7,persistente,
3783599847,AvoidDeeplyNestedIfStmts,CodenameOne/src/com/codename1/ui/html/HTMLComponent.java,HTMLComponent,run,0,6,7,persistente,
3783599847,CognitiveComplexity,CodenameOne/src/com/codename1/ui/html/HTMLComponent.java,HTMLComponent,displayPage,0,6,7,persistente,
3783599847,AvoidDeeplyNestedIfStmts,CodenameOne/src/com/codename1/ui/html/HTMLComponent.java,HTMLComponent,displayPage,0,6,7,persistente,
3783599847,AvoidDeeplyNestedIfStmts,CodenameOne/src/com/codename1/ui/html/HTMLComponent.java,HTMLComponent,setPageStatus,0,6,7,persistente,
3783599847,CognitiveComplexity,CodenameOne/src/com/codename1/ui/html/HTMLComponent.java,HTMLComponent,getClosestHTMLFont,0,6,7,persistente,
3783599847,NPathComplexity,CodenameOne/src/com/codename1/ui/html/HTMLComponent.java,HTMLComponent,getClosestHTMLFont,0,6,7,persistente,
3783599847,CollapsibleIfStatements,CodenameOne/src/com/codename1/ui/html/HTMLComponent.java,HTMLComponent,getClosestHTMLFont,0,6,7,persistente,
3783599847,AvoidDeeplyNestedIfStmts,CodenameOne/src/com/codename1/ui/html/HTMLComponent.java,HTMLComponent,getClosestHTMLFont,0,6,7,persistente,
3783599847,CollapsibleIfStatements,CodenameOne/src/com/codename1/ui/html/HTMLComponent.java,HTMLComponent,getClosestHTMLFont,0,6,7,persistente,
3783599847,CollapsibleIfStatements,CodenameOne/src/com/codename1/ui/html/HTMLComponent.java,HTMLComponent,getClosestHTMLFont,0,6,7,persistente,
3783599847,CognitiveComplexity,CodenameOne/src/com/codename1/ui/html/HTMLComponent.java,HTMLComponent,getCounterpartFontByAttribute,0,6,7,persistente,
3783599847,AvoidDeeplyNestedIfStmts,CodenameOne/src/com/codename1/ui/html/HTMLComponent.java,HTMLComponent,getCounterpartFontByAttribute,0,6,7,persistente,
3783599847,AvoidDeeplyNestedIfStmts,CodenameOne/src/com/codename1/ui/html/HTMLComponent.java,HTMLComponent,getCounterpartFontByAttribute,0,6,7,persistente,
3783599847,AvoidDeeplyNestedIfStmts,CodenameOne/src/com/codename1/ui/html/HTMLComponent.java,HTMLComponent,handleLinkTag,0,6,7,persistente,
3783599847,CognitiveComplexity,CodenameOne/src/com/codename1/ui/html/HTMLComponent.java,HTMLComponent,rebuildPage,0,6,7,persistente,
3783599847,NPathComplexity,CodenameOne/src/com/codename1/ui/html/HTMLComponent.java,HTMLComponent,rebuildPage,0,6,7,persistente,
3783599847,AvoidDeeplyNestedIfStmts,CodenameOne/src/com/codename1/ui/html/HTMLComponent.java,HTMLComponent,rebuildPage,0,6,7,persistente,
3783599847,AvoidDeeplyNestedIfStmts,CodenameOne/src/com/codename1/ui/html/HTMLComponent.java,HTMLComponent,rebuildPage,0,6,7,persistente,
3783599847,AvoidDeeplyNestedIfStmts,CodenameOne/src/com/codename1/ui/html/HTMLComponent.java,HTMLComponent,rebuildPage,0,6,7,persistente,
3783599847,AvoidDeeplyNestedIfStmts,CodenameOne/src/com/codename1/ui/html/HTMLComponent.java,HTMLComponent,rebuildPage,0,6,7,persistente,
3783599847,AvoidDeeplyNestedIfStmts,CodenameOne/src/com/codename1/ui/html/HTMLComponent.java,HTMLComponent,rebuildPage,0,6,7,persistente,
3783599847,AvoidDeeplyNestedIfStmts,CodenameOne/src/com/codename1/ui/html/HTMLComponent.java,HTMLComponent,rebuildPage,0,6,7,persistente,
3783599847,CognitiveComplexity,CodenameOne/src/com/codename1/ui/html/HTMLComponent.java,HTMLComponent,checkRedirect,0,6,7,persistente,
3783599847,AvoidDeeplyNestedIfStmts,CodenameOne/src/com/codename1/ui/html/HTMLComponent.java,HTMLComponent,checkRedirect,0,6,7,persistente,
3783599847,EmptyCatchBlock,CodenameOne/src/com/codename1/ui/html/HTMLComponent.java,HTMLComponent,checkRedirect,0,6,7,persistente,
3783599847,CognitiveComplexity,CodenameOne/src/com/codename1/ui/html/HTMLComponent.java,HTMLComponent,getWords,0,6,7,persistente,
3783599847,NPathComplexity,CodenameOne/src/com/codename1/ui/html/HTMLComponent.java,HTMLComponent,getWords,0,6,7,persistente,
3783599847,AvoidDeeplyNestedIfStmts,CodenameOne/src/com/codename1/ui/html/HTMLComponent.java,HTMLComponent,getWords,0,6,7,persistente,
3783599847,AvoidDeeplyNestedIfStmts,CodenameOne/src/com/codename1/ui/html/HTMLComponent.java,HTMLComponent,getWords,0,6,7,persistente,
3783599847,CognitiveComplexity,CodenameOne/src/com/codename1/ui/html/HTMLComponent.java,HTMLComponent,showTextFixedWidth,0,6,7,persistente,
3783599847,CognitiveComplexity,CodenameOne/src/com/codename1/ui/html/HTMLComponent.java,HTMLComponent,addString,0,6,7,persistente,
3783599847,NPathComplexity,CodenameOne/src/com/codename1/ui/html/HTMLComponent.java,HTMLComponent,addString,0,6,7,persistente,
3783599847,AvoidReassigningParameters,CodenameOne/src/com/codename1/ui/html/HTMLComponent.java,HTMLComponent,addString,0,6,7,persistente,
3783599847,AvoidDeeplyNestedIfStmts,CodenameOne/src/com/codename1/ui/html/HTMLComponent.java,HTMLComponent,addString,0,6,7,persistente,
3783599847,AvoidDeeplyNestedIfStmts,CodenameOne/src/com/codename1/ui/html/HTMLComponent.java,HTMLComponent,addString,0,6,7,persistente,
3783599847,CognitiveComplexity,CodenameOne/src/com/codename1/ui/html/HTMLComponent.java,HTMLComponent,handleImage,0,6,7,persistente,
3783599847,NPathComplexity,CodenameOne/src/com/codename1/ui/html/HTMLComponent.java,HTMLComponent,handleImage,0,6,7,persistente,
3783599847,AvoidDeeplyNestedIfStmts,CodenameOne/src/com/codename1/ui/html/HTMLComponent.java,HTMLComponent,handleImage,0,6,7,persistente,
3783599847,AvoidDeeplyNestedIfStmts,CodenameOne/src/com/codename1/ui/html/HTMLComponent.java,HTMLComponent,handleImage,0,6,7,persistente,
3783599847,AvoidDeeplyNestedIfStmts,CodenameOne/src/com/codename1/ui/html/HTMLComponent.java,HTMLComponent,handleImage,0,6,7,persistente,
3783599847,AvoidDeeplyNestedIfStmts,CodenameOne/src/com/codename1/ui/html/HTMLComponent.java,HTMLComponent,handleImage,0,6,7,persistente,
3783599847,AvoidDeeplyNestedIfStmts,CodenameOne/src/com/codename1/ui/html/HTMLComponent.java,HTMLComponent,handleImage,0,6,7,persistente,
3783599847,AvoidDeeplyNestedIfStmts,CodenameOne/src/com/codename1/ui/html/HTMLComponent.java,HTMLComponent,handleImage,0,6,7,persistente,
3783599847,AvoidDeeplyNestedIfStmts,CodenameOne/src/com/codename1/ui/html/HTMLComponent.java,HTMLComponent,handleImage,0,6,7,persistente,
3783599847,AvoidDeeplyNestedIfStmts,CodenameOne/src/com/codename1/ui/html/HTMLComponent.java,HTMLComponent,handleImage,0,6,7,persistente,
3783599847,AvoidDeeplyNestedIfStmts,CodenameOne/src/com/codename1/ui/html/HTMLComponent.java,HTMLComponent,handleImage,0,6,7,persistente,
3783599847,AvoidDeeplyNestedIfStmts,CodenameOne/src/com/codename1/ui/html/HTMLComponent.java,HTMLComponent,handleImage,0,6,7,persistente,
3783599847,CognitiveComplexity,CodenameOne/src/com/codename1/ui/html/HTMLComponent.java,HTMLComponent,handleImageMapArea,0,6,7,persistente,
3783599847,NPathComplexity,CodenameOne/src/com/codename1/ui/html/HTMLComponent.java,HTMLComponent,handleImageMapArea,0,6,7,persistente,
3783599847,AvoidDeeplyNestedIfStmts,CodenameOne/src/com/codename1/ui/html/HTMLComponent.java,HTMLComponent,handleImageMapArea,0,6,7,persistente,
3783599847,EmptyCatchBlock,CodenameOne/src/com/codename1/ui/html/HTMLComponent.java,HTMLComponent,handleImageMapArea,0,6,7,persistente,
3783599847,CognitiveComplexity,CodenameOne/src/com/codename1/ui/html/HTMLComponent.java,HTMLComponent,handleInput,0,6,7,persistente,
3783599847,NPathComplexity,CodenameOne/src/com/codename1/ui/html/HTMLComponent.java,HTMLComponent,handleInput,0,6,7,persistente,
3783599847,AvoidDeeplyNestedIfStmts,CodenameOne/src/com/codename1/ui/html/HTMLComponent.java,HTMLComponent,handleInput,0,6,7,persistente,
3783599847,CollapsibleIfStatements,CodenameOne/src/com/codename1/ui/html/HTMLComponent.java,HTMLComponent,handleInput,0,6,7,persistente,
3783599847,AvoidDeeplyNestedIfStmts,CodenameOne/src/com/codename1/ui/html/HTMLComponent.java,HTMLComponent,handleInput,0,6,7,persistente,
3783599847,AvoidDeeplyNestedIfStmts,CodenameOne/src/com/codename1/ui/html/HTMLComponent.java,HTMLComponent,handleInput,0,6,7,persistente,
3783599847,CognitiveComplexity,CodenameOne/src/com/codename1/ui/html/HTMLComponent.java,HTMLComponent,setInputFormat,0,6,7,persistente,
3783599847,AvoidDeeplyNestedIfStmts,CodenameOne/src/com/codename1/ui/html/HTMLComponent.java,HTMLComponent,setInputFormat,0,6,7,persistente,
3783599847,CognitiveComplexity,CodenameOne/src/com/codename1/ui/html/HTMLComponent.java,HTMLComponent,handleTableCell,0,6,7,persistente,
3783599847,NPathComplexity,CodenameOne/src/com/codename1/ui/html/HTMLComponent.java,HTMLComponent,handleTableCell,0,6,7,persistente,
3783599847,CognitiveComplexity,CodenameOne/src/com/codename1/ui/html/HTMLComponent.java,HTMLComponent,processTag,0,6,7,persistente,
3783599847,NPathComplexity,CodenameOne/src/com/codename1/ui/html/HTMLComponent.java,HTMLComponent,processTag,0,6,7,persistente,
3783599847,AvoidDeeplyNestedIfStmts,CodenameOne/src/com/codename1/ui/html/HTMLComponent.java,HTMLComponent,processTag,0,6,7,persistente,
3783599847,AvoidDeeplyNestedIfStmts,CodenameOne/src/com/codename1/ui/html/HTMLComponent.java,HTMLComponent,processTag,0,6,7,persistente,
3783599847,AvoidDeeplyNestedIfStmts,CodenameOne/src/com/codename1/ui/html/HTMLComponent.java,HTMLComponent,processTag,0,6,7,persistente,
3783599847,AvoidDeeplyNestedIfStmts,CodenameOne/src/com/codename1/ui/html/HTMLComponent.java,HTMLComponent,processTag,0,6,7,persistente,
3783599847,AvoidDeeplyNestedIfStmts,CodenameOne/src/com/codename1/ui/html/HTMLComponent.java,HTMLComponent,processTag,0,6,7,persistente,
3783599847,CollapsibleIfStatements,CodenameOne/src/com/codename1/ui/html/HTMLComponent.java,HTMLComponent,adjustAlignment,0,6,7,persistente,
3783599847,AvoidReassigningParameters,CodenameOne/src/com/codename1/ui/html/HTMLComponent.java,HTMLComponent,incCounter,0,6,7,persistente,
3783599847,EmptyCatchBlock,CodenameOne/src/com/codename1/ui/html/HTMLComponent.java,HTMLComponent,incCounter,0,6,7,persistente,
3783599847,UnusedPrivateField,CodenameOne/src/com/codename1/ui/html/HTMLComponent.java,HTMLComponent.HTMLListIndex,,0,6,7,persistente,
3783599847,AvoidReassigningParameters,CodenameOne/src/com/codename1/ui/html/HTMLComponent.java,HTMLComponent.HTMLListIndex,getLiteral,0,6,7,persistente,
3783599847,AvoidReassigningParameters,CodenameOne/src/com/codename1/ui/html/HTMLComponent.java,HTMLComponent.HTMLListIndex,getRomanIndexString,0,6,7,persistente,
3783599847,CognitiveComplexity,CodenameOne/src/com/codename1/ui/layouts/GridBagLayout.java,GridBagLayout.RelativeTranslator,translateHor,0,6,7,persistente,
3783599847,AvoidReassigningParameters,CodenameOne/src/com/codename1/ui/layouts/GridBagLayout.java,GridBagLayout.RelativeTranslator,translateHor,0,6,7,persistente,
3783599847,CognitiveComplexity,CodenameOne/src/com/codename1/ui/layouts/GridBagLayout.java,GridBagLayout.RelativeTranslator,recalculateRemainders,0,6,7,persistente,
3783599847,AvoidDeeplyNestedIfStmts,CodenameOne/src/com/codename1/ui/layouts/GridBagLayout.java,GridBagLayout.RelativeTranslator,recalculateRemainders,0,6,7,persistente,
3783599847,UnusedPrivateField,CodenameOne/src/com/codename1/ui/layouts/GridBagLayout.java,GridBagLayout.Grid.GridSide,,0,6,7,persistente,
3783599847,AvoidDeeplyNestedIfStmts,CodenameOne/src/com/codename1/ui/layouts/GridBagLayout.java,GridBagLayout.Grid.GridSide,fit2Client,0,6,7,persistente,
3783599847,UnusedPrivateField,CodenameOne/src/com/codename1/ui/layouts/mig/CodenameOneMiGComponentWrapper.java,CodenameOneMiGComponentWrapper,,0,6,7,persistente,
3783599847,UnusedPrivateField,CodenameOne/src/com/codename1/ui/layouts/mig/CodenameOneMiGComponentWrapper.java,CodenameOneMiGComponentWrapper,,0,0,7,eliminado,diagnostico_desaparece
3783599847,UnusedFormalParameter,CodenameOne/src/com/codename1/ui/layouts/mig/CodenameOneMiGComponentWrapper.java,CodenameOneMiGComponentWrapper,isMaxSet,0,6,7,persistente,
3783599847,UnusedFormalParameter,CodenameOne/src/com/codename1/ui/layouts/mig/CodenameOneMiGComponentWrapper.java,CodenameOneMiGComponentWrapper,checkType,0,6,7,persistente,
3783599847,SimplifyBooleanReturns,CodenameOne/src/com/codename1/ui/layouts/mig/CodenameOneMiGComponentWrapper.java,CodenameOneMiGComponentWrapper,equals,0,6,7,persistente,
3783599847,UnusedPrivateField,CodenameOne/src/com/codename1/ui/plaf/Style.java,Style,,0,6,7,persistente,
3783599847,UnusedPrivateField,CodenameOne/src/com/codename1/ui/plaf/Style.java,Style,,0,6,7,persistente,
3783599847,UnusedPrivateField,CodenameOne/src/com/codename1/ui/plaf/Style.java,Style,,0,6,7,persistente,
3783599847,UnusedPrivateField,CodenameOne/src/com/codename1/ui/plaf/Style.java,Style,,0,6,7,persistente,
3783599847,UnusedPrivateField,CodenameOne/src/com/codename1/ui/plaf/Style.java,Style,,0,6,7,persistente,
3783599847,CognitiveComplexity,CodenameOne/src/com/codename1/ui/plaf/Style.java,Style,merge,0,6,7,persistente,
3783599847,NPathComplexity,CodenameOne/src/com/codename1/ui/plaf/Style.java,Style,merge,0,6,7,persistente,
3783599847,CognitiveComplexity,CodenameOne/src/com/codename1/ui/plaf/Style.java,Style,set3DText,0,6,7,persistente,
3783599847,AvoidDeeplyNestedIfStmts,CodenameOne/src/com/codename1/ui/plaf/Style.java,Style,set3DText,0,6,7,persistente,
3783599847,AvoidDeeplyNestedIfStmts,CodenameOne/src/com/codename1/ui/plaf/Style.java,Style,set3DText,0,6,7,persistente,
3783599847,AvoidReassigningParameters,CodenameOne/src/com/codename1/ui/plaf/Style.java,Style,getPaddingFloatValue,0,6,7,persistente,
3783599847,AvoidReassigningParameters,CodenameOne/src/com/codename1/ui/plaf/Style.java,Style,getMarginFloatValue,0,6,7,persistente,
3783599847,CognitiveComplexity,CodenameOne/src/com/codename1/ui/plaf/Style.java,Style,setPaddingUnit,0,6,7,persistente,
3783599847,AvoidReassigningParameters,CodenameOne/src/com/codename1/ui/plaf/Style.java,Style,setPaddingUnit,0,6,7,persistente,
3783599847,AvoidDeeplyNestedIfStmts,CodenameOne/src/com/codename1/ui/plaf/Style.java,Style,setPaddingUnit,0,6,7,persistente,
3783599847,CognitiveComplexity,CodenameOne/src/com/codename1/ui/plaf/Style.java,Style,setMarginUnit,0,6,7,persistente,
3783599847,AvoidReassigningParameters,CodenameOne/src/com/codename1/ui/plaf/Style.java,Style,setMarginUnit,0,6,7,persistente,
3783599847,AvoidDeeplyNestedIfStmts,CodenameOne/src/com/codename1/ui/plaf/Style.java,Style,setMarginUnit,0,6,7,persistente,
3783599847,CognitiveComplexity,CodenameOne/src/com/codename1/ui/plaf/Style.java,Style,equals,0,6,7,persistente,
3783599847,SimplifyBooleanReturns,CodenameOne/src/com/codename1/ui/plaf/Style.java,Style,equals,0,6,7,persistente,
3523327685,CognitiveComplexity,src/main/java/dk/tbsalling/aismessages/nmea/NMEAMessageHandler.java,NMEAMessageHandler,accept,0,2,6,eliminado,diagnostico_desaparece
3523327685,AvoidDeeplyNestedIfStmts,src/main/java/dk/tbsalling/aismessages/nmea/NMEAMessageHandler.java,NMEAMessageHandler,accept,0,2,6,eliminado,diagnostico_desaparece
3523327685,NPathComplexity,src/main/java/dk/tbsalling/aismessages/nmea/messages/NMEAMessage.java,NMEAMessage,NMEAMessage,0,5,6,persistente,
3523327685,SimplifyBooleanReturns,src/main/java/dk/tbsalling/aismessages/nmea/messages/NMEAMessage.java,NMEAMessage,isValid,1,1,6,transitorio,diagnostico_desaparece
3523327685,CognitiveComplexity,src/main/java/dk/tbsalling/aismessages/nmea/NMEAMessageHandler.java,NMEAMessageHandler,acceptInternal,3,5,6,introducido,
3523327685,AvoidDeeplyNestedIfStmts,src/main/java/dk/tbsalling/aismessages/nmea/NMEAMessageHandler.java,NMEAMessageHandler,acceptInternal,3,5,6,introducido,
3526768331,AvoidDeeplyNestedIfStmts,CodenameOne/src/com/codename1/components/ScaleImageLabel.java,ScaleImageLabel,getPreferredH,0,0,3,eliminado,diagnostico_desaparece
3526768331,CollapsibleIfStatements,CodenameOne/src/com/codename1/components/ScaleImageLabel.java,ScaleImageLabel,getPreferredH,0,0,3,eliminado,diagnostico_desaparece
3526768331,AvoidDeeplyNestedIfStmts,CodenameOne/src/com/codename1/components/ScaleImageLabel.java,ScaleImageLabel,getPreferredW,0,0,3,eliminado,diagnostico_desaparece
3526768331,CollapsibleIfStatements,CodenameOne/src/com/codename1/components/ScaleImageLabel.java,ScaleImageLabel,getPreferredW,0,0,3,eliminado,diagnostico_desaparece
3526768331,CognitiveComplexity,CodenameOne/src/com/codename1/components/SliderBridge.java,SliderBridge,bindProgress,0,2,3,persistente,
3526768331,CollapsibleIfStatements,CodenameOne/src/com/codename1/components/SliderBridge.java,SliderBridge,actionPerformed,0,0,3,eliminado,diagnostico_desaparece
3526768331,UnusedPrivateField,CodenameOne/src/com/codename1/components/SplitPane.java,SplitPane.Settings,,0,2,3,persistente,
3526768331,UnusedPrivateField,CodenameOne/src/com/codename1/components/SplitPane.java,SplitPane.Settings,,0,2,3,persistente,
3526768331,UnusedPrivateField,CodenameOne/src/com/codename1/components/SplitPane.java,SplitPane.Settings,,0,2,3,persistente,
3526768331,UnusedPrivateField,CodenameOne/src/com/codename1/components/SplitPane.java,SplitPane.Settings,,0,2,3,persistente,
3526768331,UnusedPrivateField,CodenameOne/src/com/codename1/components/SplitPane.java,SplitPane.Settings,,0,2,3,persistente,
3526768331,UnusedPrivateField,CodenameOne/src/com/codename1/components/SplitPane.java,SplitPane.Settings,,0,2,3,persistente,
3526768331,CognitiveComplexity,CodenameOne/src/com/codename1/components/SplitPane.java,SplitPane.Divider,Divider,0,2,3,persistente,
3526768331,AvoidReassigningParameters,CodenameOne/src/com/codename1/components/Switch.java,Switch,createRoundRectTrackImage,0,2,3,persistente,
3526768331,AvoidReassigningParameters,CodenameOne/src/com/codename1/components/Switch.java,Switch,createRoundRectTrackImage,0,2,3,persistente,
3526768331,AvoidReassigningParameters,CodenameOne/src/com/codename1/components/Switch.java,Switch,createRoundRectTrackImage,0,2,3,persistente,
3526768331,CognitiveComplexity,CodenameOne/src/com/codename1/components/Switch.java,Switch,paint,0,2,3,persistente,
3526768331,NPathComplexity,CodenameOne/src/com/codename1/components/Switch.java,Switch,paint,0,2,3,persistente,
3526768331,AvoidDeeplyNestedIfStmts,CodenameOne/src/com/codename1/components/Switch.java,Switch,paint,0,2,3,persistente,
3526768331,AvoidDeeplyNestedIfStmts,CodenameOne/src/com/codename1/components/Switch.java,Switch,paint,0,2,3,persistente,
3526768331,AvoidDeeplyNestedIfStmts,CodenameOne/src/com/codename1/components/Switch.java,Switch,paint,0,2,3,persistente,
3526768331,AvoidDeeplyNestedIfStmts,CodenameOne/src/com/codename1/components/Switch.java,Switch,paint,0,2,3,persistente,
3526768331,CognitiveComplexity,CodenameOne/src/com/codename1/components/Switch.java,Switch,actionPerformed,0,2,3,persistente,
3526768331,AvoidDeeplyNestedIfStmts,CodenameOne/src/com/codename1/components/Switch.java,Switch,actionPerformed,0,2,3,persistente,
3526768331,AvoidDeeplyNestedIfStmts,CodenameOne/src/com/codename1/components/Switch.java,Switch,actionPerformed,0,2,3,persistente,
3526768331,AvoidDeeplyNestedIfStmts,CodenameOne/src/com/codename1/components/Switch.java,Switch,actionPerformed,0,2,3,persistente,
3526768331,AvoidDeeplyNestedIfStmts,CodenameOne/src/com/codename1/components/Switch.java,Switch,actionPerformed,0,2,3,persistente,
3526768331,AvoidDeeplyNestedIfStmts,CodenameOne/src/com/codename1/components/Switch.java,Switch,actionPerformed,0,2,3,persistente,
3526768331,AvoidDeeplyNestedIfStmts,CodenameOne/src/com/codename1/components/Switch.java,Switch,actionPerformed,0,2,3,persistente,
3526768331,AvoidDeeplyNestedIfStmts,CodenameOne/src/com/codename1/components/Switch.java,Switch,animate,0,2,3,persistente,
3526768331,UnusedPrivateField,CodenameOne/src/com/codename1/components/ToastBar.java,ToastBar.Status,,0,2,3,persistente,
3526768331,CognitiveComplexity,CodenameOne/src/com/codename1/components/ToastBar.java,ToastBar,updateStatus,0,2,3,persistente,
3526768331,NPathComplexity,CodenameOne/src/com/codename1/components/ToastBar.java,ToastBar,updateStatus,0,2,3,persistente,
3526768331,AvoidDeeplyNestedIfStmts,CodenameOne/src/com/codename1/components/ToastBar.java,ToastBar,updateStatus,0,2,3,persistente,
3526768331,AvoidDeeplyNestedIfStmts,CodenameOne/src/com/codename1/components/ToastBar.java,ToastBar,updateStatus,0,2,3,persistente,
3526768331,AvoidDeeplyNestedIfStmts,CodenameOne/src/com/codename1/components/ToastBar.java,ToastBar,updateStatus,0,2,3,persistente,
3526768331,AvoidDeeplyNestedIfStmts,CodenameOne/src/com/codename1/components/ToastBar.java,ToastBar,updateStatus,0,2,3,persistente,
3526768331,AvoidDeeplyNestedIfStmts,CodenameOne/src/com/codename1/components/ToastBar.java,ToastBar,updateStatus,0,2,3,persistente,
3526768331,AvoidDeeplyNestedIfStmts,CodenameOne/src/com/codename1/components/ToastBar.java,ToastBar,updateStatus,0,2,3,persistente,
3526768331,AvoidDeeplyNestedIfStmts,CodenameOne/src/com/codename1/components/ToastBar.java,ToastBar,updateStatus,0,2,3,persistente,
3526768331,AvoidDeeplyNestedIfStmts,CodenameOne/src/com/codename1/components/ToastBar.java,ToastBar,updateStatus,0,2,3,persistente,
3526768331,AvoidDeeplyNestedIfStmts,CodenameOne/src/com/codename1/components/ToastBar.java,ToastBar,updateStatus,0,2,3,persistente,
3526768331,CognitiveComplexity,CodenameOne/src/com/codename1/components/ToastBar.java,ToastBar,getToastBarComponent,0,2,3,persistente,
3526768331,AvoidDeeplyNestedIfStmts,CodenameOne/src/com/codename1/components/ToastBar.java,ToastBar,getToastBarComponent,0,0,3,eliminado,diagnostico_desaparece
3526768331,AvoidDeeplyNestedIfStmts,CodenameOne/src/com/codename1/components/ToastBar.java,ToastBar,getToastBarComponent,0,0,3,eliminado,diagnostico_desaparece
3526768331,AvoidDeeplyNestedIfStmts,CodenameOne/src/com/codename1/components/ToastBar.java,ToastBar,getToastBarComponent,0,0,3,eliminado,diagnostico_desaparece
3526768331,CollapsibleIfStatements,CodenameOne/src/com/codename1/components/ToastBar.java,ToastBar,getToastBarComponent,0,0,3,eliminado,diagnostico_desaparece
3526768331,AvoidDeeplyNestedIfStmts,CodenameOne/src/com/codename1/components/ToastBar.java,ToastBar,setVisible,0,2,3,persistente,
3526768331,UnusedPrivateField,CodenameOne/src/com/codename1/components/ToastBar.java,ToastBar,,0,2,3,persistente,
3526768331,CognitiveComplexity,CodenameOne/src/com/codename1/components/WebBrowser.java,WebBrowser,WebBrowser,0,2,3,persistente,
3526768331,CognitiveComplexity,CodenameOne/src/com/codename1/components/WebBrowser.java,WebBrowser,createConnectionRequest,0,2,3,persistente,
3526768331,CollapsibleIfStatements,CodenameOne/src/com/codename1/components/WebBrowser.java,WebBrowser,buildRequestBody,0,0,3,eliminado,diagnostico_desaparece
3526768331,AvoidDeeplyNestedIfStmts,CodenameOne/src/com/codename1/components/WebBrowser.java,WebBrowser,buildRequestBody,0,0,3,eliminado,diagnostico_desaparece
3526768331,SimplifyBooleanReturns,CodenameOne/src/com/codename1/components/WebBrowser.java,WebBrowser,onRedirect,0,2,3,persistente,
3526768331,CognitiveComplexity,CodenameOne/src/com/codename1/components/WebBrowser.java,WebBrowser,pageStatusChanged,0,2,3,persistente,
3526768331,AvoidDeeplyNestedIfStmts,CodenameOne/src/com/codename1/components/WebBrowser.java,WebBrowser,pageStatusChanged,0,2,3,persistente,
3526768331,CollapsibleIfStatements,CodenameOne/src/com/codename1/db/Database.java,Database,validateDatabaseNameArgument,0,0,3,eliminado,diagnostico_desaparece
3526768331,CognitiveComplexity,CodenameOne/src/com/codename1/facebook/FaceBookAccess.java,FaceBookAccess,getAlbumPhotos,0,0,3,eliminado,diagnostico_desaparece
3526768331,NPathComplexity,CodenameOne/src/com/codename1/facebook/FaceBookAccess.java,FaceBookAccess,postOnWall,0,2,3,persistente,
3526768331,UnusedPrivateField,CodenameOne/src/com/codename1/facebook/FacebookRESTService.java,FacebookRESTService,,0,0,3,eliminado,diagnostico_desaparece
3526768331,AvoidReassigningParameters,CodenameOne/src/com/codename1/facebook/FacebookRESTService.java,FacebookRESTService,setQuery,0,2,3,persistente,
3526768331,CognitiveComplexity,CodenameOne/src/com/codename1/facebook/FacebookRESTService.java,FacebookRESTService,startBlock,0,2,3,persistente,
3526768331,AvoidDeeplyNestedIfStmts,CodenameOne/src/com/codename1/facebook/FacebookRESTService.java,FacebookRESTService,addElement,0,2,3,persistente,
3526768331,AvoidDeeplyNestedIfStmts,CodenameOne/src/com/codename1/facebook/FacebookRESTService.java,FacebookRESTService,addElement,0,2,3,persistente,
3526768331,AvoidReassigningParameters,CodenameOne/src/com/codename1/facebook/FacebookRESTService.java,FacebookRESTService,keyValue,0,2,3,persistente,
3526768331,UnusedPrivateField,CodenameOne/src/com/codename1/facebook/Post.java,Post,,0,0,3,eliminado,diagnostico_desaparece
3526768331,UnusedPrivateField,CodenameOne/src/com/codename1/impl/CodenameOneImplementation.java,CodenameOneImplementation,,0,0,3,eliminado,diagnostico_desaparece
3526768331,AvoidDeeplyNestedIfStmts,CodenameOne/src/com/codename1/impl/CodenameOneImplementation.java,CodenameOneImplementation,paintDirty,0,2,3,persistente,
3526768331,AvoidReassigningParameters,CodenameOne/src/com/codename1/impl/CodenameOneImplementation.java,CodenameOneImplementation,drawRect,0,2,3,persistente,
3526768331,AvoidReassigningParameters,CodenameOne/src/com/codename1/impl/CodenameOneImplementation.java,CodenameOneImplementation,drawRect,0,2,3,persistente,
3526768331,ExcessiveParameterList,CodenameOne/src/com/codename1/impl/CodenameOneImplementation.java,CodenameOneImplementation,drawShadow,0,2,3,persistente,
3526768331,CognitiveComplexity,CodenameOne/src/com/codename1/impl/CodenameOneImplementation.java,CodenameOneImplementation,tileImage,0,2,3,persistente,
3526768331,EmptyCatchBlock,CodenameOne/src/com/codename1/impl/CodenameOneImplementation.java,CodenameOneImplementation,pointerDragged,0,0,3,eliminado,diagnostico_desaparece
3526768331,CognitiveComplexity,CodenameOne/src/com/codename1/impl/CodenameOneImplementation.java,CodenameOneImplementation,findCachedGradient,0,2,3,persistente,
3526768331,ExcessiveParameterList,CodenameOne/src/com/codename1/impl/CodenameOneImplementation.java,CodenameOneImplementation,findCachedGradient,0,2,3,persistente,
3526768331,AvoidDeeplyNestedIfStmts,CodenameOne/src/com/codename1/impl/CodenameOneImplementation.java,CodenameOneImplementation,findCachedGradient,0,0,3,eliminado,diagnostico_desaparece
3526768331,CollapsibleIfStatements,CodenameOne/src/com/codename1/impl/CodenameOneImplementation.java,CodenameOneImplementation,findCachedGradient,0,0,3,eliminado,diagnostico_desaparece
3526768331,ExcessiveParameterList,CodenameOne/src/com/codename1/impl/CodenameOneImplementation.java,CodenameOneImplementation,storeCachedGradient,0,2,3,persistente,
3526768331,ExcessiveParameterList,CodenameOne/src/com/codename1/impl/CodenameOneImplementation.java,CodenameOneImplementation,fillRectRadialGradient,0,2,3,persistente,
3526768331,AvoidDeeplyNestedIfStmts,CodenameOne/src/com/codename1/impl/CodenameOneImplementation.java,CodenameOneImplementation,fillRectRadialGradient,0,2,3,persistente,
3526768331,AvoidReassigningParameters,CodenameOne/src/com/codename1/impl/CodenameOneImplementation.java,CodenameOneImplementation,fillRadialGradientImpl,0,2,3,persistente,
3526768331,AvoidReassigningParameters,CodenameOne/src/com/codename1/impl/CodenameOneImplementation.java,CodenameOneImplementation,fillRadialGradientImpl,0,2,3,persistente,
3526768331,AvoidReassigningParameters,CodenameOne/src/com/codename1/impl/CodenameOneImplementation.java,CodenameOneImplementation,fillRadialGradientImpl,0,2,3,persistente,
3526768331,AvoidReassigningParameters,CodenameOne/src/com/codename1/impl/CodenameOneImplementation.java,CodenameOneImplementation,fillRadialGradientImpl,0,2,3,persistente,
3526768331,AvoidDeeplyNestedIfStmts,CodenameOne/src/com/codename1/impl/CodenameOneImplementation.java,CodenameOneImplementation,fillLinearGradient,0,2,3,persistente,
3526768331,CognitiveComplexity,CodenameOne/src/com/codename1/impl/CodenameOneImplementation.java,CodenameOneImplementation,fillPolygon,0,2,3,persistente,
3526768331,NPathComplexity,CodenameOne/src/com/codename1/impl/CodenameOneImplementation.java,CodenameOneImplementation,fillPolygon,0,2,3,persistente,
3526768331,AvoidReassigningParameters,CodenameOne/src/com/codename1/impl/CodenameOneImplementation.java,CodenameOneImplementation,getDragSpeed,0,2,3,persistente,
3526768331,CollapsibleIfStatements,CodenameOne/src/com/codename1/impl/CodenameOneImplementation.java,CodenameOneImplementation,convertBidiLogicalToVisual,0,0,3,eliminado,diagnostico_desaparece
3526768331,CognitiveComplexity,CodenameOne/src/com/codename1/impl/CodenameOneImplementation.java,CodenameOneImplementation,swapBidiChars,0,2,3,persistente,
3526768331,AvoidDeeplyNestedIfStmts,CodenameOne/src/com/codename1/impl/CodenameOneImplementation.java,CodenameOneImplementation,swapBidiChars,0,2,3,persistente,
3526768331,AvoidReassigningParameters,CodenameOne/src/com/codename1/impl/CodenameOneImplementation.java,CodenameOneImplementation,swapBidiChars,0,2,3,persistente,
3526768331,AvoidReassigningParameters,CodenameOne/src/com/codename1/impl/CodenameOneImplementation.java,CodenameOneImplementation,getDisplaySafeArea,0,2,3,persistente,
3526768331,SimplifyBooleanReturns,CodenameOne/src/com/codename1/impl/CodenameOneImplementation.java,CodenameOneImplementation,playUserSound,0,2,3,persistente,
3526768331,AvoidReassigningParameters,CodenameOne/src/com/codename1/impl/CodenameOneImplementation.java,CodenameOneImplementation,createBackgroundMedia,0,2,3,persistente,
3526768331,CognitiveComplexity,CodenameOne/src/com/codename1/impl/CodenameOneImplementation.java,CodenameOneImplementation,getCookiesForURL,0,2,3,persistente,
3526768331,NPathComplexity,CodenameOne/src/com/codename1/impl/CodenameOneImplementation.java,CodenameOneImplementation,getCookiesForURL,0,2,3,persistente,
3526768331,AvoidDeeplyNestedIfStmts,CodenameOne/src/com/codename1/impl/CodenameOneImplementation.java,CodenameOneImplementation,getCookiesForURL,0,2,3,persistente,
3526768331,AvoidReassigningParameters,CodenameOne/src/com/codename1/impl/CodenameOneImplementation.java,CodenameOneImplementation,getRootType,0,2,3,persistente,
3526768331,CognitiveComplexity,CodenameOne/src/com/codename1/impl/CodenameOneImplementation.java,CodenameOneImplementation,captureAudio,0,2,3,persistente,
3526768331,CognitiveComplexity,CodenameOne/src/com/codename1/impl/CodenameOneImplementation.java,CodenameOneImplementation,openGallery,0,2,3,persistente,
3526768331,ExcessiveParameterList,CodenameOne/src/com/codename1/impl/CodenameOneImplementation.java,CodenameOneImplementation,setTransformCamera,0,2,3,persistente,
3526768331,CollapsibleIfStatements,CodenameOne/src/com/codename1/impl/CodenameOneImplementation.java,CodenameOneImplementation,setCommandBehavior,0,0,3,eliminado,diagnostico_desaparece
3526768331,AvoidReassigningParameters,CodenameOne/src/com/codename1/impl/CodenameOneImplementation.java,CodenameOneImplementation,setCommandBehavior,0,2,3,persistente,
3526768331,CognitiveComplexity,CodenameOne/src/com/codename1/impl/CodenameOneImplementation.java,CodenameOneImplementation,installTar,0,2,3,persistente,
3526768331,AvoidDeeplyNestedIfStmts,CodenameOne/src/com/codename1/impl/CodenameOneImplementation.java,CodenameOneImplementation,installTar,0,2,3,persistente,
3526768331,CognitiveComplexity,CodenameOne/src/com/codename1/impl/CodenameOneImplementation.java,CodenameOneImplementation,paintComponentBackground,0,2,3,persistente,
3526768331,AvoidDeeplyNestedIfStmts,CodenameOne/src/com/codename1/impl/CodenameOneImplementation.java,CodenameOneImplementation,paintComponentBackground,0,2,3,persistente,
3526768331,AvoidDeeplyNestedIfStmts,CodenameOne/src/com/codename1/impl/CodenameOneImplementation.java,CodenameOneImplementation,paintComponentBackground,0,2,3,persistente,
3526768331,AvoidDeeplyNestedIfStmts,CodenameOne/src/com/codename1/impl/CodenameOneImplementation.java,CodenameOneImplementation,paintComponentBackground,0,2,3,persistente,
3526768331,CognitiveComplexity,CodenameOne/src/com/codename1/impl/CodenameOneImplementation.java,CodenameOneImplementation,drawLabelComponent,0,2,3,persistente,
3526768331,NPathComplexity,CodenameOne/src/com/codename1/impl/CodenameOneImplementation.java,CodenameOneImplementation,drawLabelComponent,0,2,3,persistente,
3526768331,ExcessiveParameterList,CodenameOne/src/com/codename1/impl/CodenameOneImplementation.java,CodenameOneImplementation,drawLabelComponent,0,2,3,persistente,
3526768331,AvoidReassigningParameters,CodenameOne/src/com/codename1/impl/CodenameOneImplementation.java,CodenameOneImplementation,drawLabelComponent,0,2,3,persistente,
3526768331,AvoidDeeplyNestedIfStmts,CodenameOne/src/com/codename1/impl/CodenameOneImplementation.java,CodenameOneImplementation,drawLabelComponent,0,2,3,persistente,
3526768331,AvoidReassigningParameters,CodenameOne/src/com/codename1/impl/CodenameOneImplementation.java,CodenameOneImplementation,drawLabelComponent,0,2,3,persistente,
3526768331,AvoidReassigningParameters,CodenameOne/src/com/codename1/impl/CodenameOneImplementation.java,CodenameOneImplementation,drawLabelComponent,0,2,3,persistente,
3526768331,AvoidDeeplyNestedIfStmts,CodenameOne/src/com/codename1/impl/CodenameOneImplementation.java,CodenameOneImplementation,drawLabelComponent,0,2,3,persistente,
3526768331,ExcessiveParameterList,CodenameOne/src/com/codename1/impl/CodenameOneImplementation.java,CodenameOneImplementation,drawLabelStringValign,0,2,3,persistente,
3526768331,ExcessiveParameterList,CodenameOne/src/com/codename1/impl/CodenameOneImplementation.java,CodenameOneImplementation,drawLabelString,0,2,3,persistente,
3526768331,AvoidReassigningParameters,CodenameOne/src/com/codename1/impl/CodenameOneImplementation.java,CodenameOneImplementation,fastCharWidthCheck,0,2,3,persistente,
3526768331,CognitiveComplexity,CodenameOne/src/com/codename1/impl/CodenameOneImplementation.java,CodenameOneImplementation,drawLabelText,0,2,3,persistente,
3526768331,ExcessiveParameterList,CodenameOne/src/com/codename1/impl/CodenameOneImplementation.java,CodenameOneImplementation,drawLabelText,0,2,3,persistente,
3526768331,CollapsibleIfStatements,CodenameOne/src/com/codename1/impl/CodenameOneImplementation.java,CodenameOneImplementation,drawLabelText,0,2,3,persistente,
3526768331,AvoidDeeplyNestedIfStmts,CodenameOne/src/com/codename1/impl/CodenameOneImplementation.java,CodenameOneImplementation,drawLabelText,0,0,3,indeterminado,ambiguo
3526768331,AvoidReassigningParameters,CodenameOne/src/com/codename1/impl/CodenameOneImplementation.java,CodenameOneImplementation,drawLabelText,0,2,3,persistente,
3526768331,AvoidReassigningParameters,CodenameOne/src/com/codename1/impl/CodenameOneImplementation.java,CodenameOneImplementation,drawLabelText,0,2,3,persistente,
3526768331,AvoidReassigningParameters,CodenameOne/src/com/codename1/impl/CodenameOneImplementation.java,CodenameOneImplementation,drawLabelText,0,2,3,persistente,
3526768331,CognitiveComplexity,CodenameOne/src/com/codename1/impl/CodenameOneImplementation.java,CodenameOneImplementation,drawString,0,2,3,persistente,
3526768331,AvoidReassigningParameters,CodenameOne/src/com/codename1/impl/CodenameOneImplementation.java,CodenameOneImplementation,drawString,0,2,3,persistente,
3526768331,AvoidDeeplyNestedIfStmts,CodenameOne/src/com/codename1/impl/CodenameOneImplementation.java,CodenameOneImplementation,drawString,0,2,3,persistente,
3526768331,UnusedPrivateField,CodenameOne/src/com/codename1/impl/FullScreenAdService.java,FullScreenAdService,,0,0,3,eliminado,diagnostico_desaparece
3526768331,CollapsibleIfStatements,CodenameOne/src/com/codename1/impl/FullScreenAdService.java,FullScreenAdService,showWelcomeAd,0,2,3,persistente,
3526768331,UnusedPrivateField,CodenameOne/src/com/codename1/ui/geom/GeneralPath.java,GeneralPath,,0,2,3,persistente,
3526768331,AvoidReassigningParameters,CodenameOne/src/com/codename1/ui/geom/GeneralPath.java,GeneralPath.Ellipse,getAngleAtPoint,0,2,3,persistente,
3526768331,AvoidReassigningParameters,CodenameOne/src/com/codename1/ui/geom/GeneralPath.java,GeneralPath.Ellipse,getAngleAtPoint,0,2,3,persistente,
3526768331,AvoidReassigningParameters,CodenameOne/src/com/codename1/ui/geom/GeneralPath.java,GeneralPath,append,0,2,3,persistente,
3526768331,CognitiveComplexity,CodenameOne/src/com/codename1/ui/geom/GeneralPath.java,GeneralPath,isRectangle,0,2,3,persistente,
3526768331,NPathComplexity,CodenameOne/src/com/codename1/ui/geom/GeneralPath.java,GeneralPath,isRectangle,0,2,3,persistente,
3526768331,CognitiveComplexity,CodenameOne/src/com/codename1/ui/geom/GeneralPath.java,GeneralPath.ShapeUtil,intersection,0,2,3,persistente,
3526768331,NPathComplexity,CodenameOne/src/com/codename1/ui/geom/GeneralPath.java,GeneralPath.ShapeUtil,intersection,0,2,3,persistente,
3526768331,AvoidDeeplyNestedIfStmts,CodenameOne/src/com/codename1/ui/geom/GeneralPath.java,GeneralPath.ShapeUtil,intersection,0,2,3,persistente,
3526768331,CognitiveComplexity,CodenameOne/src/com/codename1/ui/geom/GeneralPath.java,GeneralPath.ShapeUtil,segmentShape,0,2,3,persistente,
3526768331,AvoidReassigningParameters,CodenameOne/src/com/codename1/ui/geom/GeneralPath.java,GeneralPath.ShapeUtil,segmentShape,0,2,3,persistente,
3526768331,CognitiveComplexity,CodenameOne/src/com/codename1/ui/geom/GeneralPath.java,GeneralPath.ShapeUtil,intersectLineWithRectAsHash,0,2,3,persistente,
3526768331,NPathComplexity,CodenameOne/src/com/codename1/ui/geom/GeneralPath.java,GeneralPath.ShapeUtil,intersectLineWithRectAsHash,0,2,3,persistente,
3526768331,AvoidDeeplyNestedIfStmts,CodenameOne/src/com/codename1/ui/geom/GeneralPath.java,GeneralPath.ShapeUtil,solveCubic,0,2,3,persistente,
3526768331,CognitiveComplexity,CodenameOne/src/com/codename1/ui/geom/GeneralPath.java,GeneralPath.ShapeUtil.QuadCurve,cross,0,2,3,persistente,
3526768331,AvoidReassigningParameters,CodenameOne/src/com/codename1/ui/geom/GeneralPath.java,GeneralPath.ShapeUtil.QuadCurve,addBound,0,2,3,persistente,
3526768331,AvoidDeeplyNestedIfStmts,CodenameOne/src/com/codename1/ui/geom/GeneralPath.java,GeneralPath.ShapeUtil.QuadCurve,addBound,0,2,3,persistente,
3526768331,AvoidReassigningParameters,CodenameOne/src/com/codename1/ui/geom/GeneralPath.java,GeneralPath.ShapeUtil.QuadCurve,addBound,0,2,3,persistente,
3526768331,CognitiveComplexity,CodenameOne/src/com/codename1/ui/geom/GeneralPath.java,GeneralPath.ShapeUtil.CubicCurve,cross,0,2,3,persistente,
3526768331,AvoidDeeplyNestedIfStmts,CodenameOne/src/com/codename1/ui/geom/GeneralPath.java,GeneralPath.ShapeUtil.CubicCurve,cross,0,2,3,persistente,
3526768331,AvoidReassigningParameters,CodenameOne/src/com/codename1/ui/geom/GeneralPath.java,GeneralPath.ShapeUtil.CubicCurve,addBound,0,2,3,persistente,
3526768331,AvoidDeeplyNestedIfStmts,CodenameOne/src/com/codename1/ui/geom/GeneralPath.java,GeneralPath.ShapeUtil.CubicCurve,addBound,0,2,3,persistente,
3526768331,AvoidReassigningParameters,CodenameOne/src/com/codename1/ui/geom/GeneralPath.java,GeneralPath.ShapeUtil.CubicCurve,addBound,0,2,3,persistente,
3526768331,CognitiveComplexity,CodenameOne/src/com/codename1/ui/geom/GeneralPath.java,GeneralPath.ShapeUtil,crossLine,0,2,3,persistente,
3526768331,NPathComplexity,CodenameOne/src/com/codename1/ui/geom/GeneralPath.java,GeneralPath.ShapeUtil,crossQuad,0,2,3,persistente,
3526768331,NPathComplexity,CodenameOne/src/com/codename1/ui/geom/GeneralPath.java,GeneralPath.ShapeUtil,crossCubic,0,2,3,persistente,
3526768331,ExcessiveParameterList,CodenameOne/src/com/codename1/ui/geom/GeneralPath.java,GeneralPath.ShapeUtil,crossCubic,0,2,3,persistente,
3526768331,CognitiveComplexity,CodenameOne/src/com/codename1/ui/geom/GeneralPath.java,GeneralPath.ShapeUtil,crossPath,0,2,3,persistente,
3526768331,CognitiveComplexity,CodenameOne/src/com/codename1/ui/geom/GeneralPath.java,GeneralPath.ShapeUtil,crossBound,0,2,3,persistente,
3526768331,CognitiveComplexity,CodenameOne/src/com/codename1/ui/geom/GeneralPath.java,GeneralPath.ShapeUtil,intersectLine,0,2,3,persistente,
3526768331,NPathComplexity,CodenameOne/src/com/codename1/ui/geom/GeneralPath.java,GeneralPath.ShapeUtil,intersectLine,0,2,3,persistente,
3526768331,CognitiveComplexity,CodenameOne/src/com/codename1/ui/geom/GeneralPath.java,GeneralPath.ShapeUtil,intersectQuad,0,2,3,persistente,
3526768331,NPathComplexity,CodenameOne/src/com/codename1/ui/geom/GeneralPath.java,GeneralPath.ShapeUtil,intersectQuad,0,2,3,persistente,
3526768331,ExcessiveParameterList,CodenameOne/src/com/codename1/ui/geom/GeneralPath.java,GeneralPath.ShapeUtil,intersectQuad,0,2,3,persistente,
3526768331,CognitiveComplexity,CodenameOne/src/com/codename1/ui/geom/GeneralPath.java,GeneralPath.ShapeUtil,intersectCubic,0,2,3,persistente,
3526768331,NPathComplexity,CodenameOne/src/com/codename1/ui/geom/GeneralPath.java,GeneralPath.ShapeUtil,intersectCubic,0,2,3,persistente,
3526768331,ExcessiveParameterList,CodenameOne/src/com/codename1/ui/geom/GeneralPath.java,GeneralPath.ShapeUtil,intersectCubic,0,2,3,persistente,
3526768331,CognitiveComplexity,CodenameOne/src/com/codename1/ui/geom/GeneralPath.java,GeneralPath.ShapeUtil,intersectPath,0,2,3,persistente,
3526768331,NPathComplexity,CodenameOne/src/com/codename1/components/ToastBar.java,ToastBar,getToastBarComponent,1,2,3,introducido,
3526768331,AvoidDeeplyNestedIfStmts,CodenameOne/src/com/codename1/components/WebBrowser.java,WebBrowser,buildRequestBody,1,2,3,introducido,
3526768331,AvoidDeeplyNestedIfStmts,CodenameOne/src/com/codename1/impl/CodenameOneImplementation.java,CodenameOneImplementation,drawLabelText,1,2,3,indeterminado,
3526768331,AvoidDeeplyNestedIfStmts,CodenameOne/src/com/codename1/impl/CodenameOneImplementation.java,CodenameOneImplementation,drawLabelText,1,2,3,indeterminado,
3767602710,UnusedPrivateField,app/src/main/java/com/akylas/enforcedoze/ForceDozeService.java,ForceDozeService,,0,3,4,persistente,
3767602710,CognitiveComplexity,app/src/main/java/com/akylas/enforcedoze/ForceDozeService.java,ForceDozeService,onCreate,0,3,4,persistente,
3767602710,NPathComplexity,app/src/main/java/com/akylas/enforcedoze/ForceDozeService.java,ForceDozeService,onCreate,0,3,4,persistente,
3767602710,CollapsibleIfStatements,app/src/main/java/com/akylas/enforcedoze/ForceDozeService.java,ForceDozeService,onCreate,0,3,4,persistente,
3767602710,CollapsibleIfStatements,app/src/main/java/com/akylas/enforcedoze/ForceDozeService.java,ForceDozeService,onCreate,0,3,4,persistente,
3767602710,AvoidDeeplyNestedIfStmts,app/src/main/java/com/akylas/enforcedoze/ForceDozeService.java,ForceDozeService,onCreate,0,3,4,persistente,
3767602710,CollapsibleIfStatements,app/src/main/java/com/akylas/enforcedoze/ForceDozeService.java,ForceDozeService,onCreate,0,3,4,persistente,
3767602710,CollapsibleIfStatements,app/src/main/java/com/akylas/enforcedoze/ForceDozeService.java,ForceDozeService,onCreate,0,3,4,persistente,
3767602710,AvoidDeeplyNestedIfStmts,app/src/main/java/com/akylas/enforcedoze/ForceDozeService.java,ForceDozeService,applyDoze,0,3,4,persistente,
3767602710,AvoidDeeplyNestedIfStmts,app/src/main/java/com/akylas/enforcedoze/ForceDozeService.java,ForceDozeService,leaveDoze,0,3,4,persistente,
3767602710,CognitiveComplexity,app/src/main/java/com/akylas/enforcedoze/ForceDozeService.java,ForceDozeService,enterDoze,0,3,4,persistente,
3767602710,NPathComplexity,app/src/main/java/com/akylas/enforcedoze/ForceDozeService.java,ForceDozeService,enterDoze,0,3,4,persistente,
3767602710,AvoidDeeplyNestedIfStmts,app/src/main/java/com/akylas/enforcedoze/ForceDozeService.java,ForceDozeService,enterDoze,0,3,4,persistente,
3767602710,CollapsibleIfStatements,app/src/main/java/com/akylas/enforcedoze/ForceDozeService.java,ForceDozeService,enterDoze,0,3,4,persistente,
3767602710,AvoidDeeplyNestedIfStmts,app/src/main/java/com/akylas/enforcedoze/ForceDozeService.java,ForceDozeService,enterDoze,0,3,4,persistente,
3767602710,AvoidDeeplyNestedIfStmts,app/src/main/java/com/akylas/enforcedoze/ForceDozeService.java,ForceDozeService,enterDoze,0,3,4,persistente,
3767602710,AvoidDeeplyNestedIfStmts,app/src/main/java/com/akylas/enforcedoze/ForceDozeService.java,ForceDozeService,enterDoze,0,3,4,persistente,
3767602710,AvoidDeeplyNestedIfStmts,app/src/main/java/com/akylas/enforcedoze/ForceDozeService.java,ForceDozeService,enterDoze,0,3,4,persistente,
3767602710,AvoidDeeplyNestedIfStmts,app/src/main/java/com/akylas/enforcedoze/ForceDozeService.java,ForceDozeService,enterDoze,0,3,4,persistente,
3767602710,CognitiveComplexity,app/src/main/java/com/akylas/enforcedoze/ForceDozeService.java,ForceDozeService,exitDoze,0,1,4,eliminado,diagnostico_desaparece
3767602710,NPathComplexity,app/src/main/java/com/akylas/enforcedoze/ForceDozeService.java,ForceDozeService,exitDoze,0,1,4,eliminado,diagnostico_desaparece
3767602710,CognitiveComplexity,app/src/main/java/com/akylas/enforcedoze/ForceDozeService.java,ForceDozeService,executeCommand,0,3,4,persistente,
3767602710,AvoidDeeplyNestedIfStmts,app/src/main/java/com/akylas/enforcedoze/ForceDozeService.java,ForceDozeService,executeCommand,0,3,4,persistente,
3767602710,AvoidDeeplyNestedIfStmts,app/src/main/java/com/akylas/enforcedoze/ForceDozeService.java,ForceDozeService,executeCommand,0,3,4,persistente,
3767602710,CollapsibleIfStatements,app/src/main/java/com/akylas/enforcedoze/ForceDozeService.java,ForceDozeService,getFocusedApps,0,3,4,persistente,
3767602710,AvoidDeeplyNestedIfStmts,app/src/main/java/com/akylas/enforcedoze/ForceDozeService.java,ForceDozeService,getFocusedApps,0,3,4,persistente,
3767602710,CognitiveComplexity,app/src/main/java/com/akylas/enforcedoze/ForceDozeService.java,ForceDozeService,executeCommandWithRoot,0,3,4,persistente,
3767602710,AvoidDeeplyNestedIfStmts,app/src/main/java/com/akylas/enforcedoze/ForceDozeService.java,ForceDozeService,executeCommandWithRoot,0,3,4,persistente,
3767602710,CognitiveComplexity,app/src/main/java/com/akylas/enforcedoze/ForceDozeService.java,ForceDozeService,getDeviceIdleState,0,3,4,persistente,
3767602710,AvoidDeeplyNestedIfStmts,app/src/main/java/com/akylas/enforcedoze/ForceDozeService.java,ForceDozeService,getDeviceIdleState,0,3,4,persistente,
3767602710,AvoidDeeplyNestedIfStmts,app/src/main/java/com/akylas/enforcedoze/ForceDozeService.java,ForceDozeService,getDeviceIdleState,0,3,4,persistente,
3767602710,CognitiveComplexity,app/src/main/java/com/akylas/enforcedoze/ForceDozeService.java,ForceDozeService,actualEnterDozeHandleNetwork,0,3,4,persistente,
3767602710,NPathComplexity,app/src/main/java/com/akylas/enforcedoze/ForceDozeService.java,ForceDozeService,actualEnterDozeHandleNetwork,0,3,4,persistente,
3767602710,CollapsibleIfStatements,app/src/main/java/com/akylas/enforcedoze/ForceDozeService.java,ForceDozeService,handleScreenOn,0,3,4,persistente,
3767602710,CognitiveComplexity,app/src/main/java/com/akylas/enforcedoze/ForceDozeService.java,ForceDozeService.DozeReceiver,onReceive,0,3,4,persistente,
3767602710,AvoidDeeplyNestedIfStmts,app/src/main/java/com/akylas/enforcedoze/ForceDozeService.java,ForceDozeService.DozeReceiver,onReceive,0,3,4,persistente,
3767602710,AvoidDeeplyNestedIfStmts,app/src/main/java/com/akylas/enforcedoze/ForceDozeService.java,ForceDozeService.DozeReceiver,onReceive,0,3,4,persistente,
3767602710,CollapsibleIfStatements,app/src/main/java/com/akylas/enforcedoze/ForceDozeService.java,ForceDozeService.DozeReceiver,onReceive,0,3,4,persistente,
3767602710,AvoidDeeplyNestedIfStmts,app/src/main/java/com/akylas/enforcedoze/ForceDozeService.java,ForceDozeService.DozeReceiver,onReceive,0,3,4,persistente,
3767602710,CollapsibleIfStatements,app/src/main/java/com/akylas/enforcedoze/ForceDozeService.java,ForceDozeService.DozeReceiver,onReceive,0,3,4,persistente,
3767602710,CollapsibleIfStatements,app/src/main/java/com/akylas/enforcedoze/ForceDozeService.java,ForceDozeService.DozeReceiver,onReceive,0,3,4,persistente,
3767602710,CollapsibleIfStatements,app/src/main/java/com/akylas/enforcedoze/ForceDozeService.java,ForceDozeService.DozeReceiver,onReceive,0,3,4,persistente,
3767602710,CognitiveComplexity,app/src/main/java/com/akylas/enforcedoze/ForceDozeService.java,ForceDozeService,handleScreenOn,1,1,4,transitorio,diagnostico_desaparece
3767602710,AvoidDeeplyNestedIfStmts,app/src/main/java/com/akylas/enforcedoze/ForceDozeService.java,ForceDozeService,handleScreenOn,1,1,4,transitorio,diagnostico_desaparece
3994588891,ExcessiveParameterList,fe/fe-core/src/main/java/com/starrocks/qe/DefaultCoordinator.java,DefaultCoordinator.Factory,createBrokerExportScheduler,0,2,3,persistente,
3994588891,CollapsibleIfStatements,fe/fe-core/src/main/java/com/starrocks/qe/DefaultCoordinator.java,DefaultCoordinator,prepareExec,0,2,3,persistente,
3994588891,UnusedLocalVariable,fe/fe-core/src/main/java/com/starrocks/qe/DefaultCoordinator.java,DefaultCoordinator,startScheduling,0,2,3,persistente,
3994588891,UnusedLocalVariable,fe/fe-core/src/main/java/com/starrocks/qe/DefaultCoordinator.java,DefaultCoordinator,startScheduling,0,2,3,persistente,
3994588891,UnusedLocalVariable,fe/fe-core/src/main/java/com/starrocks/qe/DefaultCoordinator.java,DefaultCoordinator,startScheduling,0,2,3,persistente,
3994588891,CognitiveComplexity,fe/fe-core/src/main/java/com/starrocks/qe/DefaultCoordinator.java,DefaultCoordinator,assignIncrementalScanRangesToDeployStates,0,2,3,persistente,
3994588891,CognitiveComplexity,fe/fe-core/src/main/java/com/starrocks/qe/DefaultCoordinator.java,DefaultCoordinator,setGlobalRuntimeFilterParams,0,2,3,persistente,
3994588891,AvoidDeeplyNestedIfStmts,fe/fe-core/src/main/java/com/starrocks/qe/DefaultCoordinator.java,DefaultCoordinator,setGlobalRuntimeFilterParams,0,2,3,persistente,
3994588891,CognitiveComplexity,fe/fe-core/src/main/java/com/starrocks/qe/DefaultCoordinator.java,DefaultCoordinator,dealStatusToTryRetry,0,2,3,persistente,
3994588891,NPathComplexity,fe/fe-core/src/main/java/com/starrocks/qe/DefaultCoordinator.java,DefaultCoordinator,dealStatusToTryRetry,0,2,3,persistente,
3994588891,AvoidDeeplyNestedIfStmts,fe/fe-core/src/main/java/com/starrocks/qe/DefaultCoordinator.java,DefaultCoordinator,dealStatusToTryRetry,0,2,3,persistente,
3994588891,AvoidDeeplyNestedIfStmts,fe/fe-core/src/main/java/com/starrocks/qe/DefaultCoordinator.java,DefaultCoordinator,dealStatusToTryRetry,0,2,3,persistente,
3994588891,AvoidDeeplyNestedIfStmts,fe/fe-core/src/main/java/com/starrocks/qe/DefaultCoordinator.java,DefaultCoordinator,dealStatusToTryRetry,0,2,3,persistente,
3994588891,CognitiveComplexity,fe/fe-core/src/main/java/com/starrocks/qe/DefaultCoordinator.java,DefaultCoordinator,getNext,0,2,3,persistente,
3994588891,AvoidDeeplyNestedIfStmts,fe/fe-core/src/main/java/com/starrocks/qe/DefaultCoordinator.java,DefaultCoordinator,getNext,0,2,3,persistente,
3994588891,CollapsibleIfStatements,fe/fe-core/src/main/java/com/starrocks/qe/DefaultCoordinator.java,DefaultCoordinator,cancelInternal,0,2,3,persistente,
3994588891,AvoidDeeplyNestedIfStmts,fe/fe-core/src/main/java/com/starrocks/qe/DefaultCoordinator.java,DefaultCoordinator,cancelInternal,0,2,3,persistente,
3994588891,AvoidDeeplyNestedIfStmts,fe/fe-core/src/main/java/com/starrocks/qe/DefaultCoordinator.java,DefaultCoordinator,updateJobProgress,0,2,3,persistente,
3994588891,CollapsibleIfStatements,fe/fe-core/src/main/java/com/starrocks/qe/DefaultCoordinator.java,DefaultCoordinator,updateJobProgress,0,2,3,persistente,
3264573288,SimplifyBooleanReturns,ojp-jdbc-driver/src/main/java/org/openjdbcproxy/jdbc/Connection.java,Connection,isValid,0,4,5,persistente,
3264573288,CognitiveComplexity,ojp-jdbc-driver/src/main/java/org/openjdbcproxy/jdbc/Lob.java,Lob,getBinaryStream,0,4,5,persistente,
3264573288,CognitiveComplexity,ojp-jdbc-driver/src/main/java/org/openjdbcproxy/jdbc/Lob.java,Lob,read,0,4,5,persistente,
3264573288,UnusedLocalVariable,ojp-jdbc-driver/src/main/java/org/openjdbcproxy/jdbc/LobServiceImpl.java,LobServiceImpl,read,0,4,5,persistente,
3264573288,SimplifyBooleanReturns,ojp-jdbc-driver/src/main/java/org/openjdbcproxy/jdbc/ResultSet.java,ResultSet,getBoolean,0,4,5,persistente,
3264573288,CognitiveComplexity,ojp-server/src/main/java/org/openjdbcproxy/grpc/server/StatementServiceImpl.java,StatementServiceImpl,executeUpdate,0,4,5,persistente,
3264573288,NPathComplexity,ojp-server/src/main/java/org/openjdbcproxy/grpc/server/StatementServiceImpl.java,StatementServiceImpl,executeUpdate,0,4,5,persistente,
3264573288,AvoidDeeplyNestedIfStmts,ojp-server/src/main/java/org/openjdbcproxy/grpc/server/StatementServiceImpl.java,StatementServiceImpl,executeUpdate,0,4,5,persistente,
3264573288,AvoidDeeplyNestedIfStmts,ojp-server/src/main/java/org/openjdbcproxy/grpc/server/StatementServiceImpl.java,StatementServiceImpl,executeUpdate,0,4,5,persistente,
3264573288,AvoidDeeplyNestedIfStmts,ojp-server/src/main/java/org/openjdbcproxy/grpc/server/StatementServiceImpl.java,StatementServiceImpl,executeUpdate,0,4,5,persistente,
3264573288,NPathComplexity,ojp-server/src/main/java/org/openjdbcproxy/grpc/server/StatementServiceImpl.java,StatementServiceImpl,createPreparedStatement,0,4,5,persistente,
3264573288,UnusedLocalVariable,ojp-server/src/main/java/org/openjdbcproxy/grpc/server/StatementServiceImpl.java,StatementServiceImpl,executeQuery,0,4,5,persistente,
3264573288,CognitiveComplexity,ojp-server/src/main/java/org/openjdbcproxy/grpc/server/StatementServiceImpl.java,StatementServiceImpl,createLob,0,4,5,persistente,
3264573288,CognitiveComplexity,ojp-server/src/main/java/org/openjdbcproxy/grpc/server/StatementServiceImpl.java,StatementServiceImpl,onNext,0,4,5,persistente,
3264573288,CognitiveComplexity,ojp-server/src/main/java/org/openjdbcproxy/grpc/server/StatementServiceImpl.java,StatementServiceImpl,readLob,0,4,5,persistente,
3264573288,CognitiveComplexity,ojp-server/src/main/java/org/openjdbcproxy/grpc/server/StatementServiceImpl.java,StatementServiceImpl,callResource,0,4,5,persistente,
3264573288,NPathComplexity,ojp-server/src/main/java/org/openjdbcproxy/grpc/server/StatementServiceImpl.java,StatementServiceImpl,callResource,0,4,5,persistente,
3264573288,CognitiveComplexity,ojp-server/src/main/java/org/openjdbcproxy/grpc/server/StatementServiceImpl.java,StatementServiceImpl,findMethodByName,0,4,5,persistente,
3264573288,CollapsibleIfStatements,ojp-server/src/main/java/org/openjdbcproxy/grpc/server/StatementServiceImpl.java,StatementServiceImpl,findMethodByName,0,4,5,persistente,
3264573288,AvoidDeeplyNestedIfStmts,ojp-server/src/main/java/org/openjdbcproxy/grpc/server/StatementServiceImpl.java,StatementServiceImpl,findMethodByName,0,4,5,persistente,
3264573288,AvoidDeeplyNestedIfStmts,ojp-server/src/main/java/org/openjdbcproxy/grpc/server/StatementServiceImpl.java,StatementServiceImpl,findMethodByName,0,4,5,persistente,
3264573288,CognitiveComplexity,ojp-server/src/main/java/org/openjdbcproxy/grpc/server/StatementServiceImpl.java,StatementServiceImpl,handleResultSet,0,4,5,persistente,
3264573288,CollapsibleIfStatements,ojp-jdbc-driver/src/main/java/org/openjdbcproxy/jdbc/ResultSet.java,ResultSet,getBinaryStream,2,4,5,introducido,
3264573288,AvoidDeeplyNestedIfStmts,ojp-jdbc-driver/src/main/java/org/openjdbcproxy/jdbc/ResultSet.java,ResultSet,getBinaryStream,2,4,5,introducido,
3264573288,CollapsibleIfStatements,ojp-jdbc-driver/src/main/java/org/openjdbcproxy/jdbc/ResultSet.java,ResultSet,getBlob,2,4,5,introducido,
3264573288,AvoidDeeplyNestedIfStmts,ojp-jdbc-driver/src/main/java/org/openjdbcproxy/jdbc/ResultSet.java,ResultSet,getBlob,2,4,5,introducido,
3264573288,CognitiveComplexity,ojp-jdbc-driver/src/main/java/org/openjdbcproxy/jdbc/LobServiceImpl.java,LobServiceImpl,sendBytes,3,4,5,introducido,
3264573288,AvoidDeeplyNestedIfStmts,ojp-server/src/main/java/org/openjdbcproxy/grpc/server/StatementServiceImpl.java,StatementServiceImpl,executeUpdate,3,4,5,introducido,
3264573288,UnusedLocalVariable,ojp-server/src/main/java/org/openjdbcproxy/grpc/server/StatementServiceImpl.java,StatementServiceImpl,treatAsBinary,3,4,5,introducido,
3562231060,CognitiveComplexity,android/src/main/java/kjd/reactnative/bluetooth/RNBluetoothClassicModule.java,RNBluetoothClassicModule,onActivityResult,0,2,3,persistente,
3562231060,AvoidDeeplyNestedIfStmts,android/src/main/java/kjd/reactnative/bluetooth/RNBluetoothClassicModule.java,RNBluetoothClassicModule,onActivityResult,0,2,3,persistente,
3562231060,AvoidDeeplyNestedIfStmts,android/src/main/java/kjd/reactnative/bluetooth/RNBluetoothClassicModule.java,RNBluetoothClassicModule,onActivityResult,0,2,3,persistente,
3562231060,AvoidDeeplyNestedIfStmts,android/src/main/java/kjd/reactnative/bluetooth/RNBluetoothClassicModule.java,RNBluetoothClassicModule,onActivityResult,0,2,3,persistente,
3562231060,AvoidDeeplyNestedIfStmts,android/src/main/java/kjd/reactnative/bluetooth/RNBluetoothClassicModule.java,RNBluetoothClassicModule,onActivityResult,0,2,3,persistente,
3562231060,CognitiveComplexity,android/src/main/java/kjd/reactnative/bluetooth/RNBluetoothClassicModule.java,RNBluetoothClassicModule,pairDevice,0,2,3,persistente,
3562231060,CognitiveComplexity,android/src/main/java/kjd/reactnative/bluetooth/RNBluetoothClassicModule.java,RNBluetoothClassicModule,unpairDevice,0,2,3,persistente,
3562231060,CognitiveComplexity,android/src/main/java/kjd/reactnative/bluetooth/RNBluetoothClassicModule.java,RNBluetoothClassicModule,accept,0,2,3,persistente,
3562231060,CognitiveComplexity,android/src/main/java/kjd/reactnative/bluetooth/RNBluetoothClassicModule.java,RNBluetoothClassicModule,connectToDevice,0,2,3,persistente,
3562231060,SimplifyBooleanReturns,android/src/main/java/kjd/reactnative/bluetooth/RNBluetoothClassicModule.java,RNBluetoothClassicModule,hasBluetoothScanPermission,1,1,3,transitorio,diagnostico_desaparece
3562231060,SimplifyBooleanReturns,android/src/main/java/kjd/reactnative/bluetooth/RNBluetoothClassicModule.java,RNBluetoothClassicModule,hasBluetoothScanPermission,2,2,3,introducido,
3769974631,AvoidDeeplyNestedIfStmts,src/main/java/fr/clementgre/pdf4teachers/document/Document.java,Document,save,0,6,7,persistente,
3769974631,UnusedLocalVariable,src/main/java/fr/clementgre/pdf4teachers/document/Document.java,Document,getFirstTopVisiblePage,0,6,7,persistente,
3769974631,UnusedLocalVariable,src/main/java/fr/clementgre/pdf4teachers/document/Document.java,Document,getFirstTopVisiblePage,0,6,7,persistente,
3769974631,CognitiveComplexity,src/main/java/fr/clementgre/pdf4teachers/document/render/display/PDFPagesEditor.java,PDFPagesEditor,setPageMargin,0,6,7,persistente,
3769974631,NPathComplexity,src/main/java/fr/clementgre/pdf4teachers/document/render/display/PDFPagesEditor.java,PDFPagesEditor,setPageMargin,0,6,7,persistente,
3769974631,AvoidReassigningParameters,src/main/java/fr/clementgre/pdf4teachers/document/render/display/PDFPagesEditor.java,PDFPagesEditor,setPageMargin,0,6,7,persistente,
3769974631,AvoidReassigningParameters,src/main/java/fr/clementgre/pdf4teachers/document/render/display/PDFPagesEditor.java,PDFPagesEditor,setPageMargin,0,6,7,persistente,
3769974631,AvoidReassigningParameters,src/main/java/fr/clementgre/pdf4teachers/document/render/display/PDFPagesEditor.java,PDFPagesEditor,setPageMargin,0,6,7,persistente,
3769974631,AvoidReassigningParameters,src/main/java/fr/clementgre/pdf4teachers/document/render/display/PDFPagesEditor.java,PDFPagesEditor,setPageMargin,0,6,7,persistente,
3769974631,CognitiveComplexity,src/main/java/fr/clementgre/pdf4teachers/document/render/display/PDFPagesEditor.java,PDFPagesEditor,capture,0,6,7,persistente,
3769974631,AvoidReassigningParameters,src/main/java/fr/clementgre/pdf4teachers/document/render/display/PDFPagesEditor.java,PDFPagesEditor,capture,0,6,7,persistente,
3769974631,AvoidReassigningParameters,src/main/java/fr/clementgre/pdf4teachers/document/render/display/PDFPagesEditor.java,PDFPagesEditor,capture,0,6,7,persistente,
3769974631,CognitiveComplexity,src/main/java/fr/clementgre/pdf4teachers/document/render/display/PDFPagesEditor.java,PDFPagesEditor,filterData,0,6,7,persistente,
3769974631,AvoidDeeplyNestedIfStmts,src/main/java/fr/clementgre/pdf4teachers/document/render/display/PDFPagesEditor.java,PDFPagesEditor,filterData,0,6,7,persistente,
3769974631,AvoidDeeplyNestedIfStmts,src/main/java/fr/clementgre/pdf4teachers/document/render/display/PDFPagesEditor.java,PDFPagesEditor,filterData,0,6,7,persistente,
3769974631,AvoidDeeplyNestedIfStmts,src/main/java/fr/clementgre/pdf4teachers/document/render/display/PDFPagesEditor.java,PDFPagesEditor,filterData,0,6,7,persistente,
3769974631,AvoidDeeplyNestedIfStmts,src/main/java/fr/clementgre/pdf4teachers/document/render/display/PDFPagesEditor.java,PDFPagesEditor,filterData,0,6,7,persistente,
3769974631,AvoidDeeplyNestedIfStmts,src/main/java/fr/clementgre/pdf4teachers/document/render/display/PDFPagesEditor.java,PDFPagesEditor,filterData,0,6,7,persistente,
3769974631,CognitiveComplexity,src/main/java/fr/clementgre/pdf4teachers/document/render/display/PDFPagesEditor.java,PDFPagesEditor,completeData,0,6,7,persistente,
3769974631,AvoidDeeplyNestedIfStmts,src/main/java/fr/clementgre/pdf4teachers/document/render/display/PDFPagesEditor.java,PDFPagesEditor,completeData,0,6,7,persistente,
3769974631,AvoidDeeplyNestedIfStmts,src/main/java/fr/clementgre/pdf4teachers/document/render/display/PDFPagesEditor.java,PDFPagesEditor,completeData,0,6,7,persistente,
3769974631,CognitiveComplexity,src/main/java/fr/clementgre/pdf4teachers/document/render/display/PageRenderer.java,PageRenderer,setup,0,6,7,persistente,
3769974631,CollapsibleIfStatements,src/main/java/fr/clementgre/pdf4teachers/document/render/display/PageRenderer.java,PageRenderer,setup,0,6,7,persistente,
3769974631,AvoidDeeplyNestedIfStmts,src/main/java/fr/clementgre/pdf4teachers/document/render/display/PageRenderer.java,PageRenderer,setup,0,6,7,persistente,
3769974631,AvoidDeeplyNestedIfStmts,src/main/java/fr/clementgre/pdf4teachers/document/render/display/PageRenderer.java,PageRenderer,setup,0,6,7,persistente,
3769974631,AvoidDeeplyNestedIfStmts,src/main/java/fr/clementgre/pdf4teachers/document/render/display/PageRenderer.java,PageRenderer,setup,0,6,7,persistente,
3769974631,AvoidDeeplyNestedIfStmts,src/main/java/fr/clementgre/pdf4teachers/document/render/display/PageRenderer.java,PageRenderer,setup,0,6,7,persistente,
3769974631,AvoidDeeplyNestedIfStmts,src/main/java/fr/clementgre/pdf4teachers/document/render/display/PageRenderer.java,PageRenderer,setup,0,6,7,persistente,
3769974631,AvoidDeeplyNestedIfStmts,src/main/java/fr/clementgre/pdf4teachers/document/render/display/PageRenderer.java,PageRenderer,setup,0,6,7,persistente,
3769974631,AvoidDeeplyNestedIfStmts,src/main/java/fr/clementgre/pdf4teachers/document/render/display/PageRenderer.java,PageRenderer,setup,0,6,7,persistente,
3769974631,AvoidDeeplyNestedIfStmts,src/main/java/fr/clementgre/pdf4teachers/document/render/display/PageRenderer.java,PageRenderer,setup,0,6,7,persistente,
3769974631,AvoidDeeplyNestedIfStmts,src/main/java/fr/clementgre/pdf4teachers/document/render/display/PageRenderer.java,PageRenderer,setup,0,6,7,persistente,
3769974631,CollapsibleIfStatements,src/main/java/fr/clementgre/pdf4teachers/document/render/display/PageRenderer.java,PageRenderer,setup,0,6,7,persistente,
3769974631,AvoidDeeplyNestedIfStmts,src/main/java/fr/clementgre/pdf4teachers/document/render/display/PageRenderer.java,PageRenderer,setup,0,6,7,persistente,
3769974631,AvoidDeeplyNestedIfStmts,src/main/java/fr/clementgre/pdf4teachers/document/render/display/PageRenderer.java,PageRenderer,setup,0,6,7,persistente,
3769974631,AvoidDeeplyNestedIfStmts,src/main/java/fr/clementgre/pdf4teachers/document/render/display/PageRenderer.java,PageRenderer,setup,0,6,7,persistente,
3769974631,CollapsibleIfStatements,src/main/java/fr/clementgre/pdf4teachers/document/render/display/PageRenderer.java,PageRenderer,setup,0,6,7,persistente,
3769974631,AvoidDeeplyNestedIfStmts,src/main/java/fr/clementgre/pdf4teachers/document/render/display/PageRenderer.java,PageRenderer,setup,0,6,7,persistente,
3769974631,AvoidDeeplyNestedIfStmts,src/main/java/fr/clementgre/pdf4teachers/document/render/display/PageRenderer.java,PageRenderer,setup,0,6,7,persistente,
3769974631,AvoidDeeplyNestedIfStmts,src/main/java/fr/clementgre/pdf4teachers/document/render/display/PageRenderer.java,PageRenderer,setup,0,6,7,persistente,
3769974631,CollapsibleIfStatements,src/main/java/fr/clementgre/pdf4teachers/document/render/display/PageRenderer.java,PageRenderer,setup,0,6,7,persistente,
3769974631,AvoidDeeplyNestedIfStmts,src/main/java/fr/clementgre/pdf4teachers/document/render/display/PageRenderer.java,PageRenderer,setup,0,6,7,persistente,
3769974631,AvoidDeeplyNestedIfStmts,src/main/java/fr/clementgre/pdf4teachers/document/render/display/PageRenderer.java,PageRenderer,updatePageDragPosition,0,6,7,persistente,
3769974631,AvoidReassigningParameters,src/main/java/fr/clementgre/pdf4teachers/document/render/display/PageRenderer.java,PageRenderer,moveSelectedPages,0,6,7,persistente,
3769974631,CognitiveComplexity,src/main/java/fr/clementgre/pdf4teachers/document/render/display/PageRenderer.java,PageRenderer,showContextMenu,0,6,7,persistente,
3769974631,NPathComplexity,src/main/java/fr/clementgre/pdf4teachers/document/render/display/PageRenderer.java,PageRenderer,showContextMenu,0,6,7,persistente,
3769974631,CognitiveComplexity,src/main/java/fr/clementgre/pdf4teachers/document/render/display/PageRenderer.java,PageRenderer,updatePosition,0,6,7,persistente,
3769974631,NPathComplexity,src/main/java/fr/clementgre/pdf4teachers/document/render/display/PageRenderer.java,PageRenderer,updatePosition,0,6,7,persistente,
3769974631,AvoidReassigningParameters,src/main/java/fr/clementgre/pdf4teachers/document/render/display/PageRenderer.java,PageRenderer,updatePosition,0,6,7,persistente,
3769974631,AvoidReassigningParameters,src/main/java/fr/clementgre/pdf4teachers/document/render/display/PageRenderer.java,PageRenderer,updatePosition,0,6,7,persistente,
3769974631,AvoidDeeplyNestedIfStmts,src/main/java/fr/clementgre/pdf4teachers/document/render/display/PageRenderer.java,PageRenderer,updatePosition,0,6,7,persistente,
3769974631,AvoidReassigningParameters,src/main/java/fr/clementgre/pdf4teachers/document/render/display/PageRenderer.java,PageRenderer,updatePosition,0,6,7,persistente,
3769974631,AvoidReassigningParameters,src/main/java/fr/clementgre/pdf4teachers/document/render/display/PageRenderer.java,PageRenderer,updatePosition,0,6,7,persistente,
3769974631,AvoidDeeplyNestedIfStmts,src/main/java/fr/clementgre/pdf4teachers/document/render/display/PageRenderer.java,PageRenderer,updatePosition,0,6,7,persistente,
3769974631,AvoidDeeplyNestedIfStmts,src/main/java/fr/clementgre/pdf4teachers/document/render/display/PageRenderer.java,PageRenderer,updatePosition,0,6,7,persistente,
3769974631,AvoidDeeplyNestedIfStmts,src/main/java/fr/clementgre/pdf4teachers/document/render/display/PageRenderer.java,PageRenderer,switchVisibleStatus,0,6,7,persistente,
3769974631,CollapsibleIfStatements,src/main/java/fr/clementgre/pdf4teachers/document/render/display/PageRenderer.java,PageRenderer,switchVisibleStatus,0,6,7,persistente,
3769974631,SimplifyBooleanReturns,src/main/java/fr/clementgre/pdf4teachers/document/render/display/PageRenderer.java,PageRenderer,isPageZoneSelectorActive,0,6,7,persistente,
3769974631,CognitiveComplexity,src/main/java/fr/clementgre/pdf4teachers/interfaces/KeyboardShortcuts.java,KeyboardShortcuts,KeyboardShortcuts,0,6,7,persistente,
3769974631,CollapsibleIfStatements,src/main/java/fr/clementgre/pdf4teachers/interfaces/KeyboardShortcuts.java,KeyboardShortcuts,KeyboardShortcuts,0,6,7,persistente,
3769974631,UnusedLocalVariable,src/main/java/fr/clementgre/pdf4teachers/interfaces/KeyboardShortcuts.java,KeyboardShortcuts,processLazyShortcuts,0,6,7,persistente,
3769974631,CognitiveComplexity,src/main/java/fr/clementgre/pdf4teachers/interfaces/KeyboardShortcuts.java,KeyboardShortcuts,numberPressed,0,6,7,persistente,
3769974631,AvoidDeeplyNestedIfStmts,src/main/java/fr/clementgre/pdf4teachers/interfaces/KeyboardShortcuts.java,KeyboardShortcuts,numberPressed,0,6,7,persistente,
3769974631,AvoidReassigningParameters,src/main/java/fr/clementgre/pdf4teachers/interfaces/KeyboardShortcuts.java,KeyboardShortcuts,numberPressed,0,6,7,persistente,
3769974631,CognitiveComplexity,src/main/java/fr/clementgre/pdf4teachers/interfaces/windows/MainWindow.java,MainWindow,setup,0,6,7,persistente,
3769974631,AvoidDeeplyNestedIfStmts,src/main/java/fr/clementgre/pdf4teachers/interfaces/windows/MainWindow.java,MainWindow,setup,0,6,7,persistente,
3769974631,AvoidDeeplyNestedIfStmts,src/main/java/fr/clementgre/pdf4teachers/interfaces/windows/MainWindow.java,MainWindow,setup,0,6,7,persistente,
3769974631,NPathComplexity,src/main/java/fr/clementgre/pdf4teachers/interfaces/windows/MainWindow.java,MainWindow,preventStageOverflowScreen,0,6,7,persistente,
3769974631,CognitiveComplexity,src/main/java/fr/clementgre/pdf4teachers/panel/MainScreen/MainScreen.java,MainScreen,setup,0,6,7,persistente,
3769974631,AvoidDeeplyNestedIfStmts,src/main/java/fr/clementgre/pdf4teachers/panel/MainScreen/MainScreen.java,MainScreen,setup,0,6,7,persistente,
3769974631,AvoidDeeplyNestedIfStmts,src/main/java/fr/clementgre/pdf4teachers/panel/MainScreen/MainScreen.java,MainScreen,setup,0,6,7,persistente,
3769974631,AvoidDeeplyNestedIfStmts,src/main/java/fr/clementgre/pdf4teachers/panel/MainScreen/MainScreen.java,MainScreen,setup,0,6,7,persistente,
3769974631,AvoidDeeplyNestedIfStmts,src/main/java/fr/clementgre/pdf4teachers/panel/MainScreen/MainScreen.java,MainScreen,setup,0,6,7,persistente,
3769974631,CollapsibleIfStatements,src/main/java/fr/clementgre/pdf4teachers/panel/MainScreen/MainScreen.java,MainScreen,setup,0,6,7,persistente,
3769974631,AvoidDeeplyNestedIfStmts,src/main/java/fr/clementgre/pdf4teachers/panel/MainScreen/MainScreen.java,MainScreen,setup,0,6,7,persistente,
3769974631,CognitiveComplexity,src/main/java/fr/clementgre/pdf4teachers/panel/MainScreen/MainScreen.java,MainScreen,openFile,0,6,7,persistente,
3769974631,CollapsibleIfStatements,src/main/java/fr/clementgre/pdf4teachers/panel/MainScreen/MainScreen.java,MainScreen,openFiles,0,6,7,persistente,
3769974631,AvoidDeeplyNestedIfStmts,src/main/java/fr/clementgre/pdf4teachers/panel/MainScreen/MainScreen.java,MainScreen,closeFile,0,6,7,persistente,
3769974631,CognitiveComplexity,src/main/java/fr/clementgre/pdf4teachers/panel/MainScreen/ZoomOperator.java,ZoomOperator,ZoomOperator,0,6,7,persistente,
3769974631,AvoidDeeplyNestedIfStmts,src/main/java/fr/clementgre/pdf4teachers/panel/MainScreen/ZoomOperator.java,ZoomOperator,ZoomOperator,0,6,7,persistente,
3769974631,AvoidDeeplyNestedIfStmts,src/main/java/fr/clementgre/pdf4teachers/panel/MainScreen/ZoomOperator.java,ZoomOperator,ZoomOperator,0,6,7,persistente,
3769974631,UnusedFormalParameter,src/main/java/fr/clementgre/pdf4teachers/panel/MainScreen/ZoomOperator.java,ZoomOperator,doRemoveScrollAnimations,0,6,7,persistente,
3769974631,UnusedFormalParameter,src/main/java/fr/clementgre/pdf4teachers/panel/MainScreen/ZoomOperator.java,ZoomOperator,doRemoveZoomAnimations,0,6,7,persistente,
3769974631,CognitiveComplexity,src/main/java/fr/clementgre/pdf4teachers/panel/sidebar/SideBar.java,SideBar,SideBar,0,6,7,persistente,
3769974631,AvoidDeeplyNestedIfStmts,src/main/java/fr/clementgre/pdf4teachers/panel/sidebar/SideBar.java,SideBar,SideBar,0,6,7,persistente,
3769974631,CollapsibleIfStatements,src/main/java/fr/clementgre/pdf4teachers/panel/sidebar/SideBar.java,SideBar,SideBar,0,6,7,persistente,
3769974631,AvoidDeeplyNestedIfStmts,src/main/java/fr/clementgre/pdf4teachers/panel/sidebar/SideBar.java,SideBar,SideBar,0,6,7,persistente,
3769974631,CollapsibleIfStatements,src/main/java/fr/clementgre/pdf4teachers/panel/sidebar/SideBar.java,SideBar,SideBar,0,6,7,persistente,
3769974631,AvoidDeeplyNestedIfStmts,src/main/java/fr/clementgre/pdf4teachers/panel/sidebar/SideBar.java,SideBar,SideBar,0,6,7,persistente,
3769974631,CollapsibleIfStatements,src/main/java/fr/clementgre/pdf4teachers/panel/sidebar/SideBar.java,SideBar,SideBar,0,6,7,persistente,
3769974631,AvoidDeeplyNestedIfStmts,src/main/java/fr/clementgre/pdf4teachers/panel/sidebar/SideBar.java,SideBar,removeToPane,0,6,7,persistente,
3769974631,CollapsibleIfStatements,src/main/java/fr/clementgre/pdf4teachers/panel/sidebar/SideTab.java,SideTab,SideTab,0,6,7,persistente,
3769974631,CognitiveComplexity,src/main/java/fr/clementgre/pdf4teachers/panel/sidebar/files/FileTab.java,FileTab,onDragDrop,0,6,7,persistente,
3769974631,CollapsibleIfStatements,src/main/java/fr/clementgre/pdf4teachers/panel/sidebar/files/FileTab.java,FileTab,getCurrentDir,0,6,7,persistente,
3769974631,CognitiveComplexity,src/main/java/fr/clementgre/pdf4teachers/panel/sidebar/files/FileTab.java,FileTab,copyFileDialog,0,6,7,persistente,
3769974631,NPathComplexity,src/main/java/fr/clementgre/pdf4teachers/panel/sidebar/files/FileTab.java,FileTab,copyFileDialog,0,6,7,persistente,
3769974631,AvoidDeeplyNestedIfStmts,src/main/java/fr/clementgre/pdf4teachers/panel/sidebar/files/FileTab.java,FileTab,copyFileDialog,0,6,7,persistente,
3769974631,AvoidDeeplyNestedIfStmts,src/main/java/fr/clementgre/pdf4teachers/panel/sidebar/files/FileTab.java,FileTab,copyFileDialog,0,6,7,persistente,
3769974631,AvoidDeeplyNestedIfStmts,src/main/java/fr/clementgre/pdf4teachers/panel/sidebar/files/FileTab.java,FileTab,copyFileDialog,0,6,7,persistente,
3769974631,AvoidDeeplyNestedIfStmts,src/main/java/fr/clementgre/pdf4teachers/panel/sidebar/files/FileTab.java,FileTab,copyFileDialog,0,6,7,persistente,
3769974631,CognitiveComplexity,src/main/java/fr/clementgre/pdf4teachers/panel/sidebar/paint/PaintTab.java,PaintTab,setup,0,6,7,persistente,
3769974631,CollapsibleIfStatements,src/main/java/fr/clementgre/pdf4teachers/panel/sidebar/paint/PaintTab.java,PaintTab,setup,0,6,7,persistente,
3769974631,UnusedFormalParameter,src/main/java/fr/clementgre/pdf4teachers/panel/sidebar/paint/PaintTab.java,PaintTab,updateDocumentStatus,0,6,7,persistente,
3769974631,UnusedFormalParameter,src/main/java/fr/clementgre/pdf4teachers/panel/sidebar/paint/PaintTab.java,PaintTab,updateDocumentStatus,0,6,7,persistente,
3769974631,UnusedFormalParameter,src/main/java/fr/clementgre/pdf4teachers/panel/sidebar/paint/PaintTab.java,PaintTab,vectorDrawModeChanged,0,6,7,persistente,
3769974631,AvoidDeeplyNestedIfStmts,src/main/java/fr/clementgre/pdf4teachers/panel/sidebar/paint/PaintTab.java,PaintTab,vectorDrawModeChanged,0,6,7,persistente,
3769974631,CognitiveComplexity,src/main/java/fr/clementgre/pdf4teachers/panel/sidebar/skills/SkillsTab.java,SkillsTab,setup,0,6,7,persistente,
3769974631,CognitiveComplexity,src/main/java/fr/clementgre/pdf4teachers/panel/sidebar/texts/TextTab.java,TextTab,setup,0,6,7,persistente,
3769974631,AvoidDeeplyNestedIfStmts,src/main/java/fr/clementgre/pdf4teachers/panel/sidebar/texts/TextTab.java,TextTab,setup,0,6,7,persistente,
3769974631,CollapsibleIfStatements,src/main/java/fr/clementgre/pdf4teachers/panel/sidebar/texts/TextTab.java,TextTab,setup,0,6,7,persistente,
3769974631,AvoidDeeplyNestedIfStmts,src/main/java/fr/clementgre/pdf4teachers/document/render/display/hyperlinks/HyperlinkOverlayManager.java,HyperlinkOverlayManager,createHyperlinkFromAnnotation,1,6,7,introducido,
3769974631,CognitiveComplexity,src/main/java/fr/clementgre/pdf4teachers/panel/sidebar/toc/TocTab.java,TocTab,buildOutlineTree,1,4,7,transitorio,diagnostico_desaparece
3769974631,AvoidDeeplyNestedIfStmts,src/main/java/fr/clementgre/pdf4teachers/panel/sidebar/toc/TocTab.java,TocTab,buildOutlineTree,1,4,7,transitorio,diagnostico_desaparece
3769974631,EmptyCatchBlock,src/main/java/fr/clementgre/pdf4teachers/panel/sidebar/toc/TocTab.java,TocTab,buildOutlineTree,1,4,7,transitorio,diagnostico_desaparece
3769974631,CognitiveComplexity,src/main/java/fr/clementgre/pdf4teachers/interfaces/windows/MainWindow.java,MainWindow,MainWindow,2,5,7,transitorio,diagnostico_desaparece
3769974631,CollapsibleIfStatements,src/main/java/fr/clementgre/pdf4teachers/interfaces/windows/MainWindow.java,MainWindow,MainWindow,2,5,7,transitorio,diagnostico_desaparece
3769974631,CollapsibleIfStatements,src/main/java/fr/clementgre/pdf4teachers/interfaces/windows/MainWindow.java,MainWindow,MainWindow,2,5,7,transitorio,diagnostico_desaparece
3769974631,CognitiveComplexity,src/main/java/fr/clementgre/pdf4teachers/document/render/display/hyperlinks/HyperlinkOverlayManager.java,HyperlinkOverlayManager,createHyperlinkFromAnnotation,6,6,7,introducido,
3769974631,AvoidDeeplyNestedIfStmts,src/main/java/fr/clementgre/pdf4teachers/document/render/display/hyperlinks/HyperlinkOverlayManager.java,HyperlinkOverlayManager,createHyperlinkFromAnnotation,6,6,7,introducido,
3769974631,CognitiveComplexity,src/main/java/fr/clementgre/pdf4teachers/document/render/display/hyperlinks/HyperlinkOverlayManager.java,HyperlinkOverlayManager.HyperlinkOverlay,handleClick,6,6,7,introducido,
3837458181,UnusedPrivateField,studio-android/LightNovelLibrary/app/src/main/java/org/mewx/wenku8/activity/VerticalReaderActivity.java,VerticalReaderActivity,,0,3,4,persistente,
3837458181,CognitiveComplexity,studio-android/LightNovelLibrary/app/src/main/java/org/mewx/wenku8/activity/VerticalReaderActivity.java,VerticalReaderActivity.asyncNovelContentTask,onPostExecute,0,3,4,persistente,
3815680128,SimplifyBooleanReturns,fe/fe-core/src/main/java/com/starrocks/qe/scheduler/slot/BaseSlotManager.java,BaseSlotManager,handleFrontendRestart,0,11,12,persistente,
3815680128,UnusedPrivateField,fe/fe-core/src/main/java/com/starrocks/server/GlobalStateMgr.java,GlobalStateMgr,,0,11,12,persistente,
3815680128,CognitiveComplexity,fe/fe-core/src/main/java/com/starrocks/server/GlobalStateMgr.java,GlobalStateMgr,tryLock,0,11,12,persistente,
3815680128,CollapsibleIfStatements,fe/fe-core/src/main/java/com/starrocks/server/GlobalStateMgr.java,GlobalStateMgr,saveImage,0,11,12,persistente,
3815680128,CognitiveComplexity,fe/fe-core/src/main/java/com/starrocks/server/GlobalStateMgr.java,GlobalStateMgr,createReplayer,0,11,12,persistente,
3815680128,CognitiveComplexity,fe/fe-core/src/main/java/com/starrocks/server/GlobalStateMgr.java,GlobalStateMgr,replayJournalInner,0,11,12,persistente,
3815680128,CognitiveComplexity,fe/fe-core/src/main/java/com/starrocks/server/GlobalStateMgr.java,GlobalStateMgr,canSkipBadReplayedJournal,0,11,12,persistente,
3815680128,CognitiveComplexity,fe/fe-core/src/main/java/com/starrocks/server/GlobalStateMgr.java,GlobalStateMgr,calcShortKeyColumnCount,0,11,12,persistente,
3815680128,AvoidDeeplyNestedIfStmts,fe/fe-core/src/main/java/com/starrocks/server/GlobalStateMgr.java,GlobalStateMgr,calcShortKeyColumnCount,0,11,12,persistente,
3815680128,CognitiveComplexity,fe/fe-core/src/main/java/com/starrocks/server/GlobalStateMgr.java,GlobalStateMgr,refreshOthersFeTable,0,11,12,persistente,
3815680128,CognitiveComplexity,fe/fe-core/src/main/java/com/starrocks/extension/DefaultExtensionContext.java,DefaultExtensionContext,resolveConstructor,1,5,12,transitorio,diagnostico_desaparece
3815680128,EmptyCatchBlock,fe/fe-core/src/main/java/com/starrocks/extension/DefaultExtensionContext.java,DefaultExtensionContext,resolveConstructor,1,5,12,transitorio,diagnostico_desaparece
3815680128,CognitiveComplexity,fe/fe-core/src/main/java/com/starrocks/extension/DefaultExtensionContext.java,DefaultExtensionContext,resolveConstructorInternal,6,11,12,introducido,
3815680128,EmptyCatchBlock,fe/fe-core/src/main/java/com/starrocks/extension/DefaultExtensionContext.java,DefaultExtensionContext,resolveConstructorInternal,6,11,12,introducido,
3723094248,CognitiveComplexity,opencga-catalog/src/main/java/org/opencb/opencga/catalog/io/PosixIOManager.java,PosixIOManager,unzip,0,5,6,persistente,
3723094248,CognitiveComplexity,opencga-catalog/src/main/java/org/opencb/opencga/catalog/io/PosixIOManager.java,PosixIOManager,head,0,5,6,persistente,
3723094248,AvoidDeeplyNestedIfStmts,opencga-catalog/src/main/java/org/opencb/opencga/catalog/io/PosixIOManager.java,PosixIOManager,head,0,5,6,persistente,
3723094248,AvoidDeeplyNestedIfStmts,opencga-catalog/src/main/java/org/opencb/opencga/catalog/io/PosixIOManager.java,PosixIOManager,head,0,5,6,persistente,
3723094248,AvoidReassigningParameters,opencga-catalog/src/main/java/org/opencb/opencga/catalog/io/PosixIOManager.java,PosixIOManager,getContentPerBytes,0,5,6,persistente,
3723094248,UnusedPrivateField,opencga-catalog/src/main/java/org/opencb/opencga/catalog/managers/FileManager.java,FileManager,,0,5,6,persistente,
3723094248,UnusedPrivateField,opencga-catalog/src/main/java/org/opencb/opencga/catalog/managers/FileManager.java,FileManager,,0,5,6,persistente,
3723094248,CognitiveComplexity,opencga-catalog/src/main/java/org/opencb/opencga/catalog/managers/FileManager.java,FileManager,internalGet,0,5,6,persistente,
3723094248,NPathComplexity,opencga-catalog/src/main/java/org/opencb/opencga/catalog/managers/FileManager.java,FileManager,internalGet,0,5,6,persistente,
3723094248,AvoidDeeplyNestedIfStmts,opencga-catalog/src/main/java/org/opencb/opencga/catalog/managers/FileManager.java,FileManager,internalGet,0,5,6,persistente,
3723094248,CognitiveComplexity,opencga-catalog/src/main/java/org/opencb/opencga/catalog/managers/FileManager.java,FileManager,matchUpVariantFiles,0,5,6,persistente,
3723094248,NPathComplexity,opencga-catalog/src/main/java/org/opencb/opencga/catalog/managers/FileManager.java,FileManager,matchUpVariantFiles,0,5,6,persistente,
3723094248,AvoidReassigningParameters,opencga-catalog/src/main/java/org/opencb/opencga/catalog/managers/FileManager.java,FileManager,createFolder,0,5,6,persistente,
3723094248,AvoidReassigningParameters,opencga-catalog/src/main/java/org/opencb/opencga/catalog/managers/FileManager.java,FileManager,createFolder,0,5,6,persistente,
3723094248,CognitiveComplexity,opencga-catalog/src/main/java/org/opencb/opencga/catalog/managers/FileManager.java,FileManager,create,0,5,6,persistente,
3723094248,NPathComplexity,opencga-catalog/src/main/java/org/opencb/opencga/catalog/managers/FileManager.java,FileManager,create,0,5,6,persistente,
3723094248,CollapsibleIfStatements,opencga-catalog/src/main/java/org/opencb/opencga/catalog/managers/FileManager.java,FileManager,create,0,5,6,persistente,
3723094248,AvoidDeeplyNestedIfStmts,opencga-catalog/src/main/java/org/opencb/opencga/catalog/managers/FileManager.java,FileManager,create,0,5,6,persistente,
3723094248,CognitiveComplexity,opencga-catalog/src/main/java/org/opencb/opencga/catalog/managers/FileManager.java,FileManager,validateNewFile,0,5,6,persistente,
3723094248,NPathComplexity,opencga-catalog/src/main/java/org/opencb/opencga/catalog/managers/FileManager.java,FileManager,validateNewFile,0,5,6,persistente,
3723094248,CognitiveComplexity,opencga-catalog/src/main/java/org/opencb/opencga/catalog/managers/FileManager.java,FileManager,register,0,5,6,persistente,
3723094248,AvoidDeeplyNestedIfStmts,opencga-catalog/src/main/java/org/opencb/opencga/catalog/managers/FileManager.java,FileManager,register,0,5,6,persistente,
3723094248,UnusedLocalVariable,opencga-catalog/src/main/java/org/opencb/opencga/catalog/managers/FileManager.java,FileManager,validateNewSamples,0,5,6,persistente,
3723094248,CognitiveComplexity,opencga-catalog/src/main/java/org/opencb/opencga/catalog/managers/FileManager.java,FileManager,upload,0,5,6,persistente,
3723094248,AvoidReassigningParameters,opencga-catalog/src/main/java/org/opencb/opencga/catalog/managers/FileManager.java,FileManager,upload,0,4,6,eliminado,diagnostico_desaparece
3723094248,AvoidDeeplyNestedIfStmts,opencga-catalog/src/main/java/org/opencb/opencga/catalog/managers/FileManager.java,FileManager,upload,0,4,6,eliminado,diagnostico_desaparece
3723094248,CollapsibleIfStatements,opencga-catalog/src/main/java/org/opencb/opencga/catalog/managers/FileManager.java,FileManager,upload,0,5,6,persistente,
3723094248,CognitiveComplexity,opencga-catalog/src/main/java/org/opencb/opencga/catalog/managers/FileManager.java,FileManager,moveAndRegister,0,5,6,persistente,
3723094248,AvoidReassigningParameters,opencga-catalog/src/main/java/org/opencb/opencga/catalog/managers/FileManager.java,FileManager,moveAndRegister,0,5,6,persistente,
3723094248,AvoidReassigningParameters,opencga-catalog/src/main/java/org/opencb/opencga/catalog/managers/FileManager.java,FileManager,moveAndRegister,0,5,6,persistente,
3723094248,AvoidDeeplyNestedIfStmts,opencga-catalog/src/main/java/org/opencb/opencga/catalog/managers/FileManager.java,FileManager,moveAndRegister,0,5,6,persistente,
3723094248,AvoidDeeplyNestedIfStmts,opencga-catalog/src/main/java/org/opencb/opencga/catalog/managers/FileManager.java,FileManager,moveAndRegister,0,5,6,persistente,
3723094248,AvoidReassigningParameters,opencga-catalog/src/main/java/org/opencb/opencga/catalog/managers/FileManager.java,FileManager,getTree,0,5,6,persistente,
3723094248,AvoidDeeplyNestedIfStmts,opencga-catalog/src/main/java/org/opencb/opencga/catalog/managers/FileManager.java,FileManager,getTree,0,5,6,persistente,
3723094248,AvoidReassigningParameters,opencga-catalog/src/main/java/org/opencb/opencga/catalog/managers/FileManager.java,FileManager,getFilesFromFolder,0,5,6,persistente,
3723094248,AvoidReassigningParameters,opencga-catalog/src/main/java/org/opencb/opencga/catalog/managers/FileManager.java,FileManager,iterator,0,5,6,persistente,
3723094248,AvoidReassigningParameters,opencga-catalog/src/main/java/org/opencb/opencga/catalog/managers/FileManager.java,FileManager,iterator,0,5,6,persistente,
3723094248,AvoidReassigningParameters,opencga-catalog/src/main/java/org/opencb/opencga/catalog/managers/FileManager.java,FileManager,facet,0,5,6,persistente,
3723094248,AvoidReassigningParameters,opencga-catalog/src/main/java/org/opencb/opencga/catalog/managers/FileManager.java,FileManager,search,0,5,6,persistente,
3723094248,AvoidReassigningParameters,opencga-catalog/src/main/java/org/opencb/opencga/catalog/managers/FileManager.java,FileManager,search,0,5,6,persistente,
3723094248,AvoidReassigningParameters,opencga-catalog/src/main/java/org/opencb/opencga/catalog/managers/FileManager.java,FileManager,distinct,0,5,6,persistente,
3723094248,AvoidReassigningParameters,opencga-catalog/src/main/java/org/opencb/opencga/catalog/managers/FileManager.java,FileManager,count,0,5,6,persistente,
3723094248,AvoidReassigningParameters,opencga-catalog/src/main/java/org/opencb/opencga/catalog/managers/FileManager.java,FileManager,delete,0,5,6,persistente,
3723094248,AvoidReassigningParameters,opencga-catalog/src/main/java/org/opencb/opencga/catalog/managers/FileManager.java,FileManager,syncUntrackedFiles,0,5,6,persistente,
3723094248,CognitiveComplexity,opencga-catalog/src/main/java/org/opencb/opencga/catalog/managers/FileManager.java,FileManager,physicalDelete,0,5,6,persistente,
3723094248,AvoidDeeplyNestedIfStmts,opencga-catalog/src/main/java/org/opencb/opencga/catalog/managers/FileManager.java,FileManager,physicalDelete,0,5,6,persistente,
3723094248,AvoidReassigningParameters,opencga-catalog/src/main/java/org/opencb/opencga/catalog/managers/FileManager.java,FileManager,updateAnnotations,0,5,6,persistente,
3723094248,AvoidReassigningParameters,opencga-catalog/src/main/java/org/opencb/opencga/catalog/managers/FileManager.java,FileManager,update,0,5,6,persistente,
3723094248,CognitiveComplexity,opencga-catalog/src/main/java/org/opencb/opencga/catalog/managers/FileManager.java,FileManager,update,0,5,6,persistente,
3723094248,NPathComplexity,opencga-catalog/src/main/java/org/opencb/opencga/catalog/managers/FileManager.java,FileManager,update,0,5,6,persistente,
3723094248,UnusedFormalParameter,opencga-catalog/src/main/java/org/opencb/opencga/catalog/managers/FileManager.java,FileManager,update,0,5,6,persistente,
3723094248,AvoidReassigningParameters,opencga-catalog/src/main/java/org/opencb/opencga/catalog/managers/FileManager.java,FileManager,update,0,5,6,persistente,
3723094248,AvoidReassigningParameters,opencga-catalog/src/main/java/org/opencb/opencga/catalog/managers/FileManager.java,FileManager,update,0,5,6,persistente,
3723094248,AvoidReassigningParameters,opencga-catalog/src/main/java/org/opencb/opencga/catalog/managers/FileManager.java,FileManager,link,0,5,6,persistente,
3723094248,AvoidReassigningParameters,opencga-catalog/src/main/java/org/opencb/opencga/catalog/managers/FileManager.java,FileManager,rank,0,5,6,persistente,
3723094248,AvoidReassigningParameters,opencga-catalog/src/main/java/org/opencb/opencga/catalog/managers/FileManager.java,FileManager,groupBy,0,5,6,persistente,
3723094248,AvoidReassigningParameters,opencga-catalog/src/main/java/org/opencb/opencga/catalog/managers/FileManager.java,FileManager,groupBy,0,5,6,persistente,
3723094248,CognitiveComplexity,opencga-catalog/src/main/java/org/opencb/opencga/catalog/managers/FileManager.java,FileManager,getAcls,0,5,6,persistente,
3723094248,CognitiveComplexity,opencga-catalog/src/main/java/org/opencb/opencga/catalog/managers/FileManager.java,FileManager,updateAcl,0,5,6,persistente,
3723094248,NPathComplexity,opencga-catalog/src/main/java/org/opencb/opencga/catalog/managers/FileManager.java,FileManager,updateAcl,0,5,6,persistente,
3723094248,CognitiveComplexity,opencga-catalog/src/main/java/org/opencb/opencga/catalog/managers/FileManager.java,FileManager,checkCanDeleteFile,0,5,6,persistente,
3723094248,AvoidDeeplyNestedIfStmts,opencga-catalog/src/main/java/org/opencb/opencga/catalog/managers/FileManager.java,FileManager,checkCanDeleteFile,0,5,6,persistente,
3723094248,AvoidDeeplyNestedIfStmts,opencga-catalog/src/main/java/org/opencb/opencga/catalog/managers/FileManager.java,FileManager,checkCanDeleteFile,0,5,6,persistente,
3723094248,AvoidDeeplyNestedIfStmts,opencga-catalog/src/main/java/org/opencb/opencga/catalog/managers/FileManager.java,FileManager,checkCanDeleteFile,0,5,6,persistente,
3723094248,CollapsibleIfStatements,opencga-catalog/src/main/java/org/opencb/opencga/catalog/managers/FileManager.java,FileManager,checkCanDeleteFile,0,5,6,persistente,
3723094248,CognitiveComplexity,opencga-catalog/src/main/java/org/opencb/opencga/catalog/managers/FileManager.java,FileManager,createParents,0,5,6,persistente,
3723094248,AvoidDeeplyNestedIfStmts,opencga-catalog/src/main/java/org/opencb/opencga/catalog/managers/FileManager.java,FileManager,createParents,0,5,6,persistente,
3723094248,CognitiveComplexity,opencga-catalog/src/main/java/org/opencb/opencga/catalog/managers/FileManager.java,FileManager,privateLink,0,5,6,persistente,
3723094248,AvoidDeeplyNestedIfStmts,opencga-catalog/src/main/java/org/opencb/opencga/catalog/managers/FileManager.java,FileManager,privateLink,0,5,6,persistente,
3723094248,AvoidDeeplyNestedIfStmts,opencga-catalog/src/main/java/org/opencb/opencga/catalog/managers/FileManager.java,FileManager,privateLink,0,5,6,persistente,
3723094248,CognitiveComplexity,opencga-catalog/src/main/java/org/opencb/opencga/catalog/managers/FileManager.java,FileManager,visitFile,0,5,6,persistente,
3723094248,AvoidDeeplyNestedIfStmts,opencga-catalog/src/main/java/org/opencb/opencga/catalog/managers/FileManager.java,FileManager,visitFile,0,5,6,persistente,
3723094248,AvoidDeeplyNestedIfStmts,opencga-catalog/src/main/java/org/opencb/opencga/catalog/managers/FileManager.java,FileManager,visitFile,0,5,6,persistente,
3723094248,CognitiveComplexity,opencga-catalog/src/main/java/org/opencb/opencga/catalog/managers/FileManager.java,FileManager,checkHooks,0,5,6,persistente,
3723094248,NPathComplexity,opencga-catalog/src/main/java/org/opencb/opencga/catalog/managers/FileManager.java,FileManager,checkHooks,0,5,6,persistente,
3723094248,AvoidDeeplyNestedIfStmts,opencga-catalog/src/main/java/org/opencb/opencga/catalog/managers/FileManager.java,FileManager,checkHooks,0,5,6,persistente,
3723094248,AvoidDeeplyNestedIfStmts,opencga-catalog/src/main/java/org/opencb/opencga/catalog/managers/FileManager.java,FileManager,checkHooks,0,5,6,persistente,
3723094248,AvoidDeeplyNestedIfStmts,opencga-catalog/src/main/java/org/opencb/opencga/catalog/managers/FileManager.java,FileManager,checkHooks,0,5,6,persistente,
3723094248,AvoidDeeplyNestedIfStmts,opencga-catalog/src/main/java/org/opencb/opencga/catalog/managers/FileManager.java,FileManager,checkHooks,0,5,6,persistente,
3723094248,AvoidDeeplyNestedIfStmts,opencga-catalog/src/main/java/org/opencb/opencga/catalog/managers/FileManager.java,FileManager,checkHooks,0,5,6,persistente,
3723094248,AvoidDeeplyNestedIfStmts,opencga-catalog/src/main/java/org/opencb/opencga/catalog/managers/FileManager.java,FileManager,checkHooks,0,5,6,persistente,
3723094248,AvoidDeeplyNestedIfStmts,opencga-catalog/src/main/java/org/opencb/opencga/catalog/managers/FileManager.java,FileManager,checkHooks,0,5,6,persistente,
3723094248,AvoidDeeplyNestedIfStmts,opencga-catalog/src/main/java/org/opencb/opencga/catalog/managers/FileManager.java,FileManager,checkHooks,0,5,6,persistente,
3723094248,AvoidDeeplyNestedIfStmts,opencga-catalog/src/main/java/org/opencb/opencga/catalog/managers/FileManager.java,FileManager,checkHooks,0,5,6,persistente,
3723094248,CognitiveComplexity,opencga-catalog/src/main/java/org/opencb/opencga/catalog/utils/FileScanner.java,FileScanner,scan,0,5,6,persistente,
3723094248,NPathComplexity,opencga-catalog/src/main/java/org/opencb/opencga/catalog/utils/FileScanner.java,FileScanner,scan,0,5,6,persistente,
3723094248,AvoidReassigningParameters,opencga-catalog/src/main/java/org/opencb/opencga/catalog/utils/FileScanner.java,FileScanner,scan,0,5,6,persistente,
3723094248,AvoidReassigningParameters,opencga-catalog/src/main/java/org/opencb/opencga/catalog/utils/FileScanner.java,FileScanner,scan,0,5,6,persistente,
3723094248,AvoidDeeplyNestedIfStmts,opencga-catalog/src/main/java/org/opencb/opencga/catalog/utils/FileScanner.java,FileScanner,scan,0,5,6,persistente,
3723094248,AvoidDeeplyNestedIfStmts,opencga-catalog/src/main/java/org/opencb/opencga/catalog/utils/FileScanner.java,FileScanner,scan,0,5,6,persistente,
3723094248,ExcessiveParameterList,opencga-server/src/main/java/org/opencb/opencga/server/rest/FileWSServer.java,FileWSServer,upload,0,5,6,persistente,
3723094248,AvoidReassigningParameters,opencga-server/src/main/java/org/opencb/opencga/server/rest/FileWSServer.java,FileWSServer,upload,0,5,6,persistente,
3723094248,AvoidReassigningParameters,opencga-server/src/main/java/org/opencb/opencga/server/rest/FileWSServer.java,FileWSServer,upload,0,5,6,persistente,
3723094248,AvoidReassigningParameters,opencga-server/src/main/java/org/opencb/opencga/server/rest/FileWSServer.java,FileWSServer,upload,0,5,6,persistente,
3723094248,AvoidReassigningParameters,opencga-server/src/main/java/org/opencb/opencga/server/rest/FileWSServer.java,FileWSServer,head,0,5,6,persistente,
3723094248,AvoidReassigningParameters,opencga-server/src/main/java/org/opencb/opencga/server/rest/FileWSServer.java,FileWSServer,tail,0,5,6,persistente,
3723094248,ExcessiveParameterList,opencga-server/src/main/java/org/opencb/opencga/server/rest/FileWSServer.java,FileWSServer,search,0,5,6,persistente,
3723094248,ExcessiveParameterList,opencga-server/src/main/java/org/opencb/opencga/server/rest/FileWSServer.java,FileWSServer,distinct,0,5,6,persistente,
3723094248,AvoidReassigningParameters,opencga-server/src/main/java/org/opencb/opencga/server/rest/FileWSServer.java,FileWSServer,updatePOST,0,5,6,persistente,
3723094248,AvoidReassigningParameters,opencga-server/src/main/java/org/opencb/opencga/server/rest/FileWSServer.java,FileWSServer,updatePOST,0,5,6,persistente,
3723094248,AvoidReassigningParameters,opencga-server/src/main/java/org/opencb/opencga/server/rest/FileWSServer.java,FileWSServer,updateAnnotations,0,5,6,persistente,
3723094248,UnusedLocalVariable,opencga-server/src/main/java/org/opencb/opencga/server/rest/FileWSServer.java,FileWSServer,delete,0,5,6,persistente,
3723094248,ExcessiveParameterList,opencga-server/src/main/java/org/opencb/opencga/server/rest/FileWSServer.java,FileWSServer,getAggregationStats,0,5,6,persistente,
4024919716,UnusedPrivateField,gsyVideoPlayer-exo_player2/src/main/java/tv/danmaku/ijk/media/exo2/IjkExo2MediaPlayer.java,IjkExo2MediaPlayer,,0,2,3,persistente,
4024919716,CognitiveComplexity,gsyVideoPlayer-exo_player2/src/main/java/tv/danmaku/ijk/media/exo2/IjkExo2MediaPlayer.java,IjkExo2MediaPlayer,prepareAsyncInternal,0,2,3,persistente,
4024919716,CognitiveComplexity,gsyVideoPlayer-exo_player2/src/main/java/tv/danmaku/ijk/media/exo2/IjkExo2MediaPlayer.java,IjkExo2MediaPlayer,onPlayWhenReadyChanged,0,2,3,persistente,
4024919716,NPathComplexity,gsyVideoPlayer-exo_player2/src/main/java/tv/danmaku/ijk/media/exo2/IjkExo2MediaPlayer.java,IjkExo2MediaPlayer,run,2,2,3,introducido,
3552563546,CognitiveComplexity,ojp-server/src/main/java/org/openjproxy/grpc/server/StatementServiceImpl.java,StatementServiceImpl,connect,0,5,6,persistente,
3552563546,CognitiveComplexity,ojp-server/src/main/java/org/openjproxy/grpc/server/StatementServiceImpl.java,StatementServiceImpl,createXADataSource,0,0,6,eliminado,entidad_eliminada
3552563546,AvoidDeeplyNestedIfStmts,ojp-server/src/main/java/org/openjproxy/grpc/server/StatementServiceImpl.java,StatementServiceImpl,createXADataSource,0,0,6,eliminado,entidad_eliminada
3552563546,CognitiveComplexity,ojp-server/src/main/java/org/openjproxy/grpc/server/StatementServiceImpl.java,StatementServiceImpl,executeUpdateInternal,0,5,6,persistente,
3552563546,NPathComplexity,ojp-server/src/main/java/org/openjproxy/grpc/server/StatementServiceImpl.java,StatementServiceImpl,executeUpdateInternal,0,5,6,persistente,
3552563546,AvoidDeeplyNestedIfStmts,ojp-server/src/main/java/org/openjproxy/grpc/server/StatementServiceImpl.java,StatementServiceImpl,executeUpdateInternal,0,5,6,persistente,
3552563546,AvoidDeeplyNestedIfStmts,ojp-server/src/main/java/org/openjproxy/grpc/server/StatementServiceImpl.java,StatementServiceImpl,executeUpdateInternal,0,5,6,persistente,
3552563546,AvoidDeeplyNestedIfStmts,ojp-server/src/main/java/org/openjproxy/grpc/server/StatementServiceImpl.java,StatementServiceImpl,executeUpdateInternal,0,5,6,persistente,
3552563546,AvoidDeeplyNestedIfStmts,ojp-server/src/main/java/org/openjproxy/grpc/server/StatementServiceImpl.java,StatementServiceImpl,executeUpdateInternal,0,5,6,persistente,
3552563546,CollapsibleIfStatements,ojp-server/src/main/java/org/openjproxy/grpc/server/StatementServiceImpl.java,StatementServiceImpl,executeUpdateInternal,0,5,6,persistente,
3552563546,CognitiveComplexity,ojp-server/src/main/java/org/openjproxy/grpc/server/StatementServiceImpl.java,StatementServiceImpl,createLob,0,5,6,persistente,
3552563546,CognitiveComplexity,ojp-server/src/main/java/org/openjproxy/grpc/server/StatementServiceImpl.java,StatementServiceImpl,onNext,0,5,6,persistente,
3552563546,CognitiveComplexity,ojp-server/src/main/java/org/openjproxy/grpc/server/StatementServiceImpl.java,StatementServiceImpl,readLob,0,5,6,persistente,
3552563546,NPathComplexity,ojp-server/src/main/java/org/openjproxy/grpc/server/StatementServiceImpl.java,StatementServiceImpl,readLob,0,5,6,persistente,
3552563546,CognitiveComplexity,ojp-server/src/main/java/org/openjproxy/grpc/server/StatementServiceImpl.java,StatementServiceImpl,callResource,0,5,6,persistente,
3552563546,NPathComplexity,ojp-server/src/main/java/org/openjproxy/grpc/server/StatementServiceImpl.java,StatementServiceImpl,callResource,0,5,6,persistente,
3552563546,CognitiveComplexity,ojp-server/src/main/java/org/openjproxy/grpc/server/StatementServiceImpl.java,StatementServiceImpl,sessionConnection,0,5,6,persistente,
3552563546,AvoidDeeplyNestedIfStmts,ojp-server/src/main/java/org/openjproxy/grpc/server/StatementServiceImpl.java,StatementServiceImpl,sessionConnection,0,5,6,persistente,
3552563546,AvoidDeeplyNestedIfStmts,ojp-server/src/main/java/org/openjproxy/grpc/server/StatementServiceImpl.java,StatementServiceImpl,sessionConnection,0,5,6,persistente,
3552563546,CognitiveComplexity,ojp-server/src/main/java/org/openjproxy/grpc/server/StatementServiceImpl.java,StatementServiceImpl,handleResultSet,0,5,6,persistente,
3552563546,NPathComplexity,ojp-server/src/main/java/org/openjproxy/grpc/server/StatementServiceImpl.java,StatementServiceImpl,handleResultSet,0,5,6,persistente,
3552563546,CognitiveComplexity,ojp-server/src/main/java/org/openjproxy/grpc/server/xa/XADataSourceFactory.java,XADataSourceFactory,createCockroachDBXADataSource,1,5,6,introducido,
3552563546,CognitiveComplexity,ojp-server/src/main/java/org/openjproxy/grpc/server/xa/XADataSourceFactory.java,XADataSourceFactory,createOracleXADataSource,2,5,6,introducido,
3552563546,AvoidDeeplyNestedIfStmts,ojp-server/src/main/java/org/openjproxy/grpc/server/xa/XADataSourceFactory.java,XADataSourceFactory,createOracleXADataSource,2,5,6,introducido,
3552563546,AvoidDeeplyNestedIfStmts,ojp-server/src/main/java/org/openjproxy/grpc/server/xa/XADataSourceFactory.java,XADataSourceFactory,createOracleXADataSource,2,5,6,introducido,
3552563546,AvoidDeeplyNestedIfStmts,ojp-server/src/main/java/org/openjproxy/grpc/server/xa/XADataSourceFactory.java,XADataSourceFactory,createOracleXADataSource,2,5,6,introducido,
3552563546,CognitiveComplexity,ojp-server/src/main/java/org/openjproxy/grpc/server/StatementServiceImpl.java,StatementServiceImpl,xaStart,4,5,6,introducido,
3552563546,CollapsibleIfStatements,ojp-server/src/main/java/org/openjproxy/grpc/server/StatementServiceImpl.java,StatementServiceImpl,xaStart,4,5,6,introducido,
3759155187,CognitiveComplexity,ime/app/src/main/java/com/anysoftkeyboard/utils/IMEUtil.java,IMEUtil,editDistance,0,0,3,eliminado,diagnostico_desaparece
3761767355,CognitiveComplexity,vm/ByteCodeTranslator/src/com/codename1/tools/translator/ByteCodeClass.java,ByteCodeClass,markDependencies,0,2,3,persistente,
3761767355,NPathComplexity,vm/ByteCodeTranslator/src/com/codename1/tools/translator/ByteCodeClass.java,ByteCodeClass,markDependencies,0,2,3,persistente,
3761767355,CognitiveComplexity,vm/ByteCodeTranslator/src/com/codename1/tools/translator/ByteCodeClass.java,ByteCodeClass,updateAllDependencies,0,2,3,persistente,
3761767355,NPathComplexity,vm/ByteCodeTranslator/src/com/codename1/tools/translator/ByteCodeClass.java,ByteCodeClass,updateAllDependencies,0,2,3,persistente,
3761767355,CognitiveComplexity,vm/ByteCodeTranslator/src/com/codename1/tools/translator/ByteCodeClass.java,ByteCodeClass,isMethodFromBaseOrInterface,0,2,3,persistente,
3761767355,AvoidDeeplyNestedIfStmts,vm/ByteCodeTranslator/src/com/codename1/tools/translator/ByteCodeClass.java,ByteCodeClass,isMethodFromBaseOrInterface,0,2,3,persistente,
3761767355,SimplifyBooleanReturns,vm/ByteCodeTranslator/src/com/codename1/tools/translator/ByteCodeClass.java,ByteCodeClass,isMethodFromBaseOrInterface,0,2,3,persistente,
3761767355,CognitiveComplexity,vm/ByteCodeTranslator/src/com/codename1/tools/translator/ByteCodeClass.java,ByteCodeClass,generateCCode,0,2,3,persistente,
3761767355,NPathComplexity,vm/ByteCodeTranslator/src/com/codename1/tools/translator/ByteCodeClass.java,ByteCodeClass,generateCCode,0,2,3,persistente,
3761767355,AvoidDeeplyNestedIfStmts,vm/ByteCodeTranslator/src/com/codename1/tools/translator/ByteCodeClass.java,ByteCodeClass,generateCCode,0,2,3,persistente,
3761767355,AvoidDeeplyNestedIfStmts,vm/ByteCodeTranslator/src/com/codename1/tools/translator/ByteCodeClass.java,ByteCodeClass,generateCCode,0,0,3,indeterminado,ambiguo
3761767355,AvoidDeeplyNestedIfStmts,vm/ByteCodeTranslator/src/com/codename1/tools/translator/ByteCodeClass.java,ByteCodeClass,generateCCode,0,0,3,indeterminado,ambiguo
3761767355,AvoidDeeplyNestedIfStmts,vm/ByteCodeTranslator/src/com/codename1/tools/translator/ByteCodeClass.java,ByteCodeClass,generateCCode,0,2,3,persistente,
3761767355,AvoidDeeplyNestedIfStmts,vm/ByteCodeTranslator/src/com/codename1/tools/translator/ByteCodeClass.java,ByteCodeClass,generateCCode,0,2,3,persistente,
3761767355,CollapsibleIfStatements,vm/ByteCodeTranslator/src/com/codename1/tools/translator/ByteCodeClass.java,ByteCodeClass,generateCCode,0,2,3,persistente,
3761767355,SimplifyBooleanReturns,vm/ByteCodeTranslator/src/com/codename1/tools/translator/ByteCodeClass.java,ByteCodeClass,doesImplement,0,2,3,persistente,
3761767355,CognitiveComplexity,vm/ByteCodeTranslator/src/com/codename1/tools/translator/ByteCodeClass.java,ByteCodeClass,buildStaticFieldList,0,2,3,persistente,
3761767355,CognitiveComplexity,vm/ByteCodeTranslator/src/com/codename1/tools/translator/ByteCodeClass.java,ByteCodeClass,generateCHeader,0,2,3,persistente,
3761767355,NPathComplexity,vm/ByteCodeTranslator/src/com/codename1/tools/translator/ByteCodeClass.java,ByteCodeClass,generateCHeader,0,2,3,persistente,
3761767355,AvoidDeeplyNestedIfStmts,vm/ByteCodeTranslator/src/com/codename1/tools/translator/ByteCodeClass.java,ByteCodeClass,generateCHeader,0,2,3,persistente,
3761767355,CognitiveComplexity,vm/ByteCodeTranslator/src/com/codename1/tools/translator/ByteCodeClass.java,ByteCodeClass,fillVirtualMethodTable,0,2,3,persistente,
3761767355,AvoidDeeplyNestedIfStmts,vm/ByteCodeTranslator/src/com/codename1/tools/translator/ByteCodeClass.java,ByteCodeClass,fillVirtualMethodTable,0,2,3,persistente,
3761767355,AvoidDeeplyNestedIfStmts,vm/ByteCodeTranslator/src/com/codename1/tools/translator/ByteCodeClass.java,ByteCodeClass,fillVirtualMethodTable,0,2,3,persistente,
3761767355,AvoidReassigningParameters,vm/ByteCodeTranslator/src/com/codename1/tools/translator/ByteCodeClass.java,ByteCodeClass,updateMethodOffsets,0,2,3,persistente,
3761767355,AvoidDeeplyNestedIfStmts,vm/ByteCodeTranslator/src/com/codename1/tools/translator/ByteCodeClass.java,ByteCodeClass,isTrulyFinal,0,2,3,persistente,
3761767355,AvoidReassigningParameters,vm/ByteCodeTranslator/src/com/codename1/tools/translator/ByteCodeField.java,ByteCodeField,ByteCodeField,0,2,3,persistente,
3761767355,CollapsibleIfStatements,vm/ByteCodeTranslator/src/com/codename1/tools/translator/ByteCodeField.java,ByteCodeField,shouldRemoveFromHeapCollection,0,2,3,persistente,
3761767355,AvoidDeeplyNestedIfStmts,vm/ByteCodeTranslator/src/com/codename1/tools/translator/ByteCodeField.java,ByteCodeField,shouldRemoveFromHeapCollection,0,2,3,persistente,
3761767355,AvoidDeeplyNestedIfStmts,vm/ByteCodeTranslator/src/com/codename1/tools/translator/ByteCodeField.java,ByteCodeField,shouldRemoveFromHeapCollection,0,2,3,persistente,
3761767355,AvoidDeeplyNestedIfStmts,vm/ByteCodeTranslator/src/com/codename1/tools/translator/ByteCodeClass.java,ByteCodeClass,generateCCode,1,2,3,indeterminado,
3761767355,AvoidDeeplyNestedIfStmts,vm/ByteCodeTranslator/src/com/codename1/tools/translator/ByteCodeClass.java,ByteCodeClass,generateCCode,1,2,3,indeterminado,
3761767355,AvoidDeeplyNestedIfStmts,vm/ByteCodeTranslator/src/com/codename1/tools/translator/ByteCodeClass.java,ByteCodeClass,generateCCode,1,2,3,indeterminado,
3654992141,CognitiveComplexity,plugin/src/main/java/net/dzikoysk/funnyguilds/config/PluginConfiguration.java,PluginConfiguration,loadGUI,0,2,3,persistente,
3654992141,CognitiveComplexity,plugin/src/main/java/net/dzikoysk/funnyguilds/config/PluginConfiguration.java,PluginConfiguration,loadProcessedProperties,0,2,3,persistente,
3654992141,NPathComplexity,plugin/src/main/java/net/dzikoysk/funnyguilds/config/PluginConfiguration.java,PluginConfiguration,loadProcessedProperties,0,2,3,persistente,
3654992141,CognitiveComplexity,plugin/src/main/java/net/dzikoysk/funnyguilds/listener/PlayerDeath.java,PlayerDeath,onDeath,0,2,3,persistente,
3654992141,NPathComplexity,plugin/src/main/java/net/dzikoysk/funnyguilds/listener/PlayerDeath.java,PlayerDeath,onDeath,0,2,3,persistente,
3654992141,CognitiveComplexity,plugin/src/main/java/net/dzikoysk/funnyguilds/listener/PlayerDeath.java,PlayerDeath,checkRankFarmingProtection,2,2,3,introducido,
3654992141,NPathComplexity,plugin/src/main/java/net/dzikoysk/funnyguilds/listener/PlayerDeath.java,PlayerDeath,checkRankFarmingProtection,2,2,3,introducido,
4073619725,CognitiveComplexity,src/main/java/com/shaft/driver/internal/DriverFactory/OptionsManager.java,OptionsManager,setDriverOptions,0,6,7,persistente,
4073619725,NPathComplexity,src/main/java/com/shaft/driver/internal/DriverFactory/OptionsManager.java,OptionsManager,setDriverOptions,0,6,7,persistente,
4073619725,CognitiveComplexity,src/main/java/com/shaft/driver/internal/DriverFactory/OptionsManager.java,OptionsManager,setSeleniumManagerOptions,0,6,7,persistente,
4073619725,AvoidDeeplyNestedIfStmts,src/main/java/com/shaft/driver/internal/DriverFactory/OptionsManager.java,OptionsManager,setSeleniumManagerOptions,0,6,7,persistente,
4073619725,AvoidDeeplyNestedIfStmts,src/main/java/com/shaft/driver/internal/DriverFactory/OptionsManager.java,OptionsManager,setSeleniumManagerOptions,0,6,7,persistente,
4073619725,AvoidDeeplyNestedIfStmts,src/main/java/com/shaft/driver/internal/DriverFactory/OptionsManager.java,OptionsManager,initializeMobileDesiredCapabilities,0,6,7,persistente,
4073619725,CognitiveComplexity,src/main/java/com/shaft/driver/internal/DriverFactory/OptionsManager.java,OptionsManager,setupChromiumOptions,0,6,7,persistente,
4073619725,NPathComplexity,src/main/java/com/shaft/driver/internal/DriverFactory/OptionsManager.java,OptionsManager,setupChromiumOptions,0,6,7,persistente,
4073619725,AvoidDeeplyNestedIfStmts,src/main/java/com/shaft/driver/internal/DriverFactory/OptionsManager.java,OptionsManager,setupChromiumOptions,0,6,7,persistente,
4073619725,AvoidDeeplyNestedIfStmts,src/main/java/com/shaft/driver/internal/DriverFactory/OptionsManager.java,OptionsManager,setupChromiumOptions,0,6,7,persistente,
4073619725,AvoidReassigningParameters,src/main/java/com/shaft/driver/internal/DriverFactory/OptionsManager.java,OptionsManager,setupChromiumOptions,0,6,7,persistente,
4073619725,EmptyCatchBlock,src/main/java/com/shaft/gui/browser/internal/JavaScriptWaitManager.java,JavaScriptWaitManager,waitForLazyLoading,0,6,7,persistente,
4073619725,CognitiveComplexity,src/main/java/com/shaft/gui/element/internal/Actions.java,Actions,performAction,0,6,7,persistente,
4073619725,CognitiveComplexity,src/main/java/com/shaft/gui/element/internal/Actions.java,Actions,takeScreenshot,0,6,7,persistente,
4073619725,CognitiveComplexity,src/main/java/com/shaft/gui/element/internal/Actions.java,Actions,report,0,6,7,persistente,
4073619725,EmptyCatchBlock,src/main/java/com/shaft/gui/internal/image/AnimatedGifManager.java,AnimatedGifManager,attachAnimatedGif,0,6,7,persistente,
4073619725,EmptyCatchBlock,src/main/java/com/shaft/gui/internal/image/AnimatedGifManager.java,AnimatedGifManager,appendToAnimatedGif,0,6,7,persistente,
4073619725,EmptyCatchBlock,src/main/java/com/shaft/gui/internal/image/AnimatedGifManager.java,AnimatedGifManager,startAnimatedGif,0,6,7,persistente,
4073619725,AvoidDeeplyNestedIfStmts,src/main/java/com/shaft/gui/internal/image/ScreenshotHelper.java,ScreenshotHelper,getAiAidedElementIdentificationFolderPath,0,6,7,persistente,
4073619725,EmptyCatchBlock,src/main/java/com/shaft/gui/internal/image/ScreenshotHelper.java,ScreenshotHelper,overlayShaftEngineLogo,0,6,7,persistente,
4073619725,EmptyCatchBlock,src/main/java/com/shaft/gui/internal/image/ScreenshotHelper.java,ScreenshotHelper,scrollVerticallyTo,0,6,7,persistente,
4073619725,AvoidReassigningParameters,src/main/java/com/shaft/gui/internal/image/ScreenshotManager.java,ScreenshotManager,takeScreenshot,0,6,7,persistente,
4073619725,EmptyCatchBlock,src/main/java/com/shaft/properties/internal/PropertiesHelper.java,PropertiesHelper,overrideScreenScalingFactorForWindows,0,6,7,persistente,
4073619725,CognitiveComplexity,src/main/java/com/shaft/properties/internal/PropertiesHelper.java,PropertiesHelper,initializeDefaultProperties,0,6,7,persistente,
4073619725,AvoidDeeplyNestedIfStmts,src/main/java/com/shaft/properties/internal/PropertiesHelper.java,PropertiesHelper,initializeDefaultProperties,0,6,7,persistente,
4073619725,CognitiveComplexity,src/main/java/com/shaft/properties/internal/PropertiesHelper.java,PropertiesHelper,overrideTargetProperties,0,6,7,persistente,
4073619725,AvoidDeeplyNestedIfStmts,src/main/java/com/shaft/properties/internal/PropertiesHelper.java,PropertiesHelper,overrideTargetProperties,0,6,7,persistente,
4073619725,AvoidReassigningParameters,src/main/java/com/shaft/tools/io/ExcelFileManager.java,ExcelFileManager,ExcelFileManager,0,6,7,persistente,
4073619725,EmptyCatchBlock,src/main/java/com/shaft/tools/io/ExcelFileManager.java,ExcelFileManager,ExcelFileManager,0,6,7,persistente,
4073619725,CognitiveComplexity,src/main/java/com/shaft/tools/io/internal/ReportManagerHelper.java,ReportManagerHelper,prepareIssuesLog,0,6,7,persistente,
4073619725,AvoidReassigningParameters,src/main/java/com/shaft/tools/io/internal/ReportManagerHelper.java,ReportManagerHelper,createLogEntry,0,6,7,persistente,
4073619725,AvoidReassigningParameters,src/main/java/com/shaft/tools/io/internal/ReportManagerHelper.java,ReportManagerHelper,createLogEntry,0,6,7,persistente,
4073619725,AvoidDeeplyNestedIfStmts,src/main/java/com/shaft/tools/io/internal/ReportManagerHelper.java,ReportManagerHelper,createLogEntry,0,6,7,persistente,
4073619725,CognitiveComplexity,src/main/java/com/shaft/tools/io/internal/ReportManagerHelper.java,ReportManagerHelper,writeStepToReport,0,6,7,persistente,
4073619725,AvoidDeeplyNestedIfStmts,src/main/java/com/shaft/tools/io/internal/ReportManagerHelper.java,ReportManagerHelper,writeStepToReport,0,6,7,persistente,
4073619725,AvoidDeeplyNestedIfStmts,src/main/java/com/shaft/tools/io/internal/ReportManagerHelper.java,ReportManagerHelper,writeStepToReport,0,6,7,persistente,
4073619725,AvoidDeeplyNestedIfStmts,src/main/java/com/shaft/tools/io/internal/ReportManagerHelper.java,ReportManagerHelper,writeStepToReport,0,6,7,persistente,
4073619725,AvoidDeeplyNestedIfStmts,src/main/java/com/shaft/tools/io/internal/ReportManagerHelper.java,ReportManagerHelper,logAttachmentAction,0,6,7,persistente,
4073619725,CognitiveComplexity,src/main/java/com/shaft/tools/io/internal/ReportManagerHelper.java,ReportManagerHelper,log,0,6,7,persistente,
4073619725,AvoidDeeplyNestedIfStmts,src/main/java/com/shaft/tools/io/internal/ReportManagerHelper.java,ReportManagerHelper,log,0,6,7,persistente,
4073619725,AvoidDeeplyNestedIfStmts,src/main/java/com/shaft/tools/io/internal/ReportManagerHelper.java,ReportManagerHelper,log,0,6,7,persistente,
4073619725,CognitiveComplexity,src/main/java/com/shaft/tools/io/internal/ReportManagerHelper.java,ReportManagerHelper,logNestedSteps,0,6,7,persistente,
4073619725,NPathComplexity,src/main/java/com/shaft/tools/io/internal/ReportManagerHelper.java,ReportManagerHelper,logNestedSteps,0,6,7,persistente,
4073619725,AvoidDeeplyNestedIfStmts,src/main/java/com/shaft/tools/io/internal/ReportManagerHelper.java,ReportManagerHelper,logNestedSteps,0,6,7,persistente,
4073619725,AvoidDeeplyNestedIfStmts,src/main/java/com/shaft/tools/io/internal/ReportManagerHelper.java,ReportManagerHelper,logNestedSteps,0,6,7,persistente,
4073619725,AvoidDeeplyNestedIfStmts,src/main/java/com/shaft/tools/io/internal/ReportManagerHelper.java,ReportManagerHelper,logNestedSteps,0,6,7,persistente,
4073619725,CognitiveComplexity,src/main/java/com/shaft/tools/io/internal/ReportManagerHelper.java,ReportManagerHelper,attach,0,6,7,persistente,
4073619725,AvoidDeeplyNestedIfStmts,src/main/java/com/shaft/tools/io/internal/ReportManagerHelper.java,ReportManagerHelper,attach,0,6,7,persistente,
4073619725,AvoidDeeplyNestedIfStmts,src/main/java/com/shaft/tools/io/internal/ReportManagerHelper.java,ReportManagerHelper,attach,0,6,7,persistente,
4073619725,CognitiveComplexity,src/main/java/com/shaft/validation/accessibility/AccessibilityHelper.java,AccessibilityHelper,analyzePageAccessibility,0,6,7,persistente,
4073619725,CognitiveComplexity,src/main/java/com/shaft/validation/accessibility/AccessibilityHelper.java,AccessibilityHelper,analyzePageAccessibilityAndSave,0,6,7,persistente,
4073619725,NPathComplexity,src/main/java/com/shaft/validation/accessibility/AccessibilityHelper.java,AccessibilityHelper,analyzePageAccessibilityAndSave,0,6,7,persistente,
4073619725,AvoidReassigningParameters,src/main/java/com/shaft/validation/accessibility/AccessibilityHelper.java,AccessibilityHelper,analyzePageAccessibilityAndSave,0,6,7,persistente,
4073619725,CognitiveComplexity,src/main/java/com/shaft/validation/accessibility/AccessibilityHelper.java,AccessibilityHelper,getWcagModelFromTags,0,6,7,persistente,
4073619725,CognitiveComplexity,src/main/java/com/shaft/validation/accessibility/AccessibilityHelper.java,AccessibilityHelper,buildAccordionSection,0,6,7,persistente,
4073619725,AvoidReassigningParameters,src/main/java/com/shaft/validation/accessibility/AccessibilityHelper.java,AccessibilityHelper,buildAccordionSection,0,6,7,persistente,
4073619725,AvoidDeeplyNestedIfStmts,src/main/java/com/shaft/gui/internal/image/ScreenshotHelper.java,ScreenshotHelper,overlayShaftEngineLogo,3,6,7,introducido,
4073619725,NPathComplexity,src/main/java/com/shaft/driver/internal/DriverFactory/OptionsManager.java,OptionsManager,setSeleniumManagerOptions,5,6,7,introducido,
3749961466,AvoidReassigningParameters,vavr/src/main/java/io/vavr/collection/Vector.java,Vector,patch,0,3,4,persistente,
3749961466,AvoidReassigningParameters,vavr/src/main/java/io/vavr/collection/Vector.java,Vector,patch,0,3,4,persistente,
3827869634,AvoidReassigningParameters,weixin-java-pay/src/main/java/com/github/binarywang/wxpay/service/impl/BaseWxPayServiceImpl.java,BaseWxPayServiceImpl,parseOrderNotifyResult,0,2,3,persistente,
3827869634,CognitiveComplexity,weixin-java-pay/src/main/java/com/github/binarywang/wxpay/service/impl/BaseWxPayServiceImpl.java,BaseWxPayServiceImpl,codepay,0,2,3,persistente,
3803296638,CognitiveComplexity,modules/admin/admin-impl/src/main/java/com/enonic/xp/admin/impl/portal/AdminSiteHandler.java,AdminSiteHandler,createPortalRequest,0,5,6,persistente,
3803296638,AvoidDeeplyNestedIfStmts,modules/portal/portal-impl/src/main/java/com/enonic/xp/portal/impl/exception/ExceptionRendererImpl.java,ExceptionRendererImpl,render,0,5,6,persistente,
3803296638,CognitiveComplexity,modules/portal/portal-impl/src/main/java/com/enonic/xp/portal/impl/exception/ExceptionRendererImpl.java,ExceptionRendererImpl,doRenderCustomError,0,5,6,persistente,
3803296638,AvoidDeeplyNestedIfStmts,modules/portal/portal-impl/src/main/java/com/enonic/xp/portal/impl/exception/ExceptionRendererImpl.java,ExceptionRendererImpl,doRenderCustomError,0,5,6,persistente,
3803296638,AvoidDeeplyNestedIfStmts,modules/portal/portal-impl/src/main/java/com/enonic/xp/portal/impl/exception/ExceptionRendererImpl.java,ExceptionRendererImpl,doRenderCustomError,0,5,6,persistente,
3803296638,CognitiveComplexity,modules/portal/portal-impl/src/main/java/com/enonic/xp/portal/impl/handler/AbstractAttachmentHandlerWorker.java,AbstractAttachmentHandlerWorker,execute,0,5,6,persistente,
3803296638,NPathComplexity,modules/portal/portal-impl/src/main/java/com/enonic/xp/portal/impl/handler/AbstractAttachmentHandlerWorker.java,AbstractAttachmentHandlerWorker,execute,0,5,6,persistente,
3803296638,SimplifyBooleanReturns,modules/portal/portal-impl/src/main/java/com/enonic/xp/portal/impl/handler/AssetHandler.java,AssetHandler,fingerprintMatches,0,5,6,persistente,
3803296638,SimplifyBooleanReturns,modules/portal/portal-impl/src/main/java/com/enonic/xp/portal/impl/handler/SlashApiHandler.java,SlashApiHandler,verifyRequestMounted,0,2,6,eliminado,diagnostico_desaparece
3803296638,SimplifyBooleanReturns,modules/portal/portal-impl/src/main/java/com/enonic/xp/portal/impl/handler/SlashApiHandler.java,SlashApiHandler,verifyPathMountedOnAdminTool,0,5,6,persistente,
3803296638,SimplifyBooleanReturns,modules/portal/portal-impl/src/main/java/com/enonic/xp/portal/impl/handler/SlashApiHandler.java,SlashApiHandler,verifyPathMountedOnWebapps,0,5,6,persistente,
3803296638,CognitiveComplexity,modules/portal/portal-impl/src/main/java/com/enonic/xp/portal/impl/handler/mapping/MappingHandlerHelper.java,MappingHandlerHelper,handle,0,5,6,persistente,
3803296638,AvoidDeeplyNestedIfStmts,modules/portal/portal-impl/src/main/java/com/enonic/xp/portal/impl/handler/mapping/MappingHandlerHelper.java,MappingHandlerHelper,handle,0,5,6,persistente,
3803296638,AvoidDeeplyNestedIfStmts,modules/portal/portal-impl/src/main/java/com/enonic/xp/portal/impl/handler/render/PageHandlerWorker.java,PageHandlerWorker,getShortcutParameters,0,5,6,persistente,
3803296638,CognitiveComplexity,modules/portal/portal-impl/src/main/java/com/enonic/xp/portal/impl/idprovider/PortalRequestAdapter.java,PortalRequestAdapter,baseUri,0,5,6,persistente,
3803296638,SimplifyBooleanReturns,modules/web/web-api/src/main/java/com/enonic/xp/web/servlet/ServletRequestUrlHelper.java,ServletRequestUrlHelper,needRewrite,0,3,6,eliminado,entidad_eliminada
3437673678,CognitiveComplexity,common/src/main/java/com/frostwire/bittorrent/BTDownload.java,BTDownload,remove,0,4,5,persistente,
3437673678,NPathComplexity,common/src/main/java/com/frostwire/bittorrent/BTDownload.java,BTDownload,remove,0,4,5,persistente,
3437673678,EmptyCatchBlock,common/src/main/java/com/frostwire/bittorrent/BTDownload.java,BTDownload,remove,0,4,5,persistente,
3437673678,EmptyCatchBlock,common/src/main/java/com/frostwire/bittorrent/BTDownload.java,BTDownload,remove,0,4,5,persistente,
3437673678,EmptyCatchBlock,common/src/main/java/com/frostwire/bittorrent/BTDownload.java,BTDownload,remove,0,4,5,persistente,
3437673678,CognitiveComplexity,common/src/main/java/com/frostwire/bittorrent/BTDownload.java,BTDownload,getPredominantFileExtension,0,4,5,persistente,
3437673678,AvoidDeeplyNestedIfStmts,common/src/main/java/com/frostwire/bittorrent/BTDownload.java,BTDownload,getPredominantFileExtension,0,4,5,persistente,
3437673678,AvoidDeeplyNestedIfStmts,common/src/main/java/com/frostwire/bittorrent/BTDownload.java,BTDownload,getPredominantFileExtension,0,4,5,persistente,
3437673678,AvoidDeeplyNestedIfStmts,common/src/main/java/com/frostwire/bittorrent/BTDownload.java,BTDownload,getPredominantFileExtension,0,4,5,persistente,
3437673678,CognitiveComplexity,common/src/main/java/com/frostwire/bittorrent/BTDownload.java,BTDownload,getItems,0,4,5,persistente,
3437673678,AvoidDeeplyNestedIfStmts,common/src/main/java/com/frostwire/bittorrent/BTDownload.java,BTDownload,getItems,0,4,5,persistente,
3437673678,EmptyCatchBlock,common/src/main/java/com/frostwire/bittorrent/BTDownload.java,BTDownload,wasPaused,0,4,5,persistente,
3437673678,AvoidDeeplyNestedIfStmts,common/src/main/java/com/frostwire/bittorrent/BTEngine.java,BTEngine,loadSettings,0,4,5,persistente,
3437673678,AvoidDeeplyNestedIfStmts,common/src/main/java/com/frostwire/bittorrent/BTEngine.java,BTEngine,loadSettings,0,4,5,persistente,
3437673678,AvoidReassigningParameters,common/src/main/java/com/frostwire/bittorrent/BTEngine.java,BTEngine,download,0,4,5,persistente,
3437673678,AvoidReassigningParameters,common/src/main/java/com/frostwire/bittorrent/BTEngine.java,BTEngine,download,0,4,5,persistente,
3437673678,AvoidReassigningParameters,common/src/main/java/com/frostwire/bittorrent/BTEngine.java,BTEngine,download,0,4,5,persistente,
3437673678,AvoidReassigningParameters,common/src/main/java/com/frostwire/bittorrent/BTEngine.java,BTEngine,download,0,4,5,persistente,
3437673678,AvoidReassigningParameters,common/src/main/java/com/frostwire/bittorrent/BTEngine.java,BTEngine,download,0,4,5,persistente,
3437673678,CognitiveComplexity,common/src/main/java/com/frostwire/bittorrent/BTEngine.java,BTEngine,restoreDownloads,0,4,5,persistente,
3437673678,AvoidDeeplyNestedIfStmts,common/src/main/java/com/frostwire/bittorrent/BTEngine.java,BTEngine,restoreDownloads,0,4,5,persistente,
3437673678,AvoidDeeplyNestedIfStmts,common/src/main/java/com/frostwire/bittorrent/BTEngine.java,BTEngine,restoreDownloads,0,4,5,persistente,
3437673678,EmptyCatchBlock,common/src/main/java/com/frostwire/bittorrent/BTEngine.java,BTEngine,readTorrentPath,0,4,5,persistente,
3437673678,EmptyCatchBlock,common/src/main/java/com/frostwire/bittorrent/BTEngine.java,BTEngine,readSavePath,0,4,5,persistente,
3437673678,EmptyCatchBlock,common/src/main/java/com/frostwire/bittorrent/BTEngine.java,BTEngine,runNextRestoreDownloadTask,0,4,5,persistente,
3437673678,CognitiveComplexity,common/src/main/java/com/frostwire/bittorrent/BTEngine.java,BTEngine,download,0,4,5,persistente,
3437673678,AvoidDeeplyNestedIfStmts,common/src/main/java/com/frostwire/bittorrent/BTEngine.java,BTEngine,download,0,4,5,persistente,
3437673678,AvoidDeeplyNestedIfStmts,common/src/main/java/com/frostwire/bittorrent/BTEngine.java,BTEngine,download,0,4,5,persistente,
3437673678,AvoidReassigningParameters,desktop/src/com/frostwire/gui/bittorrent/CreateTorrentDialog.java,CreateTorrentDialog,setChosenContent,0,4,5,persistente,
3437673678,AvoidReassigningParameters,desktop/src/com/frostwire/gui/bittorrent/CreateTorrentDialog.java,CreateTorrentDialog,correctFileSelectionMode,0,4,5,persistente,
3437673678,CognitiveComplexity,desktop/src/com/frostwire/gui/bittorrent/CreateTorrentDialog.java,CreateTorrentDialog,onButtonSaveAs,0,4,5,persistente,
3437673678,AvoidDeeplyNestedIfStmts,desktop/src/com/frostwire/gui/bittorrent/CreateTorrentDialog.java,CreateTorrentDialog,onButtonSaveAs,0,4,5,persistente,
3437673678,CognitiveComplexity,desktop/src/com/frostwire/gui/bittorrent/CreateTorrentDialog.java,CreateTorrentDialog,addAvailableWebSeeds,0,4,5,persistente,
3437673678,AvoidDeeplyNestedIfStmts,desktop/src/com/frostwire/gui/bittorrent/CreateTorrentDialog.java,CreateTorrentDialog,addAvailableWebSeeds,0,4,5,persistente,
3437673678,AvoidDeeplyNestedIfStmts,desktop/src/com/frostwire/gui/bittorrent/CreateTorrentDialog.java,CreateTorrentDialog,addAvailableWebSeeds,0,4,5,persistente,
3437673678,AvoidDeeplyNestedIfStmts,desktop/src/com/frostwire/gui/bittorrent/CreateTorrentDialog.java,CreateTorrentDialog,addAvailableWebSeeds,0,4,5,persistente,
3437673678,AvoidReassigningParameters,desktop/src/com/frostwire/gui/bittorrent/CreateTorrentDialog.java,CreateTorrentDialog,getWebSeedTestPath,0,4,5,persistente,
3437673678,CognitiveComplexity,desktop/src/com/frostwire/gui/bittorrent/TorrentUtil.java,TorrentUtil,askForPermissionToSeedAndSeedDownloads,0,4,5,persistente,
3437673678,NPathComplexity,desktop/src/com/frostwire/gui/bittorrent/TorrentUtil.java,TorrentUtil,askForPermissionToSeedAndSeedDownloads,0,4,5,persistente,
3437673678,CognitiveComplexity,desktop/src/com/frostwire/gui/bittorrent/TorrentUtil.java,TorrentUtil,makeTorrentAndDownload,0,4,5,persistente,
3437673678,CognitiveComplexity,desktop/src/com/limegroup/gnutella/gui/GUIMediator.java,GUIMediator,setAppVisible,0,4,5,persistente,
3437673678,AvoidDeeplyNestedIfStmts,desktop/src/com/limegroup/gnutella/gui/GUIMediator.java,GUIMediator,close,0,4,5,persistente,
3437673678,CollapsibleIfStatements,desktop/src/com/limegroup/gnutella/gui/GUIMediator.java,GUIMediator,close,0,4,5,persistente,
3437673678,AvoidDeeplyNestedIfStmts,desktop/src/com/limegroup/gnutella/gui/GUIMediator.java,GUIMediator,applyWindowSettings,0,4,5,persistente,
3437673678,EmptyCatchBlock,desktop/src/com/limegroup/gnutella/gui/GUIMediator.java,GUIMediator,openURL,0,4,5,persistente,
3437673678,AvoidReassigningParameters,desktop/src/com/limegroup/gnutella/gui/GUIMediator.java,GUIMediator,setWindow,0,4,5,persistente,
3437673678,CollapsibleIfStatements,desktop/src/com/limegroup/gnutella/gui/GUIMediator.java,GUIMediator,showTransfers,0,4,5,persistente,
3437673678,CognitiveComplexity,common/src/main/java/com/frostwire/bittorrent/BTEngine.java,BTEngine,download,3,4,5,introducido,
3437673678,CognitiveComplexity,common/src/main/java/com/frostwire/bittorrent/BTEngine.java,BTEngine,download,3,4,5,introducido,
3437673678,AvoidDeeplyNestedIfStmts,common/src/main/java/com/frostwire/bittorrent/BTEngine.java,BTEngine,download,4,4,5,introducido,
