pr_id,estado,archivo,sha256,supresiones
3940935974,0,langchain4j-mcp/src/main/java/dev/langchain4j/mcp/client/transport/http/StreamableHttpMcpTransport.java,9858b1c24b87af7c1c95bbeccc3b191b7006636133bf2f11bd13239f3d581008,0
3940935974,1,langchain4j-mcp/src/main/java/dev/langchain4j/mcp/client/transport/http/StreamableHttpMcpTransport.java,bac9eb71d1d00aac7a36222cd65b56eba0e503fbc61f77e07266df730938ca13,0
3940935974,2,langchain4j-mcp/src/main/java/dev/langchain4j/mcp/client/transport/http/StreamableHttpMcpTransport.java,6c9da1b97de228af6ec22fc40455281ae1978c504e540dc96a70ff5b14c5ae89,0
3940935974,3,langchain4j-mcp/src/main/java/dev/langchain4j/mcp/client/transport/http/StreamableHttpMcpTransport.java,4347b0726f192879073f0ccd67988761da417768bb938cd774d810514f9c1b91,0
3940935974,4,langchain4j-http-client/src/main/java/dev/langchain4j/http/client/HttpVersion.java,60d5ba377f9cf147aeb3226944e0bdc01b631b81cf7389d24459feb341e6a26a,0
3940935974,4,langchain4j-mcp/src/main/java/dev/langchain4j/mcp/client/transport/http/StreamableHttpMcpTransport.java,bf36a65afda07784d4d0fe0ac79793f404d6ece10e3b4a321f0b73c0cf6adaf5,0
3940935974,5,langchain4j-mcp/src/main/java/dev/langchain4j/mcp/client/transport/http/StreamableHttpMcpTransport.java,c3f9b7afac388d86ef492d466feb322f24176f08ce4ea2e4d999d8256d581b65,0
3940935974,6,langchain4j-mcp/src/main/java/dev/langchain4j/mcp/client/transport/http/StreamableHttpMcpTransport.java,54435b789de5811192ede44f383924954bb0c8136a5ac53d23fe682d73bd0c2c,0
3751098999,0,weixin-java-open/src/main/java/me/chanjar/weixin/open/api/WxOpenMaService.java,c368e07b2e1dc9b50b24da3cc1036acf5ace25aea9aedc1384fba39d630e5c07,0
3751098999,0,weixin-java-open/src/main/java/me/chanjar/weixin/open/bean/message/WxOpenMaSubmitAuditMessage.java,0173efa2bfcb9d316e533e6f67790f2c0a6c21c1c697e6bc4596a61b864be190,0
3751098999,0,weixin-java-open/src/main/java/me/chanjar/weixin/open/bean/result/WxOpenMaQueryQuotaResult.java,a0fb4521ba20078a62b05827d03a773c1d5b3843b361a97d9e92e563f41e77b0,0
3751098999,1,weixin-java-open/src/main/java/me/chanjar/weixin/open/api/WxOpenMaService.java,c368e07b2e1dc9b50b24da3cc1036acf5ace25aea9aedc1384fba39d630e5c07,0
3751098999,1,weixin-java-open/src/main/java/me/chanjar/weixin/open/bean/message/WxOpenMaSubmitAuditMessage.java,0173efa2bfcb9d316e533e6f67790f2c0a6c21c1c697e6bc4596a61b864be190,0
3751098999,1,weixin-java-open/src/main/java/me/chanjar/weixin/open/bean/result/WxOpenMaQueryQuotaResult.java,a0fb4521ba20078a62b05827d03a773c1d5b3843b361a97d9e92e563f41e77b0,0
3751098999,2,weixin-java-open/src/main/java/me/chanjar/weixin/open/api/WxOpenMaService.java,997a1a62338ade996a888b4d6186fdab710edff5934e342aaaf28595c503b063,0
3751098999,2,weixin-java-open/src/main/java/me/chanjar/weixin/open/bean/message/WxOpenMaSubmitAuditMessage.java,0a0d445eb8d8f5e49bb6d4948ed973ba9609c423740f2d9b4cf9124dccc83d0f,0
3751098999,2,weixin-java-open/src/main/java/me/chanjar/weixin/open/bean/result/WxOpenMaQueryQuotaResult.java,df007ece9047040803516ade529f016e2d3a012bea49dbe8bffbd787a85086ba,0
3751098999,3,weixin-java-open/src/main/java/me/chanjar/weixin/open/api/WxOpenMaService.java,997a1a62338ade996a888b4d6186fdab710edff5934e342aaaf28595c503b063,0
3751098999,3,weixin-java-open/src/main/java/me/chanjar/weixin/open/bean/message/WxOpenMaSubmitAuditMessage.java,0a0d445eb8d8f5e49bb6d4948ed973ba9609c423740f2d9b4cf9124dccc83d0f,0
3751098999,3,weixin-java-open/src/main/java/me/chanjar/weixin/open/bean/result/WxOpenMaQueryQuotaResult.java,df007ece9047040803516ade529f016e2d3a012bea49dbe8bffbd787a85086ba,0
3751098999,4,weixin-java-open/src/main/java/me/chanjar/weixin/open/api/WxOpenMaService.java,997a1a62338ade996a888b4d6186fdab710edff5934e342aaaf28595c503b063,0
3751098999,4,weixin-java-open/src/main/java/me/chanjar/weixin/open/bean/message/WxOpenMaSubmitAuditMessage.java,0a0d445eb8d8f5e49bb6d4948ed973ba9609c423740f2d9b4cf9124dccc83d0f,0
3751098999,4,weixin-java-open/src/main/java/me/chanjar/weixin/open/bean/result/WxOpenMaQueryQuotaResult.java,df007ece9047040803516ade529f016e2d3a012bea49dbe8bffbd787a85086ba,0
3751098999,5,weixin-java-open/src/main/java/me/chanjar/weixin/open/api/WxOpenMaService.java,ba306bb4cb923ddf6606937e9f7d2c7347f1706ce39c4931bd3b592c06a89af3,0
3751098999,5,weixin-java-open/src/main/java/me/chanjar/weixin/open/bean/message/WxOpenMaSubmitAuditMessage.java,0a0d445eb8d8f5e49bb6d4948ed973ba9609c423740f2d9b4cf9124dccc83d0f,0
3751098999,5,weixin-java-open/src/main/java/me/chanjar/weixin/open/bean/result/WxOpenMaQueryQuotaResult.java,2146b78e952430e136ae6f63a8dd7ce3a54f38a3f17fe28fd7271bb71091d18d,0
3751098999,6,weixin-java-open/src/main/java/me/chanjar/weixin/open/api/WxOpenMaService.java,ba306bb4cb923ddf6606937e9f7d2c7347f1706ce39c4931bd3b592c06a89af3,0
3751098999,6,weixin-java-open/src/main/java/me/chanjar/weixin/open/bean/message/WxOpenMaSubmitAuditMessage.java,0a0d445eb8d8f5e49bb6d4948ed973ba9609c423740f2d9b4cf9124dccc83d0f,0
3751098999,6,weixin-java-open/src/main/java/me/chanjar/weixin/open/bean/result/WxOpenMaQueryQuotaResult.java,2146b78e952430e136ae6f63a8dd7ce3a54f38a3f17fe28fd7271bb71091d18d,0
3751098999,7,weixin-java-open/src/main/java/me/chanjar/weixin/open/api/WxOpenMaService.java,ba306bb4cb923ddf6606937e9f7d2c7347f1706ce39c4931bd3b592c06a89af3,0
3751098999,7,weixin-java-open/src/main/java/me/chanjar/weixin/open/bean/message/WxOpenMaSubmitAuditMessage.java,0a0d445eb8d8f5e49bb6d4948ed973ba9609c423740f2d9b4cf9124dccc83d0f,0
3751098999,7,weixin-java-open/src/main/java/me/chanjar/weixin/open/bean/result/WxOpenMaQueryQuotaResult.java,2146b78e952430e136ae6f63a8dd7ce3a54f38a3f17fe28fd7271bb71091d18d,0
3751098999,8,weixin-java-open/src/main/java/me/chanjar/weixin/open/api/WxOpenMaService.java,ba306bb4cb923ddf6606937e9f7d2c7347f1706ce39c4931bd3b592c06a89af3,0
3751098999,8,weixin-java-open/src/main/java/me/chanjar/weixin/open/bean/message/WxOpenMaSubmitAuditMessage.java,0a0d445eb8d8f5e49bb6d4948ed973ba9609c423740f2d9b4cf9124dccc83d0f,0
3751098999,8,weixin-java-open/src/main/java/me/chanjar/weixin/open/bean/result/WxOpenMaQueryQuotaResult.java,2146b78e952430e136ae6f63a8dd7ce3a54f38a3f17fe28fd7271bb71091d18d,0
3751098999,9,weixin-java-open/src/main/java/me/chanjar/weixin/open/api/WxOpenMaService.java,ba306bb4cb923ddf6606937e9f7d2c7347f1706ce39c4931bd3b592c06a89af3,0
3751098999,9,weixin-java-open/src/main/java/me/chanjar/weixin/open/bean/message/WxOpenMaSubmitAuditMessage.java,e45e1157bbb3f77f5f7fb2240c77ac26a668ef220fdf2cddbaf7adf963d41502,0
3751098999,9,weixin-java-open/src/main/java/me/chanjar/weixin/open/bean/result/WxOpenMaQueryQuotaResult.java,2146b78e952430e136ae6f63a8dd7ce3a54f38a3f17fe28fd7271bb71091d18d,0
3751098999,10,weixin-java-open/src/main/java/me/chanjar/weixin/open/api/WxOpenMaService.java,ba306bb4cb923ddf6606937e9f7d2c7347f1706ce39c4931bd3b592c06a89af3,0
3751098999,10,weixin-java-open/src/main/java/me/chanjar/weixin/open/bean/message/WxOpenMaSubmitAuditMessage.java,e45e1157bbb3f77f5f7fb2240c77ac26a668ef220fdf2cddbaf7adf963d41502,0
3751098999,10,weixin-java-open/src/main/java/me/chanjar/weixin/open/bean/result/WxOpenMaQueryQuotaResult.java,2146b78e952430e136ae6f63a8dd7ce3a54f38a3f17fe28fd7271bb71091d18d,0
4113039889,0,core-base/src/main/java/cloud/xcan/angus/core/app/AppWorkspaceInit.java,19d06a358a325de465de19df114904143b6d043d17ff2e1c2e0e6ad0ee5db4c0,0
4113039889,0,core-base/src/main/java/cloud/xcan/angus/core/biz/AbstractJoinAspect.java,5e836ffba18fd87d821d812a2982f21488503b33fa7737bc59a10b57c0313aff,0
4113039889,0,core-base/src/main/java/cloud/xcan/angus/core/spring/SpringContextHolder.java,bb4aefbdff4ece81c19a60b88d618c1a3b8e3867df45d6a408f08cdd7852eefd,0
4113039889,0,core-base/src/main/java/cloud/xcan/angus/core/utils/CoreUtils.java,74c2fc4930152727b52b5dd85655954df6fd5c5dc3fbd839ddd67b9c69712333,0
4113039889,0,core-base/src/main/java/cloud/xcan/angus/core/utils/ValidatorUtils.java,4067741f77a27424909056616e3a485ef6805c76b271211b5a8b75e5bcfbb912,0
4113039889,0,security/auth-innerapi-starter/src/main/java/cloud/xcan/angus/security/FeignInnerApiAutoConfigurer.java,a6e79b760434ec631ffc88c71e7ea0d1eb5e3aa0a453767f58aad4b1cac52d95,0
4113039889,0,security/auth-innerapi-starter/src/main/java/cloud/xcan/angus/security/cache/TokenCacheManager.java,ea28dad4b72d7681bb4f132af21ca889ce2f183b8a9758810a405f4f12989b27,0
4113039889,0,security/auth-innerapi-starter/src/main/java/cloud/xcan/angus/security/config/InnerApiAuthProperties.java,52816a93d0c6097f375d911ef852f3968f9e423a9e60fe110aa1bcab60780924,0
4113039889,0,security/auth-openapi2p-starter/src/main/java/cloud/xcan/angus/security/FeignOpenapi2pAuthInterceptor.java,4f3743d95fed4e8a84362af12577aa143ab2a5c7e587f6e9dc2e99987f30c4c9,0
4113039889,0,security/auth-openapi2p-starter/src/main/java/cloud/xcan/angus/security/FeignOpenapi2pAutoConfigurer.java,318056ed39dc326d6c95449e4bb40df1b6f3881dba4af2ce0b43d7ef88e977c7,0
4113039889,0,security/auth-server-starter/src/main/java/cloud/xcan/angus/security/authentication/CustomOAuth2TokenIntrospectionAuthenticationProvider.java,989a9dd6274e3e51e734232a6ba835a4e6ed944fd0a8f58ab6e103f1c1ec98a1,0
4113039889,0,security/auth-server-starter/src/main/java/cloud/xcan/angus/security/authentication/email/EmailCodeAuthenticationProvider.java,27891f3cdf0a97cdbf54758b0b65159d146bd5975b89e1785f8586e738a153c6,0
4113039889,0,security/auth-server-starter/src/main/java/cloud/xcan/angus/security/authentication/password/OAuth2PasswordAuthenticationProvider.java,872a11a2363ce4a9f98781ba4655e7020e120b888a43d3137ed5f1619744fd83,0
4113039889,0,security/auth-server-starter/src/main/java/cloud/xcan/angus/security/authentication/sms/SmsCodeAuthenticationProvider.java,ed8f9763d76ab444dc2137fe3e852d1fa6fe9b501c5d5a29db093aceec2e8af7,0
4113039889,1,core-base/src/main/java/cloud/xcan/angus/core/app/AppWorkspaceInit.java,19d06a358a325de465de19df114904143b6d043d17ff2e1c2e0e6ad0ee5db4c0,0
4113039889,1,core-base/src/main/java/cloud/xcan/angus/core/biz/AbstractJoinAspect.java,5e836ffba18fd87d821d812a2982f21488503b33fa7737bc59a10b57c0313aff,0
4113039889,1,core-base/src/main/java/cloud/xcan/angus/core/spring/SpringContextHolder.java,bb4aefbdff4ece81c19a60b88d618c1a3b8e3867df45d6a408f08cdd7852eefd,0
4113039889,1,core-base/src/main/java/cloud/xcan/angus/core/utils/CoreUtils.java,74c2fc4930152727b52b5dd85655954df6fd5c5dc3fbd839ddd67b9c69712333,0
4113039889,1,core-base/src/main/java/cloud/xcan/angus/core/utils/ValidatorUtils.java,4067741f77a27424909056616e3a485ef6805c76b271211b5a8b75e5bcfbb912,0
4113039889,1,security/auth-innerapi-starter/src/main/java/cloud/xcan/angus/security/FeignInnerApiAutoConfigurer.java,a6e79b760434ec631ffc88c71e7ea0d1eb5e3aa0a453767f58aad4b1cac52d95,0
4113039889,1,security/auth-innerapi-starter/src/main/java/cloud/xcan/angus/security/cache/TokenCacheManager.java,ea28dad4b72d7681bb4f132af21ca889ce2f183b8a9758810a405f4f12989b27,0
4113039889,1,security/auth-innerapi-starter/src/main/java/cloud/xcan/angus/security/config/InnerApiAuthProperties.java,52816a93d0c6097f375d911ef852f3968f9e423a9e60fe110aa1bcab60780924,0
4113039889,1,security/auth-openapi2p-starter/src/main/java/cloud/xcan/angus/security/FeignOpenapi2pAuthInterceptor.java,4f3743d95fed4e8a84362af12577aa143ab2a5c7e587f6e9dc2e99987f30c4c9,0
4113039889,1,security/auth-openapi2p-starter/src/main/java/cloud/xcan/angus/security/FeignOpenapi2pAutoConfigurer.java,318056ed39dc326d6c95449e4bb40df1b6f3881dba4af2ce0b43d7ef88e977c7,0
4113039889,1,security/auth-server-starter/src/main/java/cloud/xcan/angus/security/authentication/CustomOAuth2TokenIntrospectionAuthenticationProvider.java,989a9dd6274e3e51e734232a6ba835a4e6ed944fd0a8f58ab6e103f1c1ec98a1,0
4113039889,1,security/auth-server-starter/src/main/java/cloud/xcan/angus/security/authentication/email/EmailCodeAuthenticationProvider.java,27891f3cdf0a97cdbf54758b0b65159d146bd5975b89e1785f8586e738a153c6,0
4113039889,1,security/auth-server-starter/src/main/java/cloud/xcan/angus/security/authentication/password/OAuth2PasswordAuthenticationProvider.java,872a11a2363ce4a9f98781ba4655e7020e120b888a43d3137ed5f1619744fd83,0
4113039889,1,security/auth-server-starter/src/main/java/cloud/xcan/angus/security/authentication/sms/SmsCodeAuthenticationProvider.java,ed8f9763d76ab444dc2137fe3e852d1fa6fe9b501c5d5a29db093aceec2e8af7,0
4113039889,2,core-base/src/main/java/cloud/xcan/angus/core/app/AppWorkspaceInit.java,19d06a358a325de465de19df114904143b6d043d17ff2e1c2e0e6ad0ee5db4c0,0
4113039889,2,core-base/src/main/java/cloud/xcan/angus/core/biz/AbstractJoinAspect.java,5e836ffba18fd87d821d812a2982f21488503b33fa7737bc59a10b57c0313aff,0
4113039889,2,core-base/src/main/java/cloud/xcan/angus/core/spring/SpringContextHolder.java,bb4aefbdff4ece81c19a60b88d618c1a3b8e3867df45d6a408f08cdd7852eefd,0
4113039889,2,core-base/src/main/java/cloud/xcan/angus/core/utils/CoreUtils.java,74c2fc4930152727b52b5dd85655954df6fd5c5dc3fbd839ddd67b9c69712333,0
4113039889,2,core-base/src/main/java/cloud/xcan/angus/core/utils/ValidatorUtils.java,4067741f77a27424909056616e3a485ef6805c76b271211b5a8b75e5bcfbb912,0
4113039889,2,security/auth-innerapi-starter/src/main/java/cloud/xcan/angus/security/FeignInnerApiAutoConfigurer.java,a6e79b760434ec631ffc88c71e7ea0d1eb5e3aa0a453767f58aad4b1cac52d95,0
4113039889,2,security/auth-innerapi-starter/src/main/java/cloud/xcan/angus/security/cache/TokenCacheManager.java,51e4cef7f6276b9a0d2a719bdc2ddb138281984b104c28d5ec37edd4a6c2cb35,0
4113039889,2,security/auth-innerapi-starter/src/main/java/cloud/xcan/angus/security/config/InnerApiAuthProperties.java,52816a93d0c6097f375d911ef852f3968f9e423a9e60fe110aa1bcab60780924,0
4113039889,2,security/auth-openapi2p-starter/src/main/java/cloud/xcan/angus/security/FeignOpenapi2pAuthInterceptor.java,9960b0c4f20b1b85aa6a4472798ee1b29ab029001e516fbab120d131d1490de9,0
4113039889,2,security/auth-openapi2p-starter/src/main/java/cloud/xcan/angus/security/FeignOpenapi2pAutoConfigurer.java,7300c816d58469c292152058f8f8f86f3e648f8dd5615a50ec2032436433cad9,0
4113039889,2,security/auth-openapi2p-starter/src/main/java/cloud/xcan/angus/security/config/Openapi2pAuthProperties.java,3ea27a37738e830c74f1b5f3f453492b920bb67b0299fe518f308d95807d1336,0
4113039889,2,security/auth-server-starter/src/main/java/cloud/xcan/angus/security/authentication/CustomOAuth2TokenIntrospectionAuthenticationProvider.java,b8714e048e0217fbde2fde1eefb043d34607c93743038e7e4047626e0e4bbceb,0
4113039889,2,security/auth-server-starter/src/main/java/cloud/xcan/angus/security/authentication/email/EmailCodeAuthenticationProvider.java,b3423f47f6d0e0950a5972f1716c706c648a53737439b0e3aa35882b8768e64e,0
4113039889,2,security/auth-server-starter/src/main/java/cloud/xcan/angus/security/authentication/password/OAuth2PasswordAuthenticationProvider.java,844b22d8563f7498a80d4cc067bccaec23d72a56ad9359b98067ec2b95945bab,0
4113039889,2,security/auth-server-starter/src/main/java/cloud/xcan/angus/security/authentication/sms/SmsCodeAuthenticationProvider.java,710e3b0c21c5ebb5cece9d5a30bba26875dbfab5bb6b02c0e132555475cd23a5,0
4113039889,3,core-base/src/main/java/cloud/xcan/angus/core/app/AppWorkspaceInit.java,19d06a358a325de465de19df114904143b6d043d17ff2e1c2e0e6ad0ee5db4c0,0
4113039889,3,core-base/src/main/java/cloud/xcan/angus/core/biz/AbstractJoinAspect.java,5e836ffba18fd87d821d812a2982f21488503b33fa7737bc59a10b57c0313aff,0
4113039889,3,core-base/src/main/java/cloud/xcan/angus/core/spring/SpringContextHolder.java,bb4aefbdff4ece81c19a60b88d618c1a3b8e3867df45d6a408f08cdd7852eefd,0
4113039889,3,core-base/src/main/java/cloud/xcan/angus/core/utils/CoreUtils.java,74c2fc4930152727b52b5dd85655954df6fd5c5dc3fbd839ddd67b9c69712333,0
4113039889,3,core-base/src/main/java/cloud/xcan/angus/core/utils/ValidatorUtils.java,4067741f77a27424909056616e3a485ef6805c76b271211b5a8b75e5bcfbb912,0
4113039889,3,security/auth-innerapi-starter/src/main/java/cloud/xcan/angus/security/FeignInnerApiAutoConfigurer.java,a6e79b760434ec631ffc88c71e7ea0d1eb5e3aa0a453767f58aad4b1cac52d95,0
4113039889,3,security/auth-innerapi-starter/src/main/java/cloud/xcan/angus/security/cache/TokenCacheManager.java,51e4cef7f6276b9a0d2a719bdc2ddb138281984b104c28d5ec37edd4a6c2cb35,0
4113039889,3,security/auth-innerapi-starter/src/main/java/cloud/xcan/angus/security/config/InnerApiAuthProperties.java,52816a93d0c6097f375d911ef852f3968f9e423a9e60fe110aa1bcab60780924,0
4113039889,3,security/auth-openapi2p-starter/src/main/java/cloud/xcan/angus/security/FeignOpenapi2pAuthInterceptor.java,9960b0c4f20b1b85aa6a4472798ee1b29ab029001e516fbab120d131d1490de9,0
4113039889,3,security/auth-openapi2p-starter/src/main/java/cloud/xcan/angus/security/FeignOpenapi2pAutoConfigurer.java,7300c816d58469c292152058f8f8f86f3e648f8dd5615a50ec2032436433cad9,0
4113039889,3,security/auth-openapi2p-starter/src/main/java/cloud/xcan/angus/security/config/Openapi2pAuthProperties.java,3ea27a37738e830c74f1b5f3f453492b920bb67b0299fe518f308d95807d1336,0
4113039889,3,security/auth-server-starter/src/main/java/cloud/xcan/angus/security/authentication/CustomOAuth2TokenIntrospectionAuthenticationProvider.java,b8714e048e0217fbde2fde1eefb043d34607c93743038e7e4047626e0e4bbceb,0
4113039889,3,security/auth-server-starter/src/main/java/cloud/xcan/angus/security/authentication/email/EmailCodeAuthenticationProvider.java,b3423f47f6d0e0950a5972f1716c706c648a53737439b0e3aa35882b8768e64e,0
4113039889,3,security/auth-server-starter/src/main/java/cloud/xcan/angus/security/authentication/password/OAuth2PasswordAuthenticationProvider.java,844b22d8563f7498a80d4cc067bccaec23d72a56ad9359b98067ec2b95945bab,0
4113039889,3,security/auth-server-starter/src/main/java/cloud/xcan/angus/security/authentication/sms/SmsCodeAuthenticationProvider.java,710e3b0c21c5ebb5cece9d5a30bba26875dbfab5bb6b02c0e132555475cd23a5,0
4113039889,4,core-base/src/main/java/cloud/xcan/angus/core/app/AppWorkspaceInit.java,19d06a358a325de465de19df114904143b6d043d17ff2e1c2e0e6ad0ee5db4c0,0
4113039889,4,core-base/src/main/java/cloud/xcan/angus/core/biz/AbstractJoinAspect.java,5e836ffba18fd87d821d812a2982f21488503b33fa7737bc59a10b57c0313aff,0
4113039889,4,core-base/src/main/java/cloud/xcan/angus/core/spring/SpringContextHolder.java,bb4aefbdff4ece81c19a60b88d618c1a3b8e3867df45d6a408f08cdd7852eefd,0
4113039889,4,core-base/src/main/java/cloud/xcan/angus/core/utils/CoreUtils.java,74c2fc4930152727b52b5dd85655954df6fd5c5dc3fbd839ddd67b9c69712333,0
4113039889,4,core-base/src/main/java/cloud/xcan/angus/core/utils/ValidatorUtils.java,4067741f77a27424909056616e3a485ef6805c76b271211b5a8b75e5bcfbb912,0
4113039889,4,security/auth-innerapi-starter/src/main/java/cloud/xcan/angus/security/FeignInnerApiAutoConfigurer.java,a6e79b760434ec631ffc88c71e7ea0d1eb5e3aa0a453767f58aad4b1cac52d95,0
4113039889,4,security/auth-innerapi-starter/src/main/java/cloud/xcan/angus/security/cache/TokenCacheManager.java,51e4cef7f6276b9a0d2a719bdc2ddb138281984b104c28d5ec37edd4a6c2cb35,0
4113039889,4,security/auth-innerapi-starter/src/main/java/cloud/xcan/angus/security/config/InnerApiAuthProperties.java,52816a93d0c6097f375d911ef852f3968f9e423a9e60fe110aa1bcab60780924,0
4113039889,4,security/auth-openapi2p-starter/src/main/java/cloud/xcan/angus/security/FeignOpenapi2pAuthInterceptor.java,9960b0c4f20b1b85aa6a4472798ee1b29ab029001e516fbab120d131d1490de9,0
4113039889,4,security/auth-openapi2p-starter/src/main/java/cloud/xcan/angus/security/FeignOpenapi2pAutoConfigurer.java,7300c816d58469c292152058f8f8f86f3e648f8dd5615a50ec2032436433cad9,0
4113039889,4,security/auth-openapi2p-starter/src/main/java/cloud/xcan/angus/security/config/Openapi2pAuthProperties.java,3ea27a37738e830c74f1b5f3f453492b920bb67b0299fe518f308d95807d1336,0
4113039889,4,security/auth-server-starter/src/main/java/cloud/xcan/angus/security/authentication/CustomOAuth2TokenIntrospectionAuthenticationProvider.java,b8714e048e0217fbde2fde1eefb043d34607c93743038e7e4047626e0e4bbceb,0
4113039889,4,security/auth-server-starter/src/main/java/cloud/xcan/angus/security/authentication/email/EmailCodeAuthenticationProvider.java,b3423f47f6d0e0950a5972f1716c706c648a53737439b0e3aa35882b8768e64e,0
4113039889,4,security/auth-server-starter/src/main/java/cloud/xcan/angus/security/authentication/password/OAuth2PasswordAuthenticationProvider.java,844b22d8563f7498a80d4cc067bccaec23d72a56ad9359b98067ec2b95945bab,0
4113039889,4,security/auth-server-starter/src/main/java/cloud/xcan/angus/security/authentication/sms/SmsCodeAuthenticationProvider.java,710e3b0c21c5ebb5cece9d5a30bba26875dbfab5bb6b02c0e132555475cd23a5,0
4113039889,5,core-base/src/main/java/cloud/xcan/angus/core/app/AppWorkspaceInit.java,243a8e87eaed74dccfc2bb7adba04055186cc0e0c2aa5614c960ba2e45c3c636,0
4113039889,5,core-base/src/main/java/cloud/xcan/angus/core/biz/AbstractJoinAspect.java,f318c7749b8ea62b6220b1bf02c766f48792735d263b8331269aadaa72e1fb9c,0
4113039889,5,core-base/src/main/java/cloud/xcan/angus/core/spring/SpringContextHolder.java,605e774c8b180b30f5f8175fe90eb9edb2731744ac8134557b6a087f23b21737,0
4113039889,5,core-base/src/main/java/cloud/xcan/angus/core/utils/CoreUtils.java,05ca22b86f4837cfdb84381960a0f7c093f874ee41fcb7b44f23c54c860d8e9d,0
4113039889,5,core-base/src/main/java/cloud/xcan/angus/core/utils/ValidatorUtils.java,594ababc6feadecd75143ad316d31be6458db9bf3dde80f1c68915484b725332,0
4113039889,5,security/auth-innerapi-starter/src/main/java/cloud/xcan/angus/security/FeignInnerApiAutoConfigurer.java,a6e79b760434ec631ffc88c71e7ea0d1eb5e3aa0a453767f58aad4b1cac52d95,0
4113039889,5,security/auth-innerapi-starter/src/main/java/cloud/xcan/angus/security/cache/TokenCacheManager.java,51e4cef7f6276b9a0d2a719bdc2ddb138281984b104c28d5ec37edd4a6c2cb35,0
4113039889,5,security/auth-innerapi-starter/src/main/java/cloud/xcan/angus/security/config/InnerApiAuthProperties.java,52816a93d0c6097f375d911ef852f3968f9e423a9e60fe110aa1bcab60780924,0
4113039889,5,security/auth-openapi2p-starter/src/main/java/cloud/xcan/angus/security/FeignOpenapi2pAuthInterceptor.java,9960b0c4f20b1b85aa6a4472798ee1b29ab029001e516fbab120d131d1490de9,0
4113039889,5,security/auth-openapi2p-starter/src/main/java/cloud/xcan/angus/security/FeignOpenapi2pAutoConfigurer.java,7300c816d58469c292152058f8f8f86f3e648f8dd5615a50ec2032436433cad9,0
4113039889,5,security/auth-openapi2p-starter/src/main/java/cloud/xcan/angus/security/config/Openapi2pAuthProperties.java,3ea27a37738e830c74f1b5f3f453492b920bb67b0299fe518f308d95807d1336,0
4113039889,5,security/auth-server-starter/src/main/java/cloud/xcan/angus/security/authentication/CustomOAuth2TokenIntrospectionAuthenticationProvider.java,b8714e048e0217fbde2fde1eefb043d34607c93743038e7e4047626e0e4bbceb,0
4113039889,5,security/auth-server-starter/src/main/java/cloud/xcan/angus/security/authentication/email/EmailCodeAuthenticationProvider.java,b3423f47f6d0e0950a5972f1716c706c648a53737439b0e3aa35882b8768e64e,0
4113039889,5,security/auth-server-starter/src/main/java/cloud/xcan/angus/security/authentication/password/OAuth2PasswordAuthenticationProvider.java,844b22d8563f7498a80d4cc067bccaec23d72a56ad9359b98067ec2b95945bab,0
4113039889,5,security/auth-server-starter/src/main/java/cloud/xcan/angus/security/authentication/sms/SmsCodeAuthenticationProvider.java,710e3b0c21c5ebb5cece9d5a30bba26875dbfab5bb6b02c0e132555475cd23a5,0
4113039889,6,core-base/src/main/java/cloud/xcan/angus/core/app/AppWorkspaceInit.java,243a8e87eaed74dccfc2bb7adba04055186cc0e0c2aa5614c960ba2e45c3c636,0
4113039889,6,core-base/src/main/java/cloud/xcan/angus/core/biz/AbstractJoinAspect.java,f318c7749b8ea62b6220b1bf02c766f48792735d263b8331269aadaa72e1fb9c,0
4113039889,6,core-base/src/main/java/cloud/xcan/angus/core/spring/SpringContextHolder.java,605e774c8b180b30f5f8175fe90eb9edb2731744ac8134557b6a087f23b21737,0
4113039889,6,core-base/src/main/java/cloud/xcan/angus/core/utils/CoreUtils.java,05ca22b86f4837cfdb84381960a0f7c093f874ee41fcb7b44f23c54c860d8e9d,0
4113039889,6,core-base/src/main/java/cloud/xcan/angus/core/utils/ValidatorUtils.java,594ababc6feadecd75143ad316d31be6458db9bf3dde80f1c68915484b725332,0
4113039889,6,security/auth-innerapi-starter/src/main/java/cloud/xcan/angus/security/FeignInnerApiAutoConfigurer.java,5e1165dfd794123ba33b9ece4e6a73d35c706cf4067d5ff94841ee1817959a9a,0
4113039889,6,security/auth-innerapi-starter/src/main/java/cloud/xcan/angus/security/cache/TokenCacheManager.java,1d29e71e28a6494edc98e85051dc802412ce4145531ae778088496ab94c02beb,0
4113039889,6,security/auth-innerapi-starter/src/main/java/cloud/xcan/angus/security/config/InnerApiAuthProperties.java,018b356ce30b17e9881aecbf477bd288c7ba66a665e08949422d0f554e5d4f19,0
4113039889,6,security/auth-openapi2p-starter/src/main/java/cloud/xcan/angus/security/FeignOpenapi2pAuthInterceptor.java,ae82b656157bc2a61b7784d394d4762c231b00a58f6b55afab201d8de473b2d2,0
4113039889,6,security/auth-openapi2p-starter/src/main/java/cloud/xcan/angus/security/FeignOpenapi2pAutoConfigurer.java,74fafbe90938cdaf6977a119630dbe8af502c68053ebb3c0d4c43b2aab4dc044,0
4113039889,6,security/auth-openapi2p-starter/src/main/java/cloud/xcan/angus/security/config/Openapi2pAuthProperties.java,6553d4045d10e2710d92823ab6b1ac07278479be9d04c77921161fd4e2853209,0
4113039889,6,security/auth-resource-model/src/main/java/cloud/xcan/angus/security/model/cache/CacheType.java,9d7a677870b4e2d968d19090ad43bb2dbff23a4e3bd6fa759edcf95e55b87bfd,0
4113039889,6,security/auth-resource-model/src/main/java/cloud/xcan/angus/security/model/cache/DistributedTokenStore.java,2eddf08b564975ca224ed37f8d05307634c3fcdd908df10d8805cd1f8f868fb6,0
4113039889,6,security/auth-resource-model/src/main/java/cloud/xcan/angus/security/model/cache/LocalTokenStore.java,10dc60d6bac684868ad306218c422cfddb99c18dc499aadc04352d66c42d1f4a,0
4113039889,6,security/auth-resource-model/src/main/java/cloud/xcan/angus/security/model/cache/TokenStore.java,660883d80948c9a1de04db32a8110edaad80ae7162e764e28c684b018fd755fc,0
4113039889,6,security/auth-server-starter/src/main/java/cloud/xcan/angus/security/authentication/CustomOAuth2TokenIntrospectionAuthenticationProvider.java,b8714e048e0217fbde2fde1eefb043d34607c93743038e7e4047626e0e4bbceb,0
4113039889,6,security/auth-server-starter/src/main/java/cloud/xcan/angus/security/authentication/email/EmailCodeAuthenticationProvider.java,b3423f47f6d0e0950a5972f1716c706c648a53737439b0e3aa35882b8768e64e,0
4113039889,6,security/auth-server-starter/src/main/java/cloud/xcan/angus/security/authentication/password/OAuth2PasswordAuthenticationProvider.java,844b22d8563f7498a80d4cc067bccaec23d72a56ad9359b98067ec2b95945bab,0
4113039889,6,security/auth-server-starter/src/main/java/cloud/xcan/angus/security/authentication/sms/SmsCodeAuthenticationProvider.java,710e3b0c21c5ebb5cece9d5a30bba26875dbfab5bb6b02c0e132555475cd23a5,0
4113039889,7,core-base/src/main/java/cloud/xcan/angus/core/app/AppWorkspaceInit.java,243a8e87eaed74dccfc2bb7adba04055186cc0e0c2aa5614c960ba2e45c3c636,0
4113039889,7,core-base/src/main/java/cloud/xcan/angus/core/biz/AbstractJoinAspect.java,f318c7749b8ea62b6220b1bf02c766f48792735d263b8331269aadaa72e1fb9c,0
4113039889,7,core-base/src/main/java/cloud/xcan/angus/core/spring/SpringContextHolder.java,605e774c8b180b30f5f8175fe90eb9edb2731744ac8134557b6a087f23b21737,0
4113039889,7,core-base/src/main/java/cloud/xcan/angus/core/utils/CoreUtils.java,05ca22b86f4837cfdb84381960a0f7c093f874ee41fcb7b44f23c54c860d8e9d,0
4113039889,7,core-base/src/main/java/cloud/xcan/angus/core/utils/ValidatorUtils.java,594ababc6feadecd75143ad316d31be6458db9bf3dde80f1c68915484b725332,0
4113039889,7,security/auth-innerapi-starter/src/main/java/cloud/xcan/angus/security/FeignInnerApiAutoConfigurer.java,5e1165dfd794123ba33b9ece4e6a73d35c706cf4067d5ff94841ee1817959a9a,0
4113039889,7,security/auth-innerapi-starter/src/main/java/cloud/xcan/angus/security/cache/TokenCacheManager.java,1d29e71e28a6494edc98e85051dc802412ce4145531ae778088496ab94c02beb,0
4113039889,7,security/auth-innerapi-starter/src/main/java/cloud/xcan/angus/security/config/InnerApiAuthProperties.java,018b356ce30b17e9881aecbf477bd288c7ba66a665e08949422d0f554e5d4f19,0
4113039889,7,security/auth-openapi2p-starter/src/main/java/cloud/xcan/angus/security/FeignOpenapi2pAuthInterceptor.java,ae82b656157bc2a61b7784d394d4762c231b00a58f6b55afab201d8de473b2d2,0
4113039889,7,security/auth-openapi2p-starter/src/main/java/cloud/xcan/angus/security/FeignOpenapi2pAutoConfigurer.java,74fafbe90938cdaf6977a119630dbe8af502c68053ebb3c0d4c43b2aab4dc044,0
4113039889,7,security/auth-openapi2p-starter/src/main/java/cloud/xcan/angus/security/config/Openapi2pAuthProperties.java,6553d4045d10e2710d92823ab6b1ac07278479be9d04c77921161fd4e2853209,0
4113039889,7,security/auth-resource-model/src/main/java/cloud/xcan/angus/security/model/cache/CacheType.java,9d7a677870b4e2d968d19090ad43bb2dbff23a4e3bd6fa759edcf95e55b87bfd,0
4113039889,7,security/auth-resource-model/src/main/java/cloud/xcan/angus/security/model/cache/DistributedTokenStore.java,2eddf08b564975ca224ed37f8d05307634c3fcdd908df10d8805cd1f8f868fb6,0
4113039889,7,security/auth-resource-model/src/main/java/cloud/xcan/angus/security/model/cache/LocalTokenStore.java,10dc60d6bac684868ad306218c422cfddb99c18dc499aadc04352d66c42d1f4a,0
4113039889,7,security/auth-resource-model/src/main/java/cloud/xcan/angus/security/model/cache/TokenStore.java,660883d80948c9a1de04db32a8110edaad80ae7162e764e28c684b018fd755fc,0
4113039889,7,security/auth-server-starter/src/main/java/cloud/xcan/angus/security/authentication/CustomOAuth2TokenIntrospectionAuthenticationProvider.java,b8714e048e0217fbde2fde1eefb043d34607c93743038e7e4047626e0e4bbceb,0
4113039889,7,security/auth-server-starter/src/main/java/cloud/xcan/angus/security/authentication/email/EmailCodeAuthenticationProvider.java,b3423f47f6d0e0950a5972f1716c706c648a53737439b0e3aa35882b8768e64e,0
4113039889,7,security/auth-server-starter/src/main/java/cloud/xcan/angus/security/authentication/password/OAuth2PasswordAuthenticationProvider.java,844b22d8563f7498a80d4cc067bccaec23d72a56ad9359b98067ec2b95945bab,0
4113039889,7,security/auth-server-starter/src/main/java/cloud/xcan/angus/security/authentication/sms/SmsCodeAuthenticationProvider.java,710e3b0c21c5ebb5cece9d5a30bba26875dbfab5bb6b02c0e132555475cd23a5,0
4113039889,8,core-base/src/main/java/cloud/xcan/angus/core/app/AppWorkspaceInit.java,243a8e87eaed74dccfc2bb7adba04055186cc0e0c2aa5614c960ba2e45c3c636,0
4113039889,8,core-base/src/main/java/cloud/xcan/angus/core/biz/AbstractJoinAspect.java,f318c7749b8ea62b6220b1bf02c766f48792735d263b8331269aadaa72e1fb9c,0
4113039889,8,core-base/src/main/java/cloud/xcan/angus/core/spring/SpringContextHolder.java,605e774c8b180b30f5f8175fe90eb9edb2731744ac8134557b6a087f23b21737,0
4113039889,8,core-base/src/main/java/cloud/xcan/angus/core/utils/CoreUtils.java,05ca22b86f4837cfdb84381960a0f7c093f874ee41fcb7b44f23c54c860d8e9d,0
4113039889,8,core-base/src/main/java/cloud/xcan/angus/core/utils/ValidatorUtils.java,594ababc6feadecd75143ad316d31be6458db9bf3dde80f1c68915484b725332,0
4113039889,8,security/auth-innerapi-starter/src/main/java/cloud/xcan/angus/security/FeignInnerApiAutoConfigurer.java,5e1165dfd794123ba33b9ece4e6a73d35c706cf4067d5ff94841ee1817959a9a,0
4113039889,8,security/auth-innerapi-starter/src/main/java/cloud/xcan/angus/security/cache/TokenCacheManager.java,1d29e71e28a6494edc98e85051dc802412ce4145531ae778088496ab94c02beb,0
4113039889,8,security/auth-innerapi-starter/src/main/java/cloud/xcan/angus/security/config/InnerApiAuthProperties.java,018b356ce30b17e9881aecbf477bd288c7ba66a665e08949422d0f554e5d4f19,0
4113039889,8,security/auth-openapi2p-starter/src/main/java/cloud/xcan/angus/security/FeignOpenapi2pAuthInterceptor.java,ae82b656157bc2a61b7784d394d4762c231b00a58f6b55afab201d8de473b2d2,0
4113039889,8,security/auth-openapi2p-starter/src/main/java/cloud/xcan/angus/security/FeignOpenapi2pAutoConfigurer.java,74fafbe90938cdaf6977a119630dbe8af502c68053ebb3c0d4c43b2aab4dc044,0
4113039889,8,security/auth-openapi2p-starter/src/main/java/cloud/xcan/angus/security/config/Openapi2pAuthProperties.java,6553d4045d10e2710d92823ab6b1ac07278479be9d04c77921161fd4e2853209,0
4113039889,8,security/auth-resource-model/src/main/java/cloud/xcan/angus/security/model/cache/CacheType.java,9d7a677870b4e2d968d19090ad43bb2dbff23a4e3bd6fa759edcf95e55b87bfd,0
4113039889,8,security/auth-resource-model/src/main/java/cloud/xcan/angus/security/model/cache/DistributedTokenStore.java,2eddf08b564975ca224ed37f8d05307634c3fcdd908df10d8805cd1f8f868fb6,0
4113039889,8,security/auth-resource-model/src/main/java/cloud/xcan/angus/security/model/cache/LocalTokenStore.java,10dc60d6bac684868ad306218c422cfddb99c18dc499aadc04352d66c42d1f4a,0
4113039889,8,security/auth-resource-model/src/main/java/cloud/xcan/angus/security/model/cache/TokenStore.java,660883d80948c9a1de04db32a8110edaad80ae7162e764e28c684b018fd755fc,0
4113039889,8,security/auth-server-starter/src/main/java/cloud/xcan/angus/security/authentication/CustomOAuth2TokenIntrospectionAuthenticationProvider.java,b8714e048e0217fbde2fde1eefb043d34607c93743038e7e4047626e0e4bbceb,0
4113039889,8,security/auth-server-starter/src/main/java/cloud/xcan/angus/security/authentication/email/EmailCodeAuthenticationProvider.java,b3423f47f6d0e0950a5972f1716c706c648a53737439b0e3aa35882b8768e64e,0
4113039889,8,security/auth-server-starter/src/main/java/cloud/xcan/angus/security/authentication/password/OAuth2PasswordAuthenticationProvider.java,844b22d8563f7498a80d4cc067bccaec23d72a56ad9359b98067ec2b95945bab,0
4113039889,8,security/auth-server-starter/src/main/java/cloud/xcan/angus/security/authentication/sms/SmsCodeAuthenticationProvider.java,710e3b0c21c5ebb5cece9d5a30bba26875dbfab5bb6b02c0e132555475cd23a5,0
3902872473,0,backend/src/main/java/io/papermc/hangar/controller/api/v1/PagesController.java,995172cb357dc7ea353b6d71c0dcf156e660cfd1cf5cb9933714fc0aae032477,0
3902872473,0,backend/src/main/java/io/papermc/hangar/controller/api/v1/PermissionsController.java,42be6e6766030e2d489bdcc562b8704fb36e7fa0437dabde083e633f6188ae25,0
3902872473,0,backend/src/main/java/io/papermc/hangar/controller/api/v1/ProjectsController.java,ed5d647393c5274973fe359d0f9c7d8436e07ac808f6c41b5efa921385369f67,0
3902872473,0,backend/src/main/java/io/papermc/hangar/controller/api/v1/VersionsController.java,f165cdf87693e13ef65bde2e0b8f053701659756d7a84b2607d089ab77157487,0
3902872473,0,backend/src/main/java/io/papermc/hangar/controller/api/v1/interfaces/IPagesController.java,0b79dbce3d996b537a8ad603ed8eb3cbdb36d3930c4d98db06d8e89302219ce4,0
3902872473,0,backend/src/main/java/io/papermc/hangar/controller/api/v1/interfaces/IPermissionsController.java,c89ea40a6fd32910c71e19c20e51e38867d87934a533f3cee44a7334095aa3a3,0
3902872473,0,backend/src/main/java/io/papermc/hangar/controller/api/v1/interfaces/IProjectsController.java,a0e0f77c5b879ba3ea4050b8acf06d5984b700416ded2ddfa1e1d0adf0355be8,0
3902872473,0,backend/src/main/java/io/papermc/hangar/controller/api/v1/interfaces/IVersionsController.java,374eb11548093a49918ea967bac281b9ea0fe27cd8c4edb6ba17837260acdb2b,0
3902872473,0,backend/src/main/java/io/papermc/hangar/security/HangarMetadataSources.java,a958b932fdc68fe49930896e693dab90016e5c98f10a9bd791ff73770fce4715,0
3902872473,0,backend/src/main/java/io/papermc/hangar/security/HangarUnanimousBased.java,bbcd7760ff741abc4f5ae40c308f3bb7df1c2d1d1e011f6372ed7e2db9e43b5f,0
3902872473,0,backend/src/main/java/io/papermc/hangar/security/annotations/HangarDecisionVoter.java,1cc5dc3b59f246903c280aeea0e3a3ac15d8d63e2ff7126f1609c2ced9d35ee4,0
3902872473,0,backend/src/main/java/io/papermc/hangar/security/annotations/aal/AalMetadataExtractor.java,18d8bdacb1798b1d8d1161343d678ff0f63b169d68de0f1d80849688df491c77,0
3902872473,0,backend/src/main/java/io/papermc/hangar/security/annotations/aal/AalUnlockedVoter.java,c859ab8a92421f8cef5a5ae2e09df0a241665e4366d3e0a9da8ac643d13e610a,0
3902872473,0,backend/src/main/java/io/papermc/hangar/security/annotations/aal/RequireAal.java,5a95e40a642b14f4c3b3a17ff361493ab97cb8ee86f48be73af57ab2b01a25c5,0
3902872473,0,backend/src/main/java/io/papermc/hangar/security/annotations/currentuser/CurrentUserMetadataExtractor.java,e4c78073b0ae2ee201feb94bf93ce3386782396735c4c521c28132309b0e4d44,0
3902872473,0,backend/src/main/java/io/papermc/hangar/security/annotations/currentuser/CurrentUserVoter.java,5348c69cf515075f39995811e08513203cdf7936962b66883bde4d04567171b4,0
3902872473,0,backend/src/main/java/io/papermc/hangar/security/annotations/permission/PermissionRequiredMetadataExtractor.java,c24f2ef39f20e7f242c420888aa56cfeb0ff7aa37ec5739b084f4865d9dfefb7,0
3902872473,0,backend/src/main/java/io/papermc/hangar/security/annotations/permission/PermissionRequiredVoter.java,d636af6b47f75eb8239383cee8ec9c77e5e82b5093a42e062901b015fbc634f4,0
3902872473,0,backend/src/main/java/io/papermc/hangar/security/annotations/privileged/Privileged.java,fc4bb98cd308729e38872a1506876fbeb906496238765ddf60de23dee8cce228,0
3902872473,0,backend/src/main/java/io/papermc/hangar/security/annotations/privileged/PrivilegedMetadataExtractor.java,36ff1a0cd43aeca928af4a4350aa9e288b8036b4d3d4c9fff8fc0eab89e0acc7,0
3902872473,0,backend/src/main/java/io/papermc/hangar/security/annotations/privileged/PrivilegedVoter.java,c364c83ff4dfe4cb0dbf57a1238dce37c1bbfa337251605a0387469bdae60512,0
3902872473,0,backend/src/main/java/io/papermc/hangar/security/annotations/unlocked/Unlocked.java,a609506ef2c92698b1fba1eb99ad28883289547af3d8bc4dd1f25c78610c87fe,0
3902872473,0,backend/src/main/java/io/papermc/hangar/security/annotations/unlocked/UnlockedMetadataExtractor.java,9de5db3cda3bb4e0e4c72780f99a19784a01ac8d762f2ae7e627b1060b9e8ecd,0
3902872473,0,backend/src/main/java/io/papermc/hangar/security/annotations/unlocked/UnlockedVoter.java,9dd68de9f766745d8bd363615bd56f730f208bb267d2ee8fe194356ab66b59f6,0
3902872473,0,backend/src/main/java/io/papermc/hangar/security/annotations/visibility/VisibilityRequiredMetadataExtractor.java,1c7a7490537ac5e2701f39c274cd17ca1d6e2e593da2204e0d2589ddfa9aac1a,0
3902872473,0,backend/src/main/java/io/papermc/hangar/security/annotations/visibility/VisibilityRequiredVoter.java,755dc1d419e44903daf1300877e559ad67f2f7cede162e8e042a4861ec860963,0
3902872473,0,backend/src/main/java/io/papermc/hangar/security/configs/MethodSecurityConfig.java,1ef3dfb9a4ad3c8876fa467846ada201ed2a94284d52851a7eed89d2d6a0325a,0
3902872473,1,backend/src/main/java/io/papermc/hangar/controller/api/v1/PagesController.java,995172cb357dc7ea353b6d71c0dcf156e660cfd1cf5cb9933714fc0aae032477,0
3902872473,1,backend/src/main/java/io/papermc/hangar/controller/api/v1/PermissionsController.java,42be6e6766030e2d489bdcc562b8704fb36e7fa0437dabde083e633f6188ae25,0
3902872473,1,backend/src/main/java/io/papermc/hangar/controller/api/v1/ProjectsController.java,ed5d647393c5274973fe359d0f9c7d8436e07ac808f6c41b5efa921385369f67,0
3902872473,1,backend/src/main/java/io/papermc/hangar/controller/api/v1/VersionsController.java,f165cdf87693e13ef65bde2e0b8f053701659756d7a84b2607d089ab77157487,0
3902872473,1,backend/src/main/java/io/papermc/hangar/controller/api/v1/interfaces/IPagesController.java,0b79dbce3d996b537a8ad603ed8eb3cbdb36d3930c4d98db06d8e89302219ce4,0
3902872473,1,backend/src/main/java/io/papermc/hangar/controller/api/v1/interfaces/IPermissionsController.java,c89ea40a6fd32910c71e19c20e51e38867d87934a533f3cee44a7334095aa3a3,0
3902872473,1,backend/src/main/java/io/papermc/hangar/controller/api/v1/interfaces/IProjectsController.java,a0e0f77c5b879ba3ea4050b8acf06d5984b700416ded2ddfa1e1d0adf0355be8,0
3902872473,1,backend/src/main/java/io/papermc/hangar/controller/api/v1/interfaces/IVersionsController.java,374eb11548093a49918ea967bac281b9ea0fe27cd8c4edb6ba17837260acdb2b,0
3902872473,1,backend/src/main/java/io/papermc/hangar/security/HangarMetadataSources.java,a958b932fdc68fe49930896e693dab90016e5c98f10a9bd791ff73770fce4715,0
3902872473,1,backend/src/main/java/io/papermc/hangar/security/HangarUnanimousBased.java,bbcd7760ff741abc4f5ae40c308f3bb7df1c2d1d1e011f6372ed7e2db9e43b5f,0
3902872473,1,backend/src/main/java/io/papermc/hangar/security/annotations/HangarDecisionVoter.java,1cc5dc3b59f246903c280aeea0e3a3ac15d8d63e2ff7126f1609c2ced9d35ee4,0
3902872473,1,backend/src/main/java/io/papermc/hangar/security/annotations/aal/AalMetadataExtractor.java,18d8bdacb1798b1d8d1161343d678ff0f63b169d68de0f1d80849688df491c77,0
3902872473,1,backend/src/main/java/io/papermc/hangar/security/annotations/aal/AalUnlockedVoter.java,c859ab8a92421f8cef5a5ae2e09df0a241665e4366d3e0a9da8ac643d13e610a,0
3902872473,1,backend/src/main/java/io/papermc/hangar/security/annotations/aal/RequireAal.java,5a95e40a642b14f4c3b3a17ff361493ab97cb8ee86f48be73af57ab2b01a25c5,0
3902872473,1,backend/src/main/java/io/papermc/hangar/security/annotations/currentuser/CurrentUserMetadataExtractor.java,e4c78073b0ae2ee201feb94bf93ce3386782396735c4c521c28132309b0e4d44,0
3902872473,1,backend/src/main/java/io/papermc/hangar/security/annotations/currentuser/CurrentUserVoter.java,5348c69cf515075f39995811e08513203cdf7936962b66883bde4d04567171b4,0
3902872473,1,backend/src/main/java/io/papermc/hangar/security/annotations/permission/PermissionRequiredMetadataExtractor.java,c24f2ef39f20e7f242c420888aa56cfeb0ff7aa37ec5739b084f4865d9dfefb7,0
3902872473,1,backend/src/main/java/io/papermc/hangar/security/annotations/permission/PermissionRequiredVoter.java,d636af6b47f75eb8239383cee8ec9c77e5e82b5093a42e062901b015fbc634f4,0
3902872473,1,backend/src/main/java/io/papermc/hangar/security/annotations/privileged/Privileged.java,fc4bb98cd308729e38872a1506876fbeb906496238765ddf60de23dee8cce228,0
3902872473,1,backend/src/main/java/io/papermc/hangar/security/annotations/privileged/PrivilegedMetadataExtractor.java,36ff1a0cd43aeca928af4a4350aa9e288b8036b4d3d4c9fff8fc0eab89e0acc7,0
3902872473,1,backend/src/main/java/io/papermc/hangar/security/annotations/privileged/PrivilegedVoter.java,c364c83ff4dfe4cb0dbf57a1238dce37c1bbfa337251605a0387469bdae60512,0
3902872473,1,backend/src/main/java/io/papermc/hangar/security/annotations/unlocked/Unlocked.java,a609506ef2c92698b1fba1eb99ad28883289547af3d8bc4dd1f25c78610c87fe,0
3902872473,1,backend/src/main/java/io/papermc/hangar/security/annotations/unlocked/UnlockedMetadataExtractor.java,9de5db3cda3bb4e0e4c72780f99a19784a01ac8d762f2ae7e627b1060b9e8ecd,0
3902872473,1,backend/src/main/java/io/papermc/hangar/security/annotations/unlocked/UnlockedVoter.java,9dd68de9f766745d8bd363615bd56f730f208bb267d2ee8fe194356ab66b59f6,0
3902872473,1,backend/src/main/java/io/papermc/hangar/security/annotations/visibility/VisibilityRequiredMetadataExtractor.java,1c7a7490537ac5e2701f39c274cd17ca1d6e2e593da2204e0d2589ddfa9aac1a,0
3902872473,1,backend/src/main/java/io/papermc/hangar/security/annotations/visibility/VisibilityRequiredVoter.java,755dc1d419e44903daf1300877e559ad67f2f7cede162e8e042a4861ec860963,0
3902872473,1,backend/src/main/java/io/papermc/hangar/security/configs/MethodSecurityConfig.java,1ef3dfb9a4ad3c8876fa467846ada201ed2a94284d52851a7eed89d2d6a0325a,0
3902872473,2,backend/src/main/java/io/papermc/hangar/controller/api/v1/PagesController.java,995172cb357dc7ea353b6d71c0dcf156e660cfd1cf5cb9933714fc0aae032477,0
3902872473,2,backend/src/main/java/io/papermc/hangar/controller/api/v1/PermissionsController.java,42be6e6766030e2d489bdcc562b8704fb36e7fa0437dabde083e633f6188ae25,0
3902872473,2,backend/src/main/java/io/papermc/hangar/controller/api/v1/ProjectsController.java,ed5d647393c5274973fe359d0f9c7d8436e07ac808f6c41b5efa921385369f67,0
3902872473,2,backend/src/main/java/io/papermc/hangar/controller/api/v1/VersionsController.java,f165cdf87693e13ef65bde2e0b8f053701659756d7a84b2607d089ab77157487,0
3902872473,2,backend/src/main/java/io/papermc/hangar/controller/api/v1/interfaces/IPagesController.java,0b79dbce3d996b537a8ad603ed8eb3cbdb36d3930c4d98db06d8e89302219ce4,0
3902872473,2,backend/src/main/java/io/papermc/hangar/controller/api/v1/interfaces/IPermissionsController.java,c89ea40a6fd32910c71e19c20e51e38867d87934a533f3cee44a7334095aa3a3,0
3902872473,2,backend/src/main/java/io/papermc/hangar/controller/api/v1/interfaces/IProjectsController.java,a0e0f77c5b879ba3ea4050b8acf06d5984b700416ded2ddfa1e1d0adf0355be8,0
3902872473,2,backend/src/main/java/io/papermc/hangar/controller/api/v1/interfaces/IVersionsController.java,374eb11548093a49918ea967bac281b9ea0fe27cd8c4edb6ba17837260acdb2b,0
3902872473,2,backend/src/main/java/io/papermc/hangar/security/HangarMetadataSources.java,a958b932fdc68fe49930896e693dab90016e5c98f10a9bd791ff73770fce4715,0
3902872473,2,backend/src/main/java/io/papermc/hangar/security/HangarUnanimousBased.java,bbcd7760ff741abc4f5ae40c308f3bb7df1c2d1d1e011f6372ed7e2db9e43b5f,0
3902872473,2,backend/src/main/java/io/papermc/hangar/security/annotations/HangarDecisionVoter.java,1cc5dc3b59f246903c280aeea0e3a3ac15d8d63e2ff7126f1609c2ced9d35ee4,0
3902872473,2,backend/src/main/java/io/papermc/hangar/security/annotations/aal/AalMetadataExtractor.java,18d8bdacb1798b1d8d1161343d678ff0f63b169d68de0f1d80849688df491c77,0
3902872473,2,backend/src/main/java/io/papermc/hangar/security/annotations/aal/AalUnlockedVoter.java,c859ab8a92421f8cef5a5ae2e09df0a241665e4366d3e0a9da8ac643d13e610a,0
3902872473,2,backend/src/main/java/io/papermc/hangar/security/annotations/aal/RequireAal.java,5a95e40a642b14f4c3b3a17ff361493ab97cb8ee86f48be73af57ab2b01a25c5,0
3902872473,2,backend/src/main/java/io/papermc/hangar/security/annotations/currentuser/CurrentUserMetadataExtractor.java,e4c78073b0ae2ee201feb94bf93ce3386782396735c4c521c28132309b0e4d44,0
3902872473,2,backend/src/main/java/io/papermc/hangar/security/annotations/currentuser/CurrentUserVoter.java,5348c69cf515075f39995811e08513203cdf7936962b66883bde4d04567171b4,0
3902872473,2,backend/src/main/java/io/papermc/hangar/security/annotations/permission/PermissionRequiredMetadataExtractor.java,c24f2ef39f20e7f242c420888aa56cfeb0ff7aa37ec5739b084f4865d9dfefb7,0
3902872473,2,backend/src/main/java/io/papermc/hangar/security/annotations/permission/PermissionRequiredVoter.java,d636af6b47f75eb8239383cee8ec9c77e5e82b5093a42e062901b015fbc634f4,0
3902872473,2,backend/src/main/java/io/papermc/hangar/security/annotations/privileged/Privileged.java,fc4bb98cd308729e38872a1506876fbeb906496238765ddf60de23dee8cce228,0
3902872473,2,backend/src/main/java/io/papermc/hangar/security/annotations/privileged/PrivilegedMetadataExtractor.java,36ff1a0cd43aeca928af4a4350aa9e288b8036b4d3d4c9fff8fc0eab89e0acc7,0
3902872473,2,backend/src/main/java/io/papermc/hangar/security/annotations/privileged/PrivilegedVoter.java,c364c83ff4dfe4cb0dbf57a1238dce37c1bbfa337251605a0387469bdae60512,0
3902872473,2,backend/src/main/java/io/papermc/hangar/security/annotations/unlocked/Unlocked.java,a609506ef2c92698b1fba1eb99ad28883289547af3d8bc4dd1f25c78610c87fe,0
3902872473,2,backend/src/main/java/io/papermc/hangar/security/annotations/unlocked/UnlockedMetadataExtractor.java,9de5db3cda3bb4e0e4c72780f99a19784a01ac8d762f2ae7e627b1060b9e8ecd,0
3902872473,2,backend/src/main/java/io/papermc/hangar/security/annotations/unlocked/UnlockedVoter.java,9dd68de9f766745d8bd363615bd56f730f208bb267d2ee8fe194356ab66b59f6,0
3902872473,2,backend/src/main/java/io/papermc/hangar/security/annotations/visibility/VisibilityRequiredMetadataExtractor.java,1c7a7490537ac5e2701f39c274cd17ca1d6e2e593da2204e0d2589ddfa9aac1a,0
3902872473,2,backend/src/main/java/io/papermc/hangar/security/annotations/visibility/VisibilityRequiredVoter.java,755dc1d419e44903daf1300877e559ad67f2f7cede162e8e042a4861ec860963,0
3902872473,2,backend/src/main/java/io/papermc/hangar/security/authorization/AalAuthorizationManager.java,ef95f238e4b60ecc4f246277f88838b5b259b157ae94f904ba99cb5bbf3b3040,0
3902872473,2,backend/src/main/java/io/papermc/hangar/security/authorization/CurrentUserAuthorizationManager.java,8a858eb08ac35b9ce95c1d1eeef82fd0b6ec587439b6bc14287f311cf63fecb8,0
3902872473,2,backend/src/main/java/io/papermc/hangar/security/authorization/HangarAuthorizationManager.java,3bb97074c927e12ff0401868cb4b6fac79ccd20e6225a6208d153b821a3b8e0f,0
3902872473,2,backend/src/main/java/io/papermc/hangar/security/authorization/HangarUnanimousAuthorizationManager.java,20b7fb999840d072ab15046e1e07239664a80893325e54dc969732f5f01e9fd0,0
3902872473,2,backend/src/main/java/io/papermc/hangar/security/authorization/PermissionRequiredAuthorizationManager.java,d53d2ef15342b27d401fc64bec22c930d2056fbfadc4e20a6a9d64e029b13e5b,0
3902872473,2,backend/src/main/java/io/papermc/hangar/security/authorization/PrivilegedAuthorizationManager.java,9e0a1fecb22f7a5f1e8dcdcd91919e2492976ba226dde0e4ffb6a121f6604ee8,0
3902872473,2,backend/src/main/java/io/papermc/hangar/security/authorization/UnlockedAuthorizationManager.java,bcb064d3dfe5b5f4ab7b77d34db9b823aff5e7c747f0c787170186b05bcbe886,0
3902872473,2,backend/src/main/java/io/papermc/hangar/security/authorization/VisibilityRequiredAuthorizationManager.java,164b244f83721461e9af33ff63f2f6a717dc2f24582122ba8516a3dd26d9922e,0
3902872473,2,backend/src/main/java/io/papermc/hangar/security/configs/MethodSecurityConfig.java,6bcdf52a7ef912523582a791c56ccf88e8afc8864bc9f46b7e8d02188cc685f8,0
3902872473,3,backend/src/main/java/io/papermc/hangar/controller/api/v1/PagesController.java,995172cb357dc7ea353b6d71c0dcf156e660cfd1cf5cb9933714fc0aae032477,0
3902872473,3,backend/src/main/java/io/papermc/hangar/controller/api/v1/PermissionsController.java,42be6e6766030e2d489bdcc562b8704fb36e7fa0437dabde083e633f6188ae25,0
3902872473,3,backend/src/main/java/io/papermc/hangar/controller/api/v1/ProjectsController.java,ed5d647393c5274973fe359d0f9c7d8436e07ac808f6c41b5efa921385369f67,0
3902872473,3,backend/src/main/java/io/papermc/hangar/controller/api/v1/VersionsController.java,f165cdf87693e13ef65bde2e0b8f053701659756d7a84b2607d089ab77157487,0
3902872473,3,backend/src/main/java/io/papermc/hangar/controller/api/v1/interfaces/IPagesController.java,0b79dbce3d996b537a8ad603ed8eb3cbdb36d3930c4d98db06d8e89302219ce4,0
3902872473,3,backend/src/main/java/io/papermc/hangar/controller/api/v1/interfaces/IPermissionsController.java,c89ea40a6fd32910c71e19c20e51e38867d87934a533f3cee44a7334095aa3a3,0
3902872473,3,backend/src/main/java/io/papermc/hangar/controller/api/v1/interfaces/IProjectsController.java,a0e0f77c5b879ba3ea4050b8acf06d5984b700416ded2ddfa1e1d0adf0355be8,0
3902872473,3,backend/src/main/java/io/papermc/hangar/controller/api/v1/interfaces/IVersionsController.java,374eb11548093a49918ea967bac281b9ea0fe27cd8c4edb6ba17837260acdb2b,0
3902872473,3,backend/src/main/java/io/papermc/hangar/security/HangarMetadataSources.java,a958b932fdc68fe49930896e693dab90016e5c98f10a9bd791ff73770fce4715,0
3902872473,3,backend/src/main/java/io/papermc/hangar/security/HangarUnanimousBased.java,bbcd7760ff741abc4f5ae40c308f3bb7df1c2d1d1e011f6372ed7e2db9e43b5f,0
3902872473,3,backend/src/main/java/io/papermc/hangar/security/annotations/HangarDecisionVoter.java,1cc5dc3b59f246903c280aeea0e3a3ac15d8d63e2ff7126f1609c2ced9d35ee4,0
3902872473,3,backend/src/main/java/io/papermc/hangar/security/annotations/aal/AalMetadataExtractor.java,18d8bdacb1798b1d8d1161343d678ff0f63b169d68de0f1d80849688df491c77,0
3902872473,3,backend/src/main/java/io/papermc/hangar/security/annotations/aal/AalUnlockedVoter.java,c859ab8a92421f8cef5a5ae2e09df0a241665e4366d3e0a9da8ac643d13e610a,0
3902872473,3,backend/src/main/java/io/papermc/hangar/security/annotations/aal/RequireAal.java,5a95e40a642b14f4c3b3a17ff361493ab97cb8ee86f48be73af57ab2b01a25c5,0
3902872473,3,backend/src/main/java/io/papermc/hangar/security/annotations/currentuser/CurrentUserMetadataExtractor.java,e4c78073b0ae2ee201feb94bf93ce3386782396735c4c521c28132309b0e4d44,0
3902872473,3,backend/src/main/java/io/papermc/hangar/security/annotations/currentuser/CurrentUserVoter.java,5348c69cf515075f39995811e08513203cdf7936962b66883bde4d04567171b4,0
3902872473,3,backend/src/main/java/io/papermc/hangar/security/annotations/permission/PermissionRequiredMetadataExtractor.java,c24f2ef39f20e7f242c420888aa56cfeb0ff7aa37ec5739b084f4865d9dfefb7,0
3902872473,3,backend/src/main/java/io/papermc/hangar/security/annotations/permission/PermissionRequiredVoter.java,d636af6b47f75eb8239383cee8ec9c77e5e82b5093a42e062901b015fbc634f4,0
3902872473,3,backend/src/main/java/io/papermc/hangar/security/annotations/privileged/Privileged.java,fc4bb98cd308729e38872a1506876fbeb906496238765ddf60de23dee8cce228,0
3902872473,3,backend/src/main/java/io/papermc/hangar/security/annotations/privileged/PrivilegedMetadataExtractor.java,36ff1a0cd43aeca928af4a4350aa9e288b8036b4d3d4c9fff8fc0eab89e0acc7,0
3902872473,3,backend/src/main/java/io/papermc/hangar/security/annotations/privileged/PrivilegedVoter.java,c364c83ff4dfe4cb0dbf57a1238dce37c1bbfa337251605a0387469bdae60512,0
3902872473,3,backend/src/main/java/io/papermc/hangar/security/annotations/unlocked/Unlocked.java,a609506ef2c92698b1fba1eb99ad28883289547af3d8bc4dd1f25c78610c87fe,0
3902872473,3,backend/src/main/java/io/papermc/hangar/security/annotations/unlocked/UnlockedMetadataExtractor.java,9de5db3cda3bb4e0e4c72780f99a19784a01ac8d762f2ae7e627b1060b9e8ecd,0
3902872473,3,backend/src/main/java/io/papermc/hangar/security/annotations/unlocked/UnlockedVoter.java,9dd68de9f766745d8bd363615bd56f730f208bb267d2ee8fe194356ab66b59f6,0
3902872473,3,backend/src/main/java/io/papermc/hangar/security/annotations/visibility/VisibilityRequiredMetadataExtractor.java,1c7a7490537ac5e2701f39c274cd17ca1d6e2e593da2204e0d2589ddfa9aac1a,0
3902872473,3,backend/src/main/java/io/papermc/hangar/security/annotations/visibility/VisibilityRequiredVoter.java,755dc1d419e44903daf1300877e559ad67f2f7cede162e8e042a4861ec860963,0
3902872473,3,backend/src/main/java/io/papermc/hangar/security/authorization/AalAuthorizationManager.java,f505ab5c69e2c2d0abb5194a0834eb4086134f3e5b2537bdfbaf5750075e3646,0
3902872473,3,backend/src/main/java/io/papermc/hangar/security/authorization/CurrentUserAuthorizationManager.java,8a858eb08ac35b9ce95c1d1eeef82fd0b6ec587439b6bc14287f311cf63fecb8,0
3902872473,3,backend/src/main/java/io/papermc/hangar/security/authorization/HangarAuthorizationManager.java,3bb97074c927e12ff0401868cb4b6fac79ccd20e6225a6208d153b821a3b8e0f,0
3902872473,3,backend/src/main/java/io/papermc/hangar/security/authorization/HangarUnanimousAuthorizationManager.java,20b7fb999840d072ab15046e1e07239664a80893325e54dc969732f5f01e9fd0,0
3902872473,3,backend/src/main/java/io/papermc/hangar/security/authorization/PermissionRequiredAuthorizationManager.java,d53d2ef15342b27d401fc64bec22c930d2056fbfadc4e20a6a9d64e029b13e5b,0
3902872473,3,backend/src/main/java/io/papermc/hangar/security/authorization/PrivilegedAuthorizationManager.java,480373d8747ae6513316cc3f06b3b3ba5d9e957d6cd4f50a0a7660e51a753810,0
3902872473,3,backend/src/main/java/io/papermc/hangar/security/authorization/UnlockedAuthorizationManager.java,25beccc6757a90db569079be30e678927e103ac7d42b3a87042c2e40db7f243b,0
3902872473,3,backend/src/main/java/io/papermc/hangar/security/authorization/VisibilityRequiredAuthorizationManager.java,164b244f83721461e9af33ff63f2f6a717dc2f24582122ba8516a3dd26d9922e,0
3902872473,3,backend/src/main/java/io/papermc/hangar/security/configs/MethodSecurityConfig.java,6bcdf52a7ef912523582a791c56ccf88e8afc8864bc9f46b7e8d02188cc685f8,0
3902872473,4,backend/src/main/java/io/papermc/hangar/controller/api/v1/PagesController.java,995172cb357dc7ea353b6d71c0dcf156e660cfd1cf5cb9933714fc0aae032477,0
3902872473,4,backend/src/main/java/io/papermc/hangar/controller/api/v1/PermissionsController.java,42be6e6766030e2d489bdcc562b8704fb36e7fa0437dabde083e633f6188ae25,0
3902872473,4,backend/src/main/java/io/papermc/hangar/controller/api/v1/ProjectsController.java,ed5d647393c5274973fe359d0f9c7d8436e07ac808f6c41b5efa921385369f67,0
3902872473,4,backend/src/main/java/io/papermc/hangar/controller/api/v1/VersionsController.java,f165cdf87693e13ef65bde2e0b8f053701659756d7a84b2607d089ab77157487,0
3902872473,4,backend/src/main/java/io/papermc/hangar/controller/api/v1/interfaces/IPagesController.java,0b79dbce3d996b537a8ad603ed8eb3cbdb36d3930c4d98db06d8e89302219ce4,0
3902872473,4,backend/src/main/java/io/papermc/hangar/controller/api/v1/interfaces/IPermissionsController.java,c89ea40a6fd32910c71e19c20e51e38867d87934a533f3cee44a7334095aa3a3,0
3902872473,4,backend/src/main/java/io/papermc/hangar/controller/api/v1/interfaces/IProjectsController.java,a0e0f77c5b879ba3ea4050b8acf06d5984b700416ded2ddfa1e1d0adf0355be8,0
3902872473,4,backend/src/main/java/io/papermc/hangar/controller/api/v1/interfaces/IVersionsController.java,374eb11548093a49918ea967bac281b9ea0fe27cd8c4edb6ba17837260acdb2b,0
3902872473,4,backend/src/main/java/io/papermc/hangar/security/annotations/aal/RequireAal.java,5a95e40a642b14f4c3b3a17ff361493ab97cb8ee86f48be73af57ab2b01a25c5,0
3902872473,4,backend/src/main/java/io/papermc/hangar/security/annotations/privileged/Privileged.java,fc4bb98cd308729e38872a1506876fbeb906496238765ddf60de23dee8cce228,0
3902872473,4,backend/src/main/java/io/papermc/hangar/security/annotations/unlocked/Unlocked.java,a609506ef2c92698b1fba1eb99ad28883289547af3d8bc4dd1f25c78610c87fe,0
3902872473,4,backend/src/main/java/io/papermc/hangar/security/authorization/AalAuthorizationManager.java,f505ab5c69e2c2d0abb5194a0834eb4086134f3e5b2537bdfbaf5750075e3646,0
3902872473,4,backend/src/main/java/io/papermc/hangar/security/authorization/CurrentUserAuthorizationManager.java,8a858eb08ac35b9ce95c1d1eeef82fd0b6ec587439b6bc14287f311cf63fecb8,0
3902872473,4,backend/src/main/java/io/papermc/hangar/security/authorization/HangarAuthorizationManager.java,3bb97074c927e12ff0401868cb4b6fac79ccd20e6225a6208d153b821a3b8e0f,0
3902872473,4,backend/src/main/java/io/papermc/hangar/security/authorization/HangarUnanimousAuthorizationManager.java,20b7fb999840d072ab15046e1e07239664a80893325e54dc969732f5f01e9fd0,0
3902872473,4,backend/src/main/java/io/papermc/hangar/security/authorization/PermissionRequiredAuthorizationManager.java,d53d2ef15342b27d401fc64bec22c930d2056fbfadc4e20a6a9d64e029b13e5b,0
3902872473,4,backend/src/main/java/io/papermc/hangar/security/authorization/PrivilegedAuthorizationManager.java,480373d8747ae6513316cc3f06b3b3ba5d9e957d6cd4f50a0a7660e51a753810,0
3902872473,4,backend/src/main/java/io/papermc/hangar/security/authorization/UnlockedAuthorizationManager.java,25beccc6757a90db569079be30e678927e103ac7d42b3a87042c2e40db7f243b,0
3902872473,4,backend/src/main/java/io/papermc/hangar/security/authorization/VisibilityRequiredAuthorizationManager.java,164b244f83721461e9af33ff63f2f6a717dc2f24582122ba8516a3dd26d9922e,0
3902872473,4,backend/src/main/java/io/papermc/hangar/security/configs/MethodSecurityConfig.java,6bcdf52a7ef912523582a791c56ccf88e8afc8864bc9f46b7e8d02188cc685f8,0
3902872473,5,backend/src/main/java/io/papermc/hangar/controller/api/v1/PagesController.java,995172cb357dc7ea353b6d71c0dcf156e660cfd1cf5cb9933714fc0aae032477,0
3902872473,5,backend/src/main/java/io/papermc/hangar/controller/api/v1/PermissionsController.java,42be6e6766030e2d489bdcc562b8704fb36e7fa0437dabde083e633f6188ae25,0
3902872473,5,backend/src/main/java/io/papermc/hangar/controller/api/v1/ProjectsController.java,ed5d647393c5274973fe359d0f9c7d8436e07ac808f6c41b5efa921385369f67,0
3902872473,5,backend/src/main/java/io/papermc/hangar/controller/api/v1/VersionsController.java,f165cdf87693e13ef65bde2e0b8f053701659756d7a84b2607d089ab77157487,0
3902872473,5,backend/src/main/java/io/papermc/hangar/controller/api/v1/interfaces/IPagesController.java,0b79dbce3d996b537a8ad603ed8eb3cbdb36d3930c4d98db06d8e89302219ce4,0
3902872473,5,backend/src/main/java/io/papermc/hangar/controller/api/v1/interfaces/IPermissionsController.java,c89ea40a6fd32910c71e19c20e51e38867d87934a533f3cee44a7334095aa3a3,0
3902872473,5,backend/src/main/java/io/papermc/hangar/controller/api/v1/interfaces/IProjectsController.java,a0e0f77c5b879ba3ea4050b8acf06d5984b700416ded2ddfa1e1d0adf0355be8,0
3902872473,5,backend/src/main/java/io/papermc/hangar/controller/api/v1/interfaces/IVersionsController.java,374eb11548093a49918ea967bac281b9ea0fe27cd8c4edb6ba17837260acdb2b,0
3902872473,5,backend/src/main/java/io/papermc/hangar/security/annotations/aal/RequireAal.java,5a95e40a642b14f4c3b3a17ff361493ab97cb8ee86f48be73af57ab2b01a25c5,0
3902872473,5,backend/src/main/java/io/papermc/hangar/security/annotations/privileged/Privileged.java,fc4bb98cd308729e38872a1506876fbeb906496238765ddf60de23dee8cce228,0
3902872473,5,backend/src/main/java/io/papermc/hangar/security/annotations/unlocked/Unlocked.java,a609506ef2c92698b1fba1eb99ad28883289547af3d8bc4dd1f25c78610c87fe,0
3902872473,5,backend/src/main/java/io/papermc/hangar/security/authorization/AalAuthorizationManager.java,f505ab5c69e2c2d0abb5194a0834eb4086134f3e5b2537bdfbaf5750075e3646,0
3902872473,5,backend/src/main/java/io/papermc/hangar/security/authorization/CurrentUserAuthorizationManager.java,8a858eb08ac35b9ce95c1d1eeef82fd0b6ec587439b6bc14287f311cf63fecb8,0
3902872473,5,backend/src/main/java/io/papermc/hangar/security/authorization/HangarAuthorizationManager.java,3bb97074c927e12ff0401868cb4b6fac79ccd20e6225a6208d153b821a3b8e0f,0
3902872473,5,backend/src/main/java/io/papermc/hangar/security/authorization/HangarUnanimousAuthorizationManager.java,20b7fb999840d072ab15046e1e07239664a80893325e54dc969732f5f01e9fd0,0
3902872473,5,backend/src/main/java/io/papermc/hangar/security/authorization/PermissionRequiredAuthorizationManager.java,d53d2ef15342b27d401fc64bec22c930d2056fbfadc4e20a6a9d64e029b13e5b,0
3902872473,5,backend/src/main/java/io/papermc/hangar/security/authorization/PrivilegedAuthorizationManager.java,480373d8747ae6513316cc3f06b3b3ba5d9e957d6cd4f50a0a7660e51a753810,0
3902872473,5,backend/src/main/java/io/papermc/hangar/security/authorization/UnlockedAuthorizationManager.java,25beccc6757a90db569079be30e678927e103ac7d42b3a87042c2e40db7f243b,0
3902872473,5,backend/src/main/java/io/papermc/hangar/security/authorization/VisibilityRequiredAuthorizationManager.java,164b244f83721461e9af33ff63f2f6a717dc2f24582122ba8516a3dd26d9922e,0
3902872473,5,backend/src/main/java/io/papermc/hangar/security/configs/MethodSecurityConfig.java,6bcdf52a7ef912523582a791c56ccf88e8afc8864bc9f46b7e8d02188cc685f8,0
3902872473,6,backend/src/main/java/io/papermc/hangar/controller/api/v1/PagesController.java,995172cb357dc7ea353b6d71c0dcf156e660cfd1cf5cb9933714fc0aae032477,0
3902872473,6,backend/src/main/java/io/papermc/hangar/controller/api/v1/PermissionsController.java,42be6e6766030e2d489bdcc562b8704fb36e7fa0437dabde083e633f6188ae25,0
3902872473,6,backend/src/main/java/io/papermc/hangar/controller/api/v1/ProjectsController.java,ed5d647393c5274973fe359d0f9c7d8436e07ac808f6c41b5efa921385369f67,0
3902872473,6,backend/src/main/java/io/papermc/hangar/controller/api/v1/VersionsController.java,f165cdf87693e13ef65bde2e0b8f053701659756d7a84b2607d089ab77157487,0
3902872473,6,backend/src/main/java/io/papermc/hangar/controller/api/v1/interfaces/IPagesController.java,0b79dbce3d996b537a8ad603ed8eb3cbdb36d3930c4d98db06d8e89302219ce4,0
3902872473,6,backend/src/main/java/io/papermc/hangar/controller/api/v1/interfaces/IPermissionsController.java,c89ea40a6fd32910c71e19c20e51e38867d87934a533f3cee44a7334095aa3a3,0
3902872473,6,backend/src/main/java/io/papermc/hangar/controller/api/v1/interfaces/IProjectsController.java,a0e0f77c5b879ba3ea4050b8acf06d5984b700416ded2ddfa1e1d0adf0355be8,0
3902872473,6,backend/src/main/java/io/papermc/hangar/controller/api/v1/interfaces/IVersionsController.java,374eb11548093a49918ea967bac281b9ea0fe27cd8c4edb6ba17837260acdb2b,0
3902872473,6,backend/src/main/java/io/papermc/hangar/security/annotations/aal/AalAuthorizationManager.java,432b52d0e2ee91e83e44071f6bb7e9b627d50f9fd8761ff44a75584695f889cc,0
3902872473,6,backend/src/main/java/io/papermc/hangar/security/annotations/aal/RequireAal.java,5a95e40a642b14f4c3b3a17ff361493ab97cb8ee86f48be73af57ab2b01a25c5,0
3902872473,6,backend/src/main/java/io/papermc/hangar/security/annotations/currentuser/CurrentUserAuthorizationManager.java,b94d7b8124fb4caec07c6eaa935a1ff16ee69022f71c23e5cf11efaddc95c48b,0
3902872473,6,backend/src/main/java/io/papermc/hangar/security/annotations/permission/PermissionRequiredAuthorizationManager.java,5938ccfb658775968bbcdc930c9c3e5831771d2ff714dfd73687327264d9fab3,0
3902872473,6,backend/src/main/java/io/papermc/hangar/security/annotations/privileged/Privileged.java,fc4bb98cd308729e38872a1506876fbeb906496238765ddf60de23dee8cce228,0
3902872473,6,backend/src/main/java/io/papermc/hangar/security/annotations/privileged/PrivilegedAuthorizationManager.java,155aa2e10ee57d7d1e11989eb63150afd61bdd68868144945688a5fd7dfa6e63,0
3902872473,6,backend/src/main/java/io/papermc/hangar/security/annotations/unlocked/Unlocked.java,a609506ef2c92698b1fba1eb99ad28883289547af3d8bc4dd1f25c78610c87fe,0
3902872473,6,backend/src/main/java/io/papermc/hangar/security/annotations/unlocked/UnlockedAuthorizationManager.java,0a88087ea3ba4dd38e1bbff851ab9a2f7fdd3c1c97802e1c59d1ab144ca39cd6,0
3902872473,6,backend/src/main/java/io/papermc/hangar/security/annotations/visibility/VisibilityRequiredAuthorizationManager.java,5c7bae9d63eab33eb0de668ea70f6e3cfaf286e85a755a08694bb576cd1afcd9,0
3902872473,6,backend/src/main/java/io/papermc/hangar/security/authorization/HangarAuthorizationManager.java,3bb97074c927e12ff0401868cb4b6fac79ccd20e6225a6208d153b821a3b8e0f,0
3902872473,6,backend/src/main/java/io/papermc/hangar/security/authorization/HangarUnanimousAuthorizationManager.java,20b7fb999840d072ab15046e1e07239664a80893325e54dc969732f5f01e9fd0,0
3902872473,6,backend/src/main/java/io/papermc/hangar/security/configs/MethodSecurityConfig.java,5dfda76f3435abad533d8dbcb2515171265b6e488fa27ecddd76a05ab91e7225,0
3902872473,7,backend/src/main/java/io/papermc/hangar/controller/api/v1/PagesController.java,995172cb357dc7ea353b6d71c0dcf156e660cfd1cf5cb9933714fc0aae032477,0
3902872473,7,backend/src/main/java/io/papermc/hangar/controller/api/v1/PermissionsController.java,42be6e6766030e2d489bdcc562b8704fb36e7fa0437dabde083e633f6188ae25,0
3902872473,7,backend/src/main/java/io/papermc/hangar/controller/api/v1/ProjectsController.java,ed5d647393c5274973fe359d0f9c7d8436e07ac808f6c41b5efa921385369f67,0
3902872473,7,backend/src/main/java/io/papermc/hangar/controller/api/v1/VersionsController.java,f165cdf87693e13ef65bde2e0b8f053701659756d7a84b2607d089ab77157487,0
3902872473,7,backend/src/main/java/io/papermc/hangar/controller/api/v1/interfaces/IPagesController.java,0b79dbce3d996b537a8ad603ed8eb3cbdb36d3930c4d98db06d8e89302219ce4,0
3902872473,7,backend/src/main/java/io/papermc/hangar/controller/api/v1/interfaces/IPermissionsController.java,c89ea40a6fd32910c71e19c20e51e38867d87934a533f3cee44a7334095aa3a3,0
3902872473,7,backend/src/main/java/io/papermc/hangar/controller/api/v1/interfaces/IProjectsController.java,a0e0f77c5b879ba3ea4050b8acf06d5984b700416ded2ddfa1e1d0adf0355be8,0
3902872473,7,backend/src/main/java/io/papermc/hangar/controller/api/v1/interfaces/IVersionsController.java,374eb11548093a49918ea967bac281b9ea0fe27cd8c4edb6ba17837260acdb2b,0
3902872473,7,backend/src/main/java/io/papermc/hangar/security/annotations/aal/AalAuthorizationManager.java,432b52d0e2ee91e83e44071f6bb7e9b627d50f9fd8761ff44a75584695f889cc,0
3902872473,7,backend/src/main/java/io/papermc/hangar/security/annotations/aal/RequireAal.java,5a95e40a642b14f4c3b3a17ff361493ab97cb8ee86f48be73af57ab2b01a25c5,0
3902872473,7,backend/src/main/java/io/papermc/hangar/security/annotations/currentuser/CurrentUserAuthorizationManager.java,b94d7b8124fb4caec07c6eaa935a1ff16ee69022f71c23e5cf11efaddc95c48b,0
3902872473,7,backend/src/main/java/io/papermc/hangar/security/annotations/permission/PermissionRequiredAuthorizationManager.java,5938ccfb658775968bbcdc930c9c3e5831771d2ff714dfd73687327264d9fab3,0
3902872473,7,backend/src/main/java/io/papermc/hangar/security/annotations/privileged/Privileged.java,fc4bb98cd308729e38872a1506876fbeb906496238765ddf60de23dee8cce228,0
3902872473,7,backend/src/main/java/io/papermc/hangar/security/annotations/privileged/PrivilegedAuthorizationManager.java,155aa2e10ee57d7d1e11989eb63150afd61bdd68868144945688a5fd7dfa6e63,0
3902872473,7,backend/src/main/java/io/papermc/hangar/security/annotations/unlocked/Unlocked.java,a609506ef2c92698b1fba1eb99ad28883289547af3d8bc4dd1f25c78610c87fe,0
3902872473,7,backend/src/main/java/io/papermc/hangar/security/annotations/unlocked/UnlockedAuthorizationManager.java,0a88087ea3ba4dd38e1bbff851ab9a2f7fdd3c1c97802e1c59d1ab144ca39cd6,0
3902872473,7,backend/src/main/java/io/papermc/hangar/security/annotations/visibility/VisibilityRequiredAuthorizationManager.java,5c7bae9d63eab33eb0de668ea70f6e3cfaf286e85a755a08694bb576cd1afcd9,0
3902872473,7,backend/src/main/java/io/papermc/hangar/security/authorization/HangarAuthorizationManager.java,3bb97074c927e12ff0401868cb4b6fac79ccd20e6225a6208d153b821a3b8e0f,0
3902872473,7,backend/src/main/java/io/papermc/hangar/security/authorization/HangarUnanimousAuthorizationManager.java,20b7fb999840d072ab15046e1e07239664a80893325e54dc969732f5f01e9fd0,0
3902872473,7,backend/src/main/java/io/papermc/hangar/security/configs/MethodSecurityConfig.java,5dfda76f3435abad533d8dbcb2515171265b6e488fa27ecddd76a05ab91e7225,0
3902872473,8,backend/src/main/java/io/papermc/hangar/controller/api/v1/PagesController.java,995172cb357dc7ea353b6d71c0dcf156e660cfd1cf5cb9933714fc0aae032477,0
3902872473,8,backend/src/main/java/io/papermc/hangar/controller/api/v1/PermissionsController.java,42be6e6766030e2d489bdcc562b8704fb36e7fa0437dabde083e633f6188ae25,0
3902872473,8,backend/src/main/java/io/papermc/hangar/controller/api/v1/ProjectsController.java,ed5d647393c5274973fe359d0f9c7d8436e07ac808f6c41b5efa921385369f67,0
3902872473,8,backend/src/main/java/io/papermc/hangar/controller/api/v1/VersionsController.java,f165cdf87693e13ef65bde2e0b8f053701659756d7a84b2607d089ab77157487,0
3902872473,8,backend/src/main/java/io/papermc/hangar/controller/api/v1/interfaces/IPagesController.java,0b79dbce3d996b537a8ad603ed8eb3cbdb36d3930c4d98db06d8e89302219ce4,0
3902872473,8,backend/src/main/java/io/papermc/hangar/controller/api/v1/interfaces/IPermissionsController.java,c89ea40a6fd32910c71e19c20e51e38867d87934a533f3cee44a7334095aa3a3,0
3902872473,8,backend/src/main/java/io/papermc/hangar/controller/api/v1/interfaces/IProjectsController.java,a0e0f77c5b879ba3ea4050b8acf06d5984b700416ded2ddfa1e1d0adf0355be8,0
3902872473,8,backend/src/main/java/io/papermc/hangar/controller/api/v1/interfaces/IVersionsController.java,374eb11548093a49918ea967bac281b9ea0fe27cd8c4edb6ba17837260acdb2b,0
3902872473,8,backend/src/main/java/io/papermc/hangar/security/annotations/aal/AalAuthorizationManager.java,432b52d0e2ee91e83e44071f6bb7e9b627d50f9fd8761ff44a75584695f889cc,0
3902872473,8,backend/src/main/java/io/papermc/hangar/security/annotations/aal/RequireAal.java,5a95e40a642b14f4c3b3a17ff361493ab97cb8ee86f48be73af57ab2b01a25c5,0
3902872473,8,backend/src/main/java/io/papermc/hangar/security/annotations/currentuser/CurrentUserAuthorizationManager.java,b94d7b8124fb4caec07c6eaa935a1ff16ee69022f71c23e5cf11efaddc95c48b,0
3902872473,8,backend/src/main/java/io/papermc/hangar/security/annotations/permission/PermissionRequiredAuthorizationManager.java,e23fa46f5c5e5bfe6b7d7c2dc852f2ef7e3951dcc51887f6e4296defede30a4a,0
3902872473,8,backend/src/main/java/io/papermc/hangar/security/annotations/privileged/Privileged.java,fc4bb98cd308729e38872a1506876fbeb906496238765ddf60de23dee8cce228,0
3902872473,8,backend/src/main/java/io/papermc/hangar/security/annotations/privileged/PrivilegedAuthorizationManager.java,155aa2e10ee57d7d1e11989eb63150afd61bdd68868144945688a5fd7dfa6e63,0
3902872473,8,backend/src/main/java/io/papermc/hangar/security/annotations/unlocked/Unlocked.java,a609506ef2c92698b1fba1eb99ad28883289547af3d8bc4dd1f25c78610c87fe,0
3902872473,8,backend/src/main/java/io/papermc/hangar/security/annotations/unlocked/UnlockedAuthorizationManager.java,0a88087ea3ba4dd38e1bbff851ab9a2f7fdd3c1c97802e1c59d1ab144ca39cd6,0
3902872473,8,backend/src/main/java/io/papermc/hangar/security/annotations/visibility/VisibilityRequiredAuthorizationManager.java,5c7bae9d63eab33eb0de668ea70f6e3cfaf286e85a755a08694bb576cd1afcd9,0
3902872473,8,backend/src/main/java/io/papermc/hangar/security/authorization/HangarAuthorizationManager.java,3bb97074c927e12ff0401868cb4b6fac79ccd20e6225a6208d153b821a3b8e0f,0
3902872473,8,backend/src/main/java/io/papermc/hangar/security/authorization/HangarUnanimousAuthorizationManager.java,20b7fb999840d072ab15046e1e07239664a80893325e54dc969732f5f01e9fd0,0
3902872473,8,backend/src/main/java/io/papermc/hangar/security/configs/MethodSecurityConfig.java,7aad9cc7656808950261d4ba79debbd8a3d2644f2647ec61624442299d69d7d7,0
3902872473,9,backend/src/main/java/io/papermc/hangar/controller/api/v1/PagesController.java,995172cb357dc7ea353b6d71c0dcf156e660cfd1cf5cb9933714fc0aae032477,0
3902872473,9,backend/src/main/java/io/papermc/hangar/controller/api/v1/PermissionsController.java,42be6e6766030e2d489bdcc562b8704fb36e7fa0437dabde083e633f6188ae25,0
3902872473,9,backend/src/main/java/io/papermc/hangar/controller/api/v1/ProjectsController.java,ed5d647393c5274973fe359d0f9c7d8436e07ac808f6c41b5efa921385369f67,0
3902872473,9,backend/src/main/java/io/papermc/hangar/controller/api/v1/VersionsController.java,f165cdf87693e13ef65bde2e0b8f053701659756d7a84b2607d089ab77157487,0
3902872473,9,backend/src/main/java/io/papermc/hangar/controller/api/v1/interfaces/IPagesController.java,0b79dbce3d996b537a8ad603ed8eb3cbdb36d3930c4d98db06d8e89302219ce4,0
3902872473,9,backend/src/main/java/io/papermc/hangar/controller/api/v1/interfaces/IPermissionsController.java,c89ea40a6fd32910c71e19c20e51e38867d87934a533f3cee44a7334095aa3a3,0
3902872473,9,backend/src/main/java/io/papermc/hangar/controller/api/v1/interfaces/IProjectsController.java,a0e0f77c5b879ba3ea4050b8acf06d5984b700416ded2ddfa1e1d0adf0355be8,0
3902872473,9,backend/src/main/java/io/papermc/hangar/controller/api/v1/interfaces/IVersionsController.java,374eb11548093a49918ea967bac281b9ea0fe27cd8c4edb6ba17837260acdb2b,0
3902872473,9,backend/src/main/java/io/papermc/hangar/security/annotations/aal/AalAuthorizationManager.java,9ec2b2c56e0bd8869b3f89ae35fa770f6abf8b78c113ade936605115e471110e,0
3902872473,9,backend/src/main/java/io/papermc/hangar/security/annotations/aal/RequireAal.java,5a95e40a642b14f4c3b3a17ff361493ab97cb8ee86f48be73af57ab2b01a25c5,0
3902872473,9,backend/src/main/java/io/papermc/hangar/security/annotations/currentuser/CurrentUserAuthorizationManager.java,31aa584e8c6676a6cf608a9d6e6756b221970d6235c139c7213c9278216bf292,0
3902872473,9,backend/src/main/java/io/papermc/hangar/security/annotations/permission/PermissionRequiredAuthorizationManager.java,29ebc41ab84d38f563d5aada7dba863a4642d98f046ac9a3f03a34bfa926ef86,0
3902872473,9,backend/src/main/java/io/papermc/hangar/security/annotations/privileged/Privileged.java,fc4bb98cd308729e38872a1506876fbeb906496238765ddf60de23dee8cce228,0
3902872473,9,backend/src/main/java/io/papermc/hangar/security/annotations/privileged/PrivilegedAuthorizationManager.java,c9713c7d2575249c70dd457c3e5c22322b3e3fcce2842068ab4949420ed03d8e,0
3902872473,9,backend/src/main/java/io/papermc/hangar/security/annotations/unlocked/Unlocked.java,a609506ef2c92698b1fba1eb99ad28883289547af3d8bc4dd1f25c78610c87fe,0
3902872473,9,backend/src/main/java/io/papermc/hangar/security/annotations/unlocked/UnlockedAuthorizationManager.java,ca9c9df8bbdb13aa2170995d5078bd05d8fbef7535387f53f8abda3cbdf3adfc,0
3902872473,9,backend/src/main/java/io/papermc/hangar/security/annotations/visibility/VisibilityRequiredAuthorizationManager.java,c6efc551fa39aeea54fab1295ace11bed13a4dc3d032e239267755e853672e21,0
3902872473,9,backend/src/main/java/io/papermc/hangar/security/authorization/HangarAuthorizationManager.java,3bb97074c927e12ff0401868cb4b6fac79ccd20e6225a6208d153b821a3b8e0f,0
3902872473,9,backend/src/main/java/io/papermc/hangar/security/authorization/HangarUnanimousAuthorizationManager.java,6bbb47c6730b448c1167dc540fbf3e2634b5a3c1c1d78baf2a7cc7e3ee958ba8,0
3902872473,9,backend/src/main/java/io/papermc/hangar/security/configs/MethodSecurityConfig.java,7aad9cc7656808950261d4ba79debbd8a3d2644f2647ec61624442299d69d7d7,0
3902872473,10,backend/src/main/java/io/papermc/hangar/controller/api/v1/PagesController.java,995172cb357dc7ea353b6d71c0dcf156e660cfd1cf5cb9933714fc0aae032477,0
3902872473,10,backend/src/main/java/io/papermc/hangar/controller/api/v1/PermissionsController.java,42be6e6766030e2d489bdcc562b8704fb36e7fa0437dabde083e633f6188ae25,0
3902872473,10,backend/src/main/java/io/papermc/hangar/controller/api/v1/ProjectsController.java,ed5d647393c5274973fe359d0f9c7d8436e07ac808f6c41b5efa921385369f67,0
3902872473,10,backend/src/main/java/io/papermc/hangar/controller/api/v1/VersionsController.java,f165cdf87693e13ef65bde2e0b8f053701659756d7a84b2607d089ab77157487,0
3902872473,10,backend/src/main/java/io/papermc/hangar/controller/api/v1/interfaces/IPagesController.java,0b79dbce3d996b537a8ad603ed8eb3cbdb36d3930c4d98db06d8e89302219ce4,0
3902872473,10,backend/src/main/java/io/papermc/hangar/controller/api/v1/interfaces/IPermissionsController.java,c89ea40a6fd32910c71e19c20e51e38867d87934a533f3cee44a7334095aa3a3,0
3902872473,10,backend/src/main/java/io/papermc/hangar/controller/api/v1/interfaces/IProjectsController.java,a0e0f77c5b879ba3ea4050b8acf06d5984b700416ded2ddfa1e1d0adf0355be8,0
3902872473,10,backend/src/main/java/io/papermc/hangar/controller/api/v1/interfaces/IVersionsController.java,374eb11548093a49918ea967bac281b9ea0fe27cd8c4edb6ba17837260acdb2b,0
3902872473,10,backend/src/main/java/io/papermc/hangar/security/annotations/aal/AalAuthorizationManager.java,9ec2b2c56e0bd8869b3f89ae35fa770f6abf8b78c113ade936605115e471110e,0
3902872473,10,backend/src/main/java/io/papermc/hangar/security/annotations/aal/RequireAal.java,5a95e40a642b14f4c3b3a17ff361493ab97cb8ee86f48be73af57ab2b01a25c5,0
3902872473,10,backend/src/main/java/io/papermc/hangar/security/annotations/currentuser/CurrentUserAuthorizationManager.java,31aa584e8c6676a6cf608a9d6e6756b221970d6235c139c7213c9278216bf292,0
3902872473,10,backend/src/main/java/io/papermc/hangar/security/annotations/permission/PermissionRequiredAuthorizationManager.java,29ebc41ab84d38f563d5aada7dba863a4642d98f046ac9a3f03a34bfa926ef86,0
3902872473,10,backend/src/main/java/io/papermc/hangar/security/annotations/privileged/Privileged.java,fc4bb98cd308729e38872a1506876fbeb906496238765ddf60de23dee8cce228,0
3902872473,10,backend/src/main/java/io/papermc/hangar/security/annotations/privileged/PrivilegedAuthorizationManager.java,c9713c7d2575249c70dd457c3e5c22322b3e3fcce2842068ab4949420ed03d8e,0
3902872473,10,backend/src/main/java/io/papermc/hangar/security/annotations/unlocked/Unlocked.java,a609506ef2c92698b1fba1eb99ad28883289547af3d8bc4dd1f25c78610c87fe,0
3902872473,10,backend/src/main/java/io/papermc/hangar/security/annotations/unlocked/UnlockedAuthorizationManager.java,ca9c9df8bbdb13aa2170995d5078bd05d8fbef7535387f53f8abda3cbdf3adfc,0
3902872473,10,backend/src/main/java/io/papermc/hangar/security/annotations/visibility/VisibilityRequiredAuthorizationManager.java,c6efc551fa39aeea54fab1295ace11bed13a4dc3d032e239267755e853672e21,0
3902872473,10,backend/src/main/java/io/papermc/hangar/security/authorization/HangarAuthorizationManager.java,3bb97074c927e12ff0401868cb4b6fac79ccd20e6225a6208d153b821a3b8e0f,0
3902872473,10,backend/src/main/java/io/papermc/hangar/security/authorization/HangarUnanimousAuthorizationManager.java,6bbb47c6730b448c1167dc540fbf3e2634b5a3c1c1d78baf2a7cc7e3ee958ba8,0
3902872473,10,backend/src/main/java/io/papermc/hangar/security/configs/MethodSecurityConfig.java,b51650c9b0a2b0fed8ab821771185f431b521fcbc83c7699b22034def22219fa,0
3902872473,11,backend/src/main/java/io/papermc/hangar/controller/api/v1/PagesController.java,995172cb357dc7ea353b6d71c0dcf156e660cfd1cf5cb9933714fc0aae032477,0
3902872473,11,backend/src/main/java/io/papermc/hangar/controller/api/v1/PermissionsController.java,42be6e6766030e2d489bdcc562b8704fb36e7fa0437dabde083e633f6188ae25,0
3902872473,11,backend/src/main/java/io/papermc/hangar/controller/api/v1/ProjectsController.java,ed5d647393c5274973fe359d0f9c7d8436e07ac808f6c41b5efa921385369f67,0
3902872473,11,backend/src/main/java/io/papermc/hangar/controller/api/v1/VersionsController.java,f165cdf87693e13ef65bde2e0b8f053701659756d7a84b2607d089ab77157487,0
3902872473,11,backend/src/main/java/io/papermc/hangar/controller/api/v1/interfaces/IPagesController.java,0b79dbce3d996b537a8ad603ed8eb3cbdb36d3930c4d98db06d8e89302219ce4,0
3902872473,11,backend/src/main/java/io/papermc/hangar/controller/api/v1/interfaces/IPermissionsController.java,c89ea40a6fd32910c71e19c20e51e38867d87934a533f3cee44a7334095aa3a3,0
3902872473,11,backend/src/main/java/io/papermc/hangar/controller/api/v1/interfaces/IProjectsController.java,a0e0f77c5b879ba3ea4050b8acf06d5984b700416ded2ddfa1e1d0adf0355be8,0
3902872473,11,backend/src/main/java/io/papermc/hangar/controller/api/v1/interfaces/IVersionsController.java,374eb11548093a49918ea967bac281b9ea0fe27cd8c4edb6ba17837260acdb2b,0
3902872473,11,backend/src/main/java/io/papermc/hangar/security/annotations/aal/AalAuthorizationManager.java,9ec2b2c56e0bd8869b3f89ae35fa770f6abf8b78c113ade936605115e471110e,0
3902872473,11,backend/src/main/java/io/papermc/hangar/security/annotations/aal/RequireAal.java,c1ff75b7cf34770bd558a47c426ff86426dfacdb46486cba91cb88401fd60396,0
3902872473,11,backend/src/main/java/io/papermc/hangar/security/annotations/currentuser/CurrentUserAuthorizationManager.java,31aa584e8c6676a6cf608a9d6e6756b221970d6235c139c7213c9278216bf292,0
3902872473,11,backend/src/main/java/io/papermc/hangar/security/annotations/permission/PermissionRequiredAuthorizationManager.java,29ebc41ab84d38f563d5aada7dba863a4642d98f046ac9a3f03a34bfa926ef86,0
3902872473,11,backend/src/main/java/io/papermc/hangar/security/annotations/privileged/Privileged.java,e463d6d4efd268f441ff82c5cd04a1488558a09cdfbd8c85781e8301bc8ebaf6,0
3902872473,11,backend/src/main/java/io/papermc/hangar/security/annotations/privileged/PrivilegedAuthorizationManager.java,c9713c7d2575249c70dd457c3e5c22322b3e3fcce2842068ab4949420ed03d8e,0
3902872473,11,backend/src/main/java/io/papermc/hangar/security/annotations/unlocked/Unlocked.java,e1fa098e2a6494b82fbd1aad6f66d682a0ef408a77fcbb45af677ce5f66a69b1,0
3902872473,11,backend/src/main/java/io/papermc/hangar/security/annotations/unlocked/UnlockedAuthorizationManager.java,ca9c9df8bbdb13aa2170995d5078bd05d8fbef7535387f53f8abda3cbdf3adfc,0
3902872473,11,backend/src/main/java/io/papermc/hangar/security/annotations/visibility/VisibilityRequiredAuthorizationManager.java,c6efc551fa39aeea54fab1295ace11bed13a4dc3d032e239267755e853672e21,0
3902872473,11,backend/src/main/java/io/papermc/hangar/security/authorization/HangarAuthorizationManager.java,3bb97074c927e12ff0401868cb4b6fac79ccd20e6225a6208d153b821a3b8e0f,0
3902872473,11,backend/src/main/java/io/papermc/hangar/security/authorization/HangarUnanimousAuthorizationManager.java,6bbb47c6730b448c1167dc540fbf3e2634b5a3c1c1d78baf2a7cc7e3ee958ba8,0
3902872473,11,backend/src/main/java/io/papermc/hangar/security/configs/MethodSecurityConfig.java,5ea73f1d22e3eae657a254c390a31c65fe5ed5bd7541b5c86fbab7f1fe870288,0
3902872473,12,backend/src/main/java/io/papermc/hangar/controller/api/v1/PagesController.java,9f902795381d53b8a1267865500cf7773f0671dae7ace86d5f67bd7386aed3d4,0
3902872473,12,backend/src/main/java/io/papermc/hangar/controller/api/v1/PermissionsController.java,2c4ebbabd871c7f188b7437722a96b73d340ab2f22e90ac579c8fd0f8a294d73,0
3902872473,12,backend/src/main/java/io/papermc/hangar/controller/api/v1/ProjectsController.java,af7ea0cc600808e158ae30d9dc55bd0c92206186a77ef776cda4cce9a25ccc7c,0
3902872473,12,backend/src/main/java/io/papermc/hangar/controller/api/v1/VersionsController.java,6b17f9797cb8f7b70501ae12edb44f2bb0c5e284b3d5e6e429c43f2a1e71cc04,0
3902872473,12,backend/src/main/java/io/papermc/hangar/controller/api/v1/interfaces/IPagesController.java,536a2393fa26a6ad055691fd7d241bc0a875584c184fafd6e1215be8a870f350,0
3902872473,12,backend/src/main/java/io/papermc/hangar/controller/api/v1/interfaces/IPermissionsController.java,dccb7a6bc337745619f8024675a329be4c8da5abcf15309229a75409645e0f5c,0
3902872473,12,backend/src/main/java/io/papermc/hangar/controller/api/v1/interfaces/IProjectsController.java,fcb8fa069cd0e9c2d5770c3c73b455dee4025d41392bf29622921566170f57de,0
3902872473,12,backend/src/main/java/io/papermc/hangar/controller/api/v1/interfaces/IVersionsController.java,e1a20ec033432430f4f70da98c2cd0928e92bf30ed2632033cb9cbc94c52b8d7,0
3902872473,12,backend/src/main/java/io/papermc/hangar/security/annotations/aal/AalAuthorizationManager.java,9ec2b2c56e0bd8869b3f89ae35fa770f6abf8b78c113ade936605115e471110e,0
3902872473,12,backend/src/main/java/io/papermc/hangar/security/annotations/aal/RequireAal.java,c1ff75b7cf34770bd558a47c426ff86426dfacdb46486cba91cb88401fd60396,0
3902872473,12,backend/src/main/java/io/papermc/hangar/security/annotations/currentuser/CurrentUserAuthorizationManager.java,31aa584e8c6676a6cf608a9d6e6756b221970d6235c139c7213c9278216bf292,0
3902872473,12,backend/src/main/java/io/papermc/hangar/security/annotations/permission/PermissionRequiredAuthorizationManager.java,29ebc41ab84d38f563d5aada7dba863a4642d98f046ac9a3f03a34bfa926ef86,0
3902872473,12,backend/src/main/java/io/papermc/hangar/security/annotations/privileged/Privileged.java,e463d6d4efd268f441ff82c5cd04a1488558a09cdfbd8c85781e8301bc8ebaf6,0
3902872473,12,backend/src/main/java/io/papermc/hangar/security/annotations/privileged/PrivilegedAuthorizationManager.java,c9713c7d2575249c70dd457c3e5c22322b3e3fcce2842068ab4949420ed03d8e,0
3902872473,12,backend/src/main/java/io/papermc/hangar/security/annotations/unlocked/Unlocked.java,e1fa098e2a6494b82fbd1aad6f66d682a0ef408a77fcbb45af677ce5f66a69b1,0
3902872473,12,backend/src/main/java/io/papermc/hangar/security/annotations/unlocked/UnlockedAuthorizationManager.java,ca9c9df8bbdb13aa2170995d5078bd05d8fbef7535387f53f8abda3cbdf3adfc,0
3902872473,12,backend/src/main/java/io/papermc/hangar/security/annotations/visibility/VisibilityRequiredAuthorizationManager.java,c6efc551fa39aeea54fab1295ace11bed13a4dc3d032e239267755e853672e21,0
3902872473,12,backend/src/main/java/io/papermc/hangar/security/authorization/HangarAuthorizationManager.java,3bb97074c927e12ff0401868cb4b6fac79ccd20e6225a6208d153b821a3b8e0f,0
3902872473,12,backend/src/main/java/io/papermc/hangar/security/authorization/HangarUnanimousAuthorizationManager.java,6bbb47c6730b448c1167dc540fbf3e2634b5a3c1c1d78baf2a7cc7e3ee958ba8,0
3902872473,12,backend/src/main/java/io/papermc/hangar/security/configs/MethodSecurityConfig.java,5ea73f1d22e3eae657a254c390a31c65fe5ed5bd7541b5c86fbab7f1fe870288,0
3902872473,13,backend/src/main/java/io/papermc/hangar/controller/api/v1/PagesController.java,9f902795381d53b8a1267865500cf7773f0671dae7ace86d5f67bd7386aed3d4,0
3902872473,13,backend/src/main/java/io/papermc/hangar/controller/api/v1/PermissionsController.java,2c4ebbabd871c7f188b7437722a96b73d340ab2f22e90ac579c8fd0f8a294d73,0
3902872473,13,backend/src/main/java/io/papermc/hangar/controller/api/v1/ProjectsController.java,af7ea0cc600808e158ae30d9dc55bd0c92206186a77ef776cda4cce9a25ccc7c,0
3902872473,13,backend/src/main/java/io/papermc/hangar/controller/api/v1/VersionsController.java,6b17f9797cb8f7b70501ae12edb44f2bb0c5e284b3d5e6e429c43f2a1e71cc04,0
3902872473,13,backend/src/main/java/io/papermc/hangar/controller/api/v1/interfaces/IPagesController.java,536a2393fa26a6ad055691fd7d241bc0a875584c184fafd6e1215be8a870f350,0
3902872473,13,backend/src/main/java/io/papermc/hangar/controller/api/v1/interfaces/IPermissionsController.java,dccb7a6bc337745619f8024675a329be4c8da5abcf15309229a75409645e0f5c,0
3902872473,13,backend/src/main/java/io/papermc/hangar/controller/api/v1/interfaces/IProjectsController.java,fcb8fa069cd0e9c2d5770c3c73b455dee4025d41392bf29622921566170f57de,0
3902872473,13,backend/src/main/java/io/papermc/hangar/controller/api/v1/interfaces/IVersionsController.java,e1a20ec033432430f4f70da98c2cd0928e92bf30ed2632033cb9cbc94c52b8d7,0
3902872473,13,backend/src/main/java/io/papermc/hangar/security/annotations/aal/AalAuthorizationManager.java,9ec2b2c56e0bd8869b3f89ae35fa770f6abf8b78c113ade936605115e471110e,0
3902872473,13,backend/src/main/java/io/papermc/hangar/security/annotations/aal/RequireAal.java,c1ff75b7cf34770bd558a47c426ff86426dfacdb46486cba91cb88401fd60396,0
3902872473,13,backend/src/main/java/io/papermc/hangar/security/annotations/currentuser/CurrentUserAuthorizationManager.java,31aa584e8c6676a6cf608a9d6e6756b221970d6235c139c7213c9278216bf292,0
3902872473,13,backend/src/main/java/io/papermc/hangar/security/annotations/permission/PermissionRequiredAuthorizationManager.java,29ebc41ab84d38f563d5aada7dba863a4642d98f046ac9a3f03a34bfa926ef86,0
3902872473,13,backend/src/main/java/io/papermc/hangar/security/annotations/privileged/Privileged.java,e463d6d4efd268f441ff82c5cd04a1488558a09cdfbd8c85781e8301bc8ebaf6,0
3902872473,13,backend/src/main/java/io/papermc/hangar/security/annotations/privileged/PrivilegedAuthorizationManager.java,c9713c7d2575249c70dd457c3e5c22322b3e3fcce2842068ab4949420ed03d8e,0
3902872473,13,backend/src/main/java/io/papermc/hangar/security/annotations/unlocked/Unlocked.java,e1fa098e2a6494b82fbd1aad6f66d682a0ef408a77fcbb45af677ce5f66a69b1,0
3902872473,13,backend/src/main/java/io/papermc/hangar/security/annotations/unlocked/UnlockedAuthorizationManager.java,ca9c9df8bbdb13aa2170995d5078bd05d8fbef7535387f53f8abda3cbdf3adfc,0
3902872473,13,backend/src/main/java/io/papermc/hangar/security/annotations/visibility/VisibilityRequiredAuthorizationManager.java,c6efc551fa39aeea54fab1295ace11bed13a4dc3d032e239267755e853672e21,0
3902872473,13,backend/src/main/java/io/papermc/hangar/security/authorization/HangarAuthorizationManager.java,3bb97074c927e12ff0401868cb4b6fac79ccd20e6225a6208d153b821a3b8e0f,0
3902872473,13,backend/src/main/java/io/papermc/hangar/security/authorization/HangarUnanimousAuthorizationManager.java,6bbb47c6730b448c1167dc540fbf3e2634b5a3c1c1d78baf2a7cc7e3ee958ba8,0
3902872473,13,backend/src/main/java/io/papermc/hangar/security/configs/MethodSecurityConfig.java,5ea73f1d22e3eae657a254c390a31c65fe5ed5bd7541b5c86fbab7f1fe870288,0
3783599847,0,CodenameOne/src/com/codename1/charts/compat/PathMeasure.java,499a8855210312c5ae216ac8fbdecc62c78885fb932746fad892eb16c54895c1,0
3783599847,0,CodenameOne/src/com/codename1/charts/views/BarChart.java,180c9704581b939eb8dea1b33dee3676116e1291ba434b2293c4a1fe17d34521,0
3783599847,0,CodenameOne/src/com/codename1/components/InfiniteScrollAdapter.java,de8ea7dd684600d2a53ba6b1dc0b2d21d4f29776eb459684a3940abd7edba2fd,0
3783599847,0,CodenameOne/src/com/codename1/components/SplitPane.java,63fe6af9c044e4b7131c2cc0fc2f07f2b5763ae143ba25898d92e34e8474d4da,0
3783599847,0,CodenameOne/src/com/codename1/components/ToastBar.java,3dbbf8656c1fdbb3ecc6d3f895b6ba86354b00a6e1b9e4586708df09d5cf9e46,0
3783599847,0,CodenameOne/src/com/codename1/io/gzip/Deflate.java,863552da4b8826b85d69d142de8fcbcd25c4167ef35aaf5a5a2d80f6e521b4a8,0
3783599847,0,CodenameOne/src/com/codename1/io/gzip/GZIPHeader.java,66e21e108dc2645429fd8a556301b226bd0920dbdbadf10beca57a3e40cbc7e8,0
3783599847,0,CodenameOne/src/com/codename1/io/gzip/Inflate.java,52e08937c43ab246500cf39b716178ec62e8d756d27dfd7356ca786936ce334b,0
3783599847,0,CodenameOne/src/com/codename1/io/gzip/Inflater.java,bd3e403dc39e5ee4c30fd02062a0d3c23029abf496a99a7587714bc9ab644851,0
3783599847,0,CodenameOne/src/com/codename1/javascript/JavascriptContext.java,d09ed79b89a953b8100858b2ad7142d724c3b231af60ce7e6b3e8ef6c378c0e1,0
3783599847,0,CodenameOne/src/com/codename1/maps/MapComponent.java,e78393b27313092916fb5018ac2c9445f8c8f54ebb8aaf07e744db50e5068fca,0
3783599847,0,CodenameOne/src/com/codename1/ui/Container.java,38c707ebae0ce082432f6006f27e018aff62f7d181532d62160a648180e31d90,0
3783599847,0,CodenameOne/src/com/codename1/ui/Display.java,b925a4931aac771f6614a95efa68f1f71702c5bce657ed0043fcae6289da2e4b,0
3783599847,0,CodenameOne/src/com/codename1/ui/TextSelection.java,2fb4c82ffb4f863c982c007bfef0b6b52eab8708caaceaf45503b8f744c01f64,0
3783599847,0,CodenameOne/src/com/codename1/ui/URLImage.java,f78840e665038058df14ca3eba6da6f4e3995fe87d4570f7f5fba0dfda2f1c22,0
3783599847,0,CodenameOne/src/com/codename1/ui/animations/CommonTransitions.java,9966b94ee0c53d1e7331901bc3de16dfe5bdc569d58f01fee902fd7613fa644f,0
3783599847,0,CodenameOne/src/com/codename1/ui/animations/MorphTransition.java,d9ddd5fad372406dcb7816fcfb0b33bfb506c742c938fd05f8178218aea7814a,0
3783599847,0,CodenameOne/src/com/codename1/ui/html/HTMLComponent.java,64c449b22f51afaf3df6509f230f0f5f496dfc5cfb3e5e765d3526bec7c55a0f,0
3783599847,0,CodenameOne/src/com/codename1/ui/layouts/GridBagLayout.java,e79bfd6b2ba1c0a9940e9619b509f9acf863621682dee872b78c26d51874a18b,0
3783599847,0,CodenameOne/src/com/codename1/ui/layouts/mig/CodenameOneMiGComponentWrapper.java,f1a6b195d8fa045ede51104eb76ec9842b610231a73587236fdab83561379cdb,0
3783599847,0,CodenameOne/src/com/codename1/ui/layouts/mig/PlatformDefaults.java,82c40dfaf5c0cb2f2376377b0bd2e8abb1695a3ff6922eaf1424a6efc7d4dc9c,0
3783599847,0,CodenameOne/src/com/codename1/ui/plaf/Style.java,748d56f103458aa984125c5064a1896fea9a72872fc11ecd71e7d3c6769c4bf1,0
3783599847,1,CodenameOne/src/com/codename1/charts/compat/PathMeasure.java,eff146d9598a932ec0f2709adc6a8a51335d847709c27dedd8f49df3116f7630,0
3783599847,1,CodenameOne/src/com/codename1/charts/views/BarChart.java,d63caf66d7539baddd63b452cd6a6ad4e522d1a8024fb2485509e44e3279e390,0
3783599847,1,CodenameOne/src/com/codename1/components/InfiniteScrollAdapter.java,5801b729054465e33c257605136b8652bddfcf1a4c38f5b59b253dd895180b8e,0
3783599847,1,CodenameOne/src/com/codename1/components/SplitPane.java,3eeb52950499a1cf1ce995f37ab0b6e33d9882ee2f56e845252b28afad2f88c9,0
3783599847,1,CodenameOne/src/com/codename1/components/ToastBar.java,065386bb4d95887e1c4453c104a102e63101a3841f1ecc4fa4beef13e6f5a19d,0
3783599847,1,CodenameOne/src/com/codename1/io/gzip/Deflate.java,76c492d173e8121cb36b0a7f5c82caae27d557354f8a7394eb03d6b4c4d16150,0
3783599847,1,CodenameOne/src/com/codename1/io/gzip/GZIPHeader.java,e4c1c1f3f4a141a7f8645243885562e03ea6e5333a48e39c2f9065ce1d189cc8,0
3783599847,1,CodenameOne/src/com/codename1/io/gzip/Inflate.java,86bdf6b115c26f1cbdc1c2a1ef68d2fcc497eb87a363ef2782701b25552a8cd1,0
3783599847,1,CodenameOne/src/com/codename1/io/gzip/Inflater.java,1b3a7fae0246b344a83712b3e8a4f20599311118e2275d5852b5d448ac9b84ee,0
3783599847,1,CodenameOne/src/com/codename1/javascript/JavascriptContext.java,5162a7e1ce2822d1d15cd28c23d90628a96eabf7af182a17d88e654fe4ef2667,0
3783599847,1,CodenameOne/src/com/codename1/maps/MapComponent.java,7df9120e685e6fb3e8f5418b9898d44512b0ec0f56c4fe5895bd738da1a65d85,0
3783599847,1,CodenameOne/src/com/codename1/ui/Container.java,c5bbe3049d473c6ef45bb73c263a31104a5a2739ac06ad86a3bd5d8e4081a65e,0
3783599847,1,CodenameOne/src/com/codename1/ui/Display.java,a8ddd083a7dbbea58796bdb0dbc325da82c26131577e697957e4f7063da55e85,0
3783599847,1,CodenameOne/src/com/codename1/ui/TextSelection.java,d4d2705575c3d76852c32d79346e421e7bc2c807af3749d575f94ada27910ae2,0
3783599847,1,CodenameOne/src/com/codename1/ui/URLImage.java,42d7c756b7a4ccd4a42d5ec6927ab44c08e63d35d01a10e81abff077a39d39f6,0
3783599847,1,CodenameOne/src/com/codename1/ui/animations/CommonTransitions.java,bf429cef31955264ce9af839b957646adf27fc6320bb18ae6e32a125934eebe4,0
3783599847,1,CodenameOne/src/com/codename1/ui/animations/MorphTransition.java,8cf378765e2be3a09ad75fbb92cc92080856aaf854164b80aa40cfce8edc4176,0
3783599847,1,CodenameOne/src/com/codename1/ui/html/HTMLComponent.java,550f087e178f3487435c2bd679dd810fbd0b72787e7ea15ca9c1d3e6f38218d5,0
3783599847,1,CodenameOne/src/com/codename1/ui/layouts/GridBagLayout.java,e79bfd6b2ba1c0a9940e9619b509f9acf863621682dee872b78c26d51874a18b,0
3783599847,1,CodenameOne/src/com/codename1/ui/layouts/mig/CodenameOneMiGComponentWrapper.java,2b7c1fcc358a3d4ec390a3074dc5ca048b98e8aa6689a5f6cb29524a86867ca9,0
3783599847,1,CodenameOne/src/com/codename1/ui/layouts/mig/PlatformDefaults.java,f8c106cd17ccf792800c9856cbbdbb830fc5813e41253fb422b507bec92a9523,0
3783599847,1,CodenameOne/src/com/codename1/ui/plaf/Style.java,4fb943c99714cc6313821761c846f7932a892cf3cf55c0428d4c7caabacf278a,0
3783599847,2,CodenameOne/src/com/codename1/charts/compat/PathMeasure.java,88bac01837278a2ddfd2904fd38caef40212a3cbff00a06ec37445a81f42c3d0,0
3783599847,2,CodenameOne/src/com/codename1/charts/views/BarChart.java,d63caf66d7539baddd63b452cd6a6ad4e522d1a8024fb2485509e44e3279e390,0
3783599847,2,CodenameOne/src/com/codename1/components/InfiniteScrollAdapter.java,5801b729054465e33c257605136b8652bddfcf1a4c38f5b59b253dd895180b8e,0
3783599847,2,CodenameOne/src/com/codename1/components/SplitPane.java,3eeb52950499a1cf1ce995f37ab0b6e33d9882ee2f56e845252b28afad2f88c9,0
3783599847,2,CodenameOne/src/com/codename1/components/ToastBar.java,065386bb4d95887e1c4453c104a102e63101a3841f1ecc4fa4beef13e6f5a19d,0
3783599847,2,CodenameOne/src/com/codename1/io/gzip/Deflate.java,76c492d173e8121cb36b0a7f5c82caae27d557354f8a7394eb03d6b4c4d16150,0
3783599847,2,CodenameOne/src/com/codename1/io/gzip/GZIPHeader.java,e4c1c1f3f4a141a7f8645243885562e03ea6e5333a48e39c2f9065ce1d189cc8,0
3783599847,2,CodenameOne/src/com/codename1/io/gzip/Inflate.java,86bdf6b115c26f1cbdc1c2a1ef68d2fcc497eb87a363ef2782701b25552a8cd1,0
3783599847,2,CodenameOne/src/com/codename1/io/gzip/Inflater.java,1b3a7fae0246b344a83712b3e8a4f20599311118e2275d5852b5d448ac9b84ee,0
3783599847,2,CodenameOne/src/com/codename1/javascript/JavascriptContext.java,5162a7e1ce2822d1d15cd28c23d90628a96eabf7af182a17d88e654fe4ef2667,0
3783599847,2,CodenameOne/src/com/codename1/maps/MapComponent.java,7df9120e685e6fb3e8f5418b9898d44512b0ec0f56c4fe5895bd738da1a65d85,0
3783599847,2,CodenameOne/src/com/codename1/ui/Container.java,c5bbe3049d473c6ef45bb73c263a31104a5a2739ac06ad86a3bd5d8e4081a65e,0
3783599847,2,CodenameOne/src/com/codename1/ui/Display.java,a8ddd083a7dbbea58796bdb0dbc325da82c26131577e697957e4f7063da55e85,0
3783599847,2,CodenameOne/src/com/codename1/ui/TextSelection.java,d4d2705575c3d76852c32d79346e421e7bc2c807af3749d575f94ada27910ae2,0
3783599847,2,CodenameOne/src/com/codename1/ui/URLImage.java,42d7c756b7a4ccd4a42d5ec6927ab44c08e63d35d01a10e81abff077a39d39f6,0
3783599847,2,CodenameOne/src/com/codename1/ui/animations/CommonTransitions.java,bf429cef31955264ce9af839b957646adf27fc6320bb18ae6e32a125934eebe4,0
3783599847,2,CodenameOne/src/com/codename1/ui/animations/MorphTransition.java,8cf378765e2be3a09ad75fbb92cc92080856aaf854164b80aa40cfce8edc4176,0
3783599847,2,CodenameOne/src/com/codename1/ui/html/HTMLComponent.java,550f087e178f3487435c2bd679dd810fbd0b72787e7ea15ca9c1d3e6f38218d5,0
3783599847,2,CodenameOne/src/com/codename1/ui/layouts/GridBagLayout.java,e79bfd6b2ba1c0a9940e9619b509f9acf863621682dee872b78c26d51874a18b,0
3783599847,2,CodenameOne/src/com/codename1/ui/layouts/mig/CodenameOneMiGComponentWrapper.java,2b7c1fcc358a3d4ec390a3074dc5ca048b98e8aa6689a5f6cb29524a86867ca9,0
3783599847,2,CodenameOne/src/com/codename1/ui/layouts/mig/PlatformDefaults.java,f8c106cd17ccf792800c9856cbbdbb830fc5813e41253fb422b507bec92a9523,0
3783599847,2,CodenameOne/src/com/codename1/ui/plaf/Style.java,f7d26074df02b57d89ac63820264475f2b53f4fe69545310bc0c799c343b4477,0
3783599847,3,CodenameOne/src/com/codename1/charts/compat/PathMeasure.java,88bac01837278a2ddfd2904fd38caef40212a3cbff00a06ec37445a81f42c3d0,0
3783599847,3,CodenameOne/src/com/codename1/charts/views/BarChart.java,d63caf66d7539baddd63b452cd6a6ad4e522d1a8024fb2485509e44e3279e390,0
3783599847,3,CodenameOne/src/com/codename1/components/InfiniteScrollAdapter.java,5801b729054465e33c257605136b8652bddfcf1a4c38f5b59b253dd895180b8e,0
3783599847,3,CodenameOne/src/com/codename1/components/SplitPane.java,3eeb52950499a1cf1ce995f37ab0b6e33d9882ee2f56e845252b28afad2f88c9,0
3783599847,3,CodenameOne/src/com/codename1/components/ToastBar.java,065386bb4d95887e1c4453c104a102e63101a3841f1ecc4fa4beef13e6f5a19d,0
3783599847,3,CodenameOne/src/com/codename1/io/gzip/Deflate.java,76c492d173e8121cb36b0a7f5c82caae27d557354f8a7394eb03d6b4c4d16150,0
3783599847,3,CodenameOne/src/com/codename1/io/gzip/GZIPHeader.java,e4c1c1f3f4a141a7f8645243885562e03ea6e5333a48e39c2f9065ce1d189cc8,0
3783599847,3,CodenameOne/src/com/codename1/io/gzip/Inflate.java,0f595ae6588fe79c450c0c59d05d2e059925bccbda4239dbf23adbce2bb23eea,0
3783599847,3,CodenameOne/src/com/codename1/io/gzip/Inflater.java,1b3a7fae0246b344a83712b3e8a4f20599311118e2275d5852b5d448ac9b84ee,0
3783599847,3,CodenameOne/src/com/codename1/javascript/JavascriptContext.java,5162a7e1ce2822d1d15cd28c23d90628a96eabf7af182a17d88e654fe4ef2667,0
3783599847,3,CodenameOne/src/com/codename1/maps/MapComponent.java,7df9120e685e6fb3e8f5418b9898d44512b0ec0f56c4fe5895bd738da1a65d85,0
3783599847,3,CodenameOne/src/com/codename1/ui/Container.java,c5bbe3049d473c6ef45bb73c263a31104a5a2739ac06ad86a3bd5d8e4081a65e,0
3783599847,3,CodenameOne/src/com/codename1/ui/Display.java,a8ddd083a7dbbea58796bdb0dbc325da82c26131577e697957e4f7063da55e85,0
3783599847,3,CodenameOne/src/com/codename1/ui/TextSelection.java,d4d2705575c3d76852c32d79346e421e7bc2c807af3749d575f94ada27910ae2,0
3783599847,3,CodenameOne/src/com/codename1/ui/URLImage.java,42d7c756b7a4ccd4a42d5ec6927ab44c08e63d35d01a10e81abff077a39d39f6,0
3783599847,3,CodenameOne/src/com/codename1/ui/animations/CommonTransitions.java,bf429cef31955264ce9af839b957646adf27fc6320bb18ae6e32a125934eebe4,0
3783599847,3,CodenameOne/src/com/codename1/ui/animations/MorphTransition.java,8cf378765e2be3a09ad75fbb92cc92080856aaf854164b80aa40cfce8edc4176,0
3783599847,3,CodenameOne/src/com/codename1/ui/html/HTMLComponent.java,550f087e178f3487435c2bd679dd810fbd0b72787e7ea15ca9c1d3e6f38218d5,0
3783599847,3,CodenameOne/src/com/codename1/ui/layouts/GridBagLayout.java,e79bfd6b2ba1c0a9940e9619b509f9acf863621682dee872b78c26d51874a18b,0
3783599847,3,CodenameOne/src/com/codename1/ui/layouts/mig/CodenameOneMiGComponentWrapper.java,2b7c1fcc358a3d4ec390a3074dc5ca048b98e8aa6689a5f6cb29524a86867ca9,0
3783599847,3,CodenameOne/src/com/codename1/ui/layouts/mig/PlatformDefaults.java,f8c106cd17ccf792800c9856cbbdbb830fc5813e41253fb422b507bec92a9523,0
3783599847,3,CodenameOne/src/com/codename1/ui/plaf/Style.java,f7d26074df02b57d89ac63820264475f2b53f4fe69545310bc0c799c343b4477,0
3783599847,4,CodenameOne/src/com/codename1/charts/compat/PathMeasure.java,88bac01837278a2ddfd2904fd38caef40212a3cbff00a06ec37445a81f42c3d0,0
3783599847,4,CodenameOne/src/com/codename1/charts/views/BarChart.java,d63caf66d7539baddd63b452cd6a6ad4e522d1a8024fb2485509e44e3279e390,0
3783599847,4,CodenameOne/src/com/codename1/components/InfiniteScrollAdapter.java,5801b729054465e33c257605136b8652bddfcf1a4c38f5b59b253dd895180b8e,0
3783599847,4,CodenameOne/src/com/codename1/components/SplitPane.java,3eeb52950499a1cf1ce995f37ab0b6e33d9882ee2f56e845252b28afad2f88c9,0
3783599847,4,CodenameOne/src/com/codename1/components/ToastBar.java,065386bb4d95887e1c4453c104a102e63101a3841f1ecc4fa4beef13e6f5a19d,0
3783599847,4,CodenameOne/src/com/codename1/io/gzip/Deflate.java,76c492d173e8121cb36b0a7f5c82caae27d557354f8a7394eb03d6b4c4d16150,0
3783599847,4,CodenameOne/src/com/codename1/io/gzip/GZIPHeader.java,e4c1c1f3f4a141a7f8645243885562e03ea6e5333a48e39c2f9065ce1d189cc8,0
3783599847,4,CodenameOne/src/com/codename1/io/gzip/Inflate.java,86bdf6b115c26f1cbdc1c2a1ef68d2fcc497eb87a363ef2782701b25552a8cd1,0
3783599847,4,CodenameOne/src/com/codename1/io/gzip/Inflater.java,1b3a7fae0246b344a83712b3e8a4f20599311118e2275d5852b5d448ac9b84ee,0
3783599847,4,CodenameOne/src/com/codename1/javascript/JavascriptContext.java,5162a7e1ce2822d1d15cd28c23d90628a96eabf7af182a17d88e654fe4ef2667,0
3783599847,4,CodenameOne/src/com/codename1/maps/MapComponent.java,7df9120e685e6fb3e8f5418b9898d44512b0ec0f56c4fe5895bd738da1a65d85,0
3783599847,4,CodenameOne/src/com/codename1/ui/Container.java,c5bbe3049d473c6ef45bb73c263a31104a5a2739ac06ad86a3bd5d8e4081a65e,0
3783599847,4,CodenameOne/src/com/codename1/ui/Display.java,a8ddd083a7dbbea58796bdb0dbc325da82c26131577e697957e4f7063da55e85,0
3783599847,4,CodenameOne/src/com/codename1/ui/TextSelection.java,d4d2705575c3d76852c32d79346e421e7bc2c807af3749d575f94ada27910ae2,0
3783599847,4,CodenameOne/src/com/codename1/ui/URLImage.java,42d7c756b7a4ccd4a42d5ec6927ab44c08e63d35d01a10e81abff077a39d39f6,0
3783599847,4,CodenameOne/src/com/codename1/ui/animations/CommonTransitions.java,bf429cef31955264ce9af839b957646adf27fc6320bb18ae6e32a125934eebe4,0
3783599847,4,CodenameOne/src/com/codename1/ui/animations/MorphTransition.java,8cf378765e2be3a09ad75fbb92cc92080856aaf854164b80aa40cfce8edc4176,0
3783599847,4,CodenameOne/src/com/codename1/ui/html/HTMLComponent.java,550f087e178f3487435c2bd679dd810fbd0b72787e7ea15ca9c1d3e6f38218d5,0
3783599847,4,CodenameOne/src/com/codename1/ui/layouts/GridBagLayout.java,e79bfd6b2ba1c0a9940e9619b509f9acf863621682dee872b78c26d51874a18b,0
3783599847,4,CodenameOne/src/com/codename1/ui/layouts/mig/CodenameOneMiGComponentWrapper.java,2b7c1fcc358a3d4ec390a3074dc5ca048b98e8aa6689a5f6cb29524a86867ca9,0
3783599847,4,CodenameOne/src/com/codename1/ui/layouts/mig/PlatformDefaults.java,f8c106cd17ccf792800c9856cbbdbb830fc5813e41253fb422b507bec92a9523,0
3783599847,4,CodenameOne/src/com/codename1/ui/plaf/Style.java,f7d26074df02b57d89ac63820264475f2b53f4fe69545310bc0c799c343b4477,0
3783599847,5,CodenameOne/src/com/codename1/charts/compat/PathMeasure.java,88bac01837278a2ddfd2904fd38caef40212a3cbff00a06ec37445a81f42c3d0,0
3783599847,5,CodenameOne/src/com/codename1/charts/views/BarChart.java,d63caf66d7539baddd63b452cd6a6ad4e522d1a8024fb2485509e44e3279e390,0
3783599847,5,CodenameOne/src/com/codename1/components/InfiniteScrollAdapter.java,5801b729054465e33c257605136b8652bddfcf1a4c38f5b59b253dd895180b8e,0
3783599847,5,CodenameOne/src/com/codename1/components/SplitPane.java,7caf9a5ba30471e2fc230ea2f79da6371fdaeb7dcf13f84d0c87a6883eeadaec,0
3783599847,5,CodenameOne/src/com/codename1/components/ToastBar.java,065386bb4d95887e1c4453c104a102e63101a3841f1ecc4fa4beef13e6f5a19d,0
3783599847,5,CodenameOne/src/com/codename1/io/gzip/Deflate.java,76c492d173e8121cb36b0a7f5c82caae27d557354f8a7394eb03d6b4c4d16150,0
3783599847,5,CodenameOne/src/com/codename1/io/gzip/GZIPHeader.java,e4c1c1f3f4a141a7f8645243885562e03ea6e5333a48e39c2f9065ce1d189cc8,0
3783599847,5,CodenameOne/src/com/codename1/io/gzip/Inflate.java,86bdf6b115c26f1cbdc1c2a1ef68d2fcc497eb87a363ef2782701b25552a8cd1,0
3783599847,5,CodenameOne/src/com/codename1/io/gzip/Inflater.java,1b3a7fae0246b344a83712b3e8a4f20599311118e2275d5852b5d448ac9b84ee,0
3783599847,5,CodenameOne/src/com/codename1/javascript/JavascriptContext.java,5162a7e1ce2822d1d15cd28c23d90628a96eabf7af182a17d88e654fe4ef2667,0
3783599847,5,CodenameOne/src/com/codename1/maps/MapComponent.java,7df9120e685e6fb3e8f5418b9898d44512b0ec0f56c4fe5895bd738da1a65d85,0
3783599847,5,CodenameOne/src/com/codename1/ui/Container.java,c5bbe3049d473c6ef45bb73c263a31104a5a2739ac06ad86a3bd5d8e4081a65e,0
3783599847,5,CodenameOne/src/com/codename1/ui/Display.java,a8ddd083a7dbbea58796bdb0dbc325da82c26131577e697957e4f7063da55e85,0
3783599847,5,CodenameOne/src/com/codename1/ui/TextSelection.java,d4d2705575c3d76852c32d79346e421e7bc2c807af3749d575f94ada27910ae2,0
3783599847,5,CodenameOne/src/com/codename1/ui/URLImage.java,42d7c756b7a4ccd4a42d5ec6927ab44c08e63d35d01a10e81abff077a39d39f6,0
3783599847,5,CodenameOne/src/com/codename1/ui/animations/CommonTransitions.java,bf429cef31955264ce9af839b957646adf27fc6320bb18ae6e32a125934eebe4,0
3783599847,5,CodenameOne/src/com/codename1/ui/animations/MorphTransition.java,8cf378765e2be3a09ad75fbb92cc92080856aaf854164b80aa40cfce8edc4176,0
3783599847,5,CodenameOne/src/com/codename1/ui/html/HTMLComponent.java,550f087e178f3487435c2bd679dd810fbd0b72787e7ea15ca9c1d3e6f38218d5,0
3783599847,5,CodenameOne/src/com/codename1/ui/layouts/GridBagLayout.java,12a705db06044947fa8c01299f910cf6bb4c0ff49375b041c868f631910165a7,0
3783599847,5,CodenameOne/src/com/codename1/ui/layouts/mig/CodenameOneMiGComponentWrapper.java,2b7c1fcc358a3d4ec390a3074dc5ca048b98e8aa6689a5f6cb29524a86867ca9,0
3783599847,5,CodenameOne/src/com/codename1/ui/layouts/mig/PlatformDefaults.java,f8c106cd17ccf792800c9856cbbdbb830fc5813e41253fb422b507bec92a9523,0
3783599847,5,CodenameOne/src/com/codename1/ui/plaf/Style.java,f7d26074df02b57d89ac63820264475f2b53f4fe69545310bc0c799c343b4477,0
3783599847,6,CodenameOne/src/com/codename1/charts/compat/PathMeasure.java,88bac01837278a2ddfd2904fd38caef40212a3cbff00a06ec37445a81f42c3d0,0
3783599847,6,CodenameOne/src/com/codename1/charts/views/BarChart.java,d63caf66d7539baddd63b452cd6a6ad4e522d1a8024fb2485509e44e3279e390,0
3783599847,6,CodenameOne/src/com/codename1/components/InfiniteScrollAdapter.java,5801b729054465e33c257605136b8652bddfcf1a4c38f5b59b253dd895180b8e,0
3783599847,6,CodenameOne/src/com/codename1/components/SplitPane.java,7caf9a5ba30471e2fc230ea2f79da6371fdaeb7dcf13f84d0c87a6883eeadaec,0
3783599847,6,CodenameOne/src/com/codename1/components/ToastBar.java,065386bb4d95887e1c4453c104a102e63101a3841f1ecc4fa4beef13e6f5a19d,0
3783599847,6,CodenameOne/src/com/codename1/io/gzip/Deflate.java,76c492d173e8121cb36b0a7f5c82caae27d557354f8a7394eb03d6b4c4d16150,0
3783599847,6,CodenameOne/src/com/codename1/io/gzip/GZIPHeader.java,e4c1c1f3f4a141a7f8645243885562e03ea6e5333a48e39c2f9065ce1d189cc8,0
3783599847,6,CodenameOne/src/com/codename1/io/gzip/Inflate.java,86bdf6b115c26f1cbdc1c2a1ef68d2fcc497eb87a363ef2782701b25552a8cd1,0
3783599847,6,CodenameOne/src/com/codename1/io/gzip/Inflater.java,1b3a7fae0246b344a83712b3e8a4f20599311118e2275d5852b5d448ac9b84ee,0
3783599847,6,CodenameOne/src/com/codename1/javascript/JavascriptContext.java,5162a7e1ce2822d1d15cd28c23d90628a96eabf7af182a17d88e654fe4ef2667,0
3783599847,6,CodenameOne/src/com/codename1/maps/MapComponent.java,7df9120e685e6fb3e8f5418b9898d44512b0ec0f56c4fe5895bd738da1a65d85,0
3783599847,6,CodenameOne/src/com/codename1/ui/Container.java,c5bbe3049d473c6ef45bb73c263a31104a5a2739ac06ad86a3bd5d8e4081a65e,0
3783599847,6,CodenameOne/src/com/codename1/ui/Display.java,a8ddd083a7dbbea58796bdb0dbc325da82c26131577e697957e4f7063da55e85,0
3783599847,6,CodenameOne/src/com/codename1/ui/TextSelection.java,d4d2705575c3d76852c32d79346e421e7bc2c807af3749d575f94ada27910ae2,0
3783599847,6,CodenameOne/src/com/codename1/ui/URLImage.java,42d7c756b7a4ccd4a42d5ec6927ab44c08e63d35d01a10e81abff077a39d39f6,0
3783599847,6,CodenameOne/src/com/codename1/ui/animations/CommonTransitions.java,bf429cef31955264ce9af839b957646adf27fc6320bb18ae6e32a125934eebe4,0
3783599847,6,CodenameOne/src/com/codename1/ui/animations/MorphTransition.java,8cf378765e2be3a09ad75fbb92cc92080856aaf854164b80aa40cfce8edc4176,0
3783599847,6,CodenameOne/src/com/codename1/ui/html/HTMLComponent.java,550f087e178f3487435c2bd679dd810fbd0b72787e7ea15ca9c1d3e6f38218d5,0
3783599847,6,CodenameOne/src/com/codename1/ui/layouts/GridBagLayout.java,e79bfd6b2ba1c0a9940e9619b509f9acf863621682dee872b78c26d51874a18b,0
3783599847,6,CodenameOne/src/com/codename1/ui/layouts/mig/CodenameOneMiGComponentWrapper.java,2b7c1fcc358a3d4ec390a3074dc5ca048b98e8aa6689a5f6cb29524a86867ca9,0
3783599847,6,CodenameOne/src/com/codename1/ui/layouts/mig/PlatformDefaults.java,f8c106cd17ccf792800c9856cbbdbb830fc5813e41253fb422b507bec92a9523,0
3783599847,6,CodenameOne/src/com/codename1/ui/plaf/Style.java,f7d26074df02b57d89ac63820264475f2b53f4fe69545310bc0c799c343b4477,0
3523327685,0,src/main/java/dk/tbsalling/aismessages/nmea/NMEAMessageHandler.java,1970903e862d27e9c3d2dde156c222689523dc9d6d105af5042f258d29cb1843,0
3523327685,0,src/main/java/dk/tbsalling/aismessages/nmea/messages/NMEAMessage.java,fd3219a51d7aefed34b45f0f379bca55a154ba09057a2ac087613f39a785c521,0
3523327685,1,src/main/java/dk/tbsalling/aismessages/nmea/NMEAMessageHandler.java,1970903e862d27e9c3d2dde156c222689523dc9d6d105af5042f258d29cb1843,0
3523327685,1,src/main/java/dk/tbsalling/aismessages/nmea/messages/NMEAMessage.java,fd3219a51d7aefed34b45f0f379bca55a154ba09057a2ac087613f39a785c521,0
3523327685,2,src/main/java/dk/tbsalling/aismessages/nmea/NMEAMessageHandler.java,1970903e862d27e9c3d2dde156c222689523dc9d6d105af5042f258d29cb1843,0
3523327685,2,src/main/java/dk/tbsalling/aismessages/nmea/messages/NMEAMessage.java,2d24425e557b789e30e399172e276b43db368d2794d0747364f5e8ed853f8548,0
3523327685,3,src/main/java/dk/tbsalling/aismessages/nmea/NMEAMessageHandler.java,1970903e862d27e9c3d2dde156c222689523dc9d6d105af5042f258d29cb1843,0
3523327685,3,src/main/java/dk/tbsalling/aismessages/nmea/messages/NMEAMessage.java,129116b7540b365da0bb506522cfde56a73bfb7d9c2e7018f7919983a4ee671f,0
3523327685,4,src/main/java/dk/tbsalling/aismessages/nmea/NMEAMessageHandler.java,5b15528693ffdfdc1f6168157bc35c404d9bf8949b3a71f1f8debaeb4267c036,0
3523327685,4,src/main/java/dk/tbsalling/aismessages/nmea/messages/NMEAMessage.java,129116b7540b365da0bb506522cfde56a73bfb7d9c2e7018f7919983a4ee671f,0
3523327685,5,src/main/java/dk/tbsalling/aismessages/nmea/NMEAMessageHandler.java,97b933844a6323c950b9d03b3cc0213f9dba14c437c2dd7d26c6be4b2880e481,0
3523327685,5,src/main/java/dk/tbsalling/aismessages/nmea/StrictNMEAMessageHandler.java,71b33d97f35a98818e7e200e477488bc6e4c093c2537c46e8f07558f38fecb5d,0
3523327685,5,src/main/java/dk/tbsalling/aismessages/nmea/messages/NMEAMessage.java,129116b7540b365da0bb506522cfde56a73bfb7d9c2e7018f7919983a4ee671f,0
3523327685,6,src/main/java/dk/tbsalling/aismessages/nmea/NMEAMessageHandler.java,97b933844a6323c950b9d03b3cc0213f9dba14c437c2dd7d26c6be4b2880e481,0
3523327685,6,src/main/java/dk/tbsalling/aismessages/nmea/NMEAMessageHandlerStrict.java,a97777bd49b7d2764309c8c044cc28cc72655518e7ee964e93eace0d8fb341c7,0
3523327685,6,src/main/java/dk/tbsalling/aismessages/nmea/messages/NMEAMessage.java,129116b7540b365da0bb506522cfde56a73bfb7d9c2e7018f7919983a4ee671f,0
3526768331,0,CodenameOne/src/com/codename1/components/ScaleImageLabel.java,dcf8b5affd64c6734ff193614736367e007ef6053355ed000b568c89d6d46b4d,0
3526768331,0,CodenameOne/src/com/codename1/components/SliderBridge.java,449afbc62d57151a4c5396c6d246b2b39f74e9a33ef0d215f7fb99a3ff604210,0
3526768331,0,CodenameOne/src/com/codename1/components/SplitPane.java,85970fbaea9a946b27644364e2ddcc55772026720e22e517e997e4c442fab0f0,0
3526768331,0,CodenameOne/src/com/codename1/components/Switch.java,cfaa5d64d688be7ee51c76ffb979652cd437e0a574079ec9632f2045d9eff3a8,0
3526768331,0,CodenameOne/src/com/codename1/components/ToastBar.java,c4edff4a868c95e53a197aa9dbde0dfe1bae0590e0929f9b2b1f68be72a9bbcd,0
3526768331,0,CodenameOne/src/com/codename1/components/WebBrowser.java,2f73071053082c50d35e586ea14531cb690d566a3a30ac4266ce79917665ebe5,0
3526768331,0,CodenameOne/src/com/codename1/db/Cursor.java,75357219c28b42ed4d90be0d0f384347e107ae8536869d223c0263b79cf2ef61,0
3526768331,0,CodenameOne/src/com/codename1/db/Database.java,f2f27430d588c945521bfa198f01bd4c1094827a4b45b1e84887cbf0bf0726ec,0
3526768331,0,CodenameOne/src/com/codename1/db/Row.java,66aa7c0e865ec341af1dd3c666806c253571deabd634a9ee55e5727053442d30,0
3526768331,0,CodenameOne/src/com/codename1/db/RowExt.java,2f4f193968f38752a8cd66d9357bccf781e40c517a049dbbde60544e2c1ad095,0
3526768331,0,CodenameOne/src/com/codename1/db/ThreadSafeDatabase.java,30acd0ce52b45647a4119ba73f318632f00ecf553e4925905d0abe09a1f3dc44,0
3526768331,0,CodenameOne/src/com/codename1/facebook/FaceBookAccess.java,76fafbe053169da14c27b4ba977d910bfe85fd5f95e9adf6ce45be6d69d5ac26,0
3526768331,0,CodenameOne/src/com/codename1/facebook/FacebookRESTService.java,9a11f8a738350e480497be01150d078ae1868334aff77d7f7436dc83629313cd,0
3526768331,0,CodenameOne/src/com/codename1/facebook/Post.java,6ab16a36e53366e9da8e4240b0d00e1ef1526cd848d13c08a4e471cafce66030,0
3526768331,0,CodenameOne/src/com/codename1/impl/CodenameOneImplementation.java,18ffe9da4a2bd145dbb9e1b0dadc047a6690195430d926dd1313dbd23e2aec57,0
3526768331,0,CodenameOne/src/com/codename1/impl/FullScreenAdService.java,d6313be474791071278e4301d3f48424ee344413d2dd93e6b6712640f7a2ec73,0
3526768331,0,CodenameOne/src/com/codename1/ui/geom/GeneralPath.java,72ee0a252ef9ee73527f7fa9f9643fe40d51f40cf592bf55f8653b27a2a5851b,0
3526768331,1,CodenameOne/src/com/codename1/components/ScaleImageLabel.java,1a02a5ef25bcad9045b37f22b75690a503f02b598b4525e3a1a58fa25f813381,0
3526768331,1,CodenameOne/src/com/codename1/components/SliderBridge.java,a41f032b505f49c5c1f4d4f7cdd3b69b1efbe76596c32a255fde3d328c8ecf3e,0
3526768331,1,CodenameOne/src/com/codename1/components/SplitPane.java,65b47cf618d46cac9da8f7f7af9e35d99dc26a6960ec5e8d74a9c7313a2a9e14,0
3526768331,1,CodenameOne/src/com/codename1/components/Switch.java,8a5850ef5e79150a3c30efccca9608648b0b32f888e46a663721f1621139da60,0
3526768331,1,CodenameOne/src/com/codename1/components/ToastBar.java,10fe1e0d0178e7dcd7c50c10f3838a29676cb6600c73164ae8756c4d5ce12397,0
3526768331,1,CodenameOne/src/com/codename1/components/WebBrowser.java,65982300a4e5a00a80f748d8231be3014ffd49b47ebb658c21541471ea9d5bf3,0
3526768331,1,CodenameOne/src/com/codename1/db/Cursor.java,00cf9406082994496ed9cced18d644ed308458ea7768e38abf738b4756b59f4f,0
3526768331,1,CodenameOne/src/com/codename1/db/Database.java,09cd8888904f186ece2c472a148a9b2ee2202e17cf4350c2011f8860ccd7665d,0
3526768331,1,CodenameOne/src/com/codename1/db/Row.java,d8ab08e2ffbe5ef6aa3460895c3fb58c3bb7ef7548fefea4a3b1ef1660a35b24,0
3526768331,1,CodenameOne/src/com/codename1/db/RowExt.java,52d874235f34df1033fc3a87be8b35f39da9f65a413e827c9e317d65405ac2a9,0
3526768331,1,CodenameOne/src/com/codename1/db/ThreadSafeDatabase.java,17145a5ab759a85b02c6f1ae306dc8e7a06943af0345be3c463bd772ee639bfd,0
3526768331,1,CodenameOne/src/com/codename1/facebook/FaceBookAccess.java,1046efe7569d5148d5ac27603e96363834948cb839785646cd7743e12953b6ab,0
3526768331,1,CodenameOne/src/com/codename1/facebook/FacebookRESTService.java,75fa0605f9a7a475089e2067d1373dd362518b25bb72dfe2753857d77776322d,0
3526768331,1,CodenameOne/src/com/codename1/facebook/Post.java,00609de452b70212c6ee2b7fd5153d713c42d7d31e11a0ed6c28915f88bd6488,0
3526768331,1,CodenameOne/src/com/codename1/impl/CodenameOneImplementation.java,51406bb802fbce132d32510d3018d53eed335c7c29b5489e385b55a547e9f28c,0
3526768331,1,CodenameOne/src/com/codename1/impl/FullScreenAdService.java,bc1ce6bd4bd3ea1efc53b36c83d21061c5b97c7d0db57f9534243f1802ebc637,0
3526768331,1,CodenameOne/src/com/codename1/ui/geom/GeneralPath.java,48ddaef0d5814fe5565d7e12a706f6057cc4663656f60641f77b7492de2981bb,0
3526768331,2,CodenameOne/src/com/codename1/components/ScaleImageLabel.java,1a02a5ef25bcad9045b37f22b75690a503f02b598b4525e3a1a58fa25f813381,0
3526768331,2,CodenameOne/src/com/codename1/components/SliderBridge.java,a41f032b505f49c5c1f4d4f7cdd3b69b1efbe76596c32a255fde3d328c8ecf3e,0
3526768331,2,CodenameOne/src/com/codename1/components/SplitPane.java,65b47cf618d46cac9da8f7f7af9e35d99dc26a6960ec5e8d74a9c7313a2a9e14,0
3526768331,2,CodenameOne/src/com/codename1/components/Switch.java,8a5850ef5e79150a3c30efccca9608648b0b32f888e46a663721f1621139da60,0
3526768331,2,CodenameOne/src/com/codename1/components/ToastBar.java,10fe1e0d0178e7dcd7c50c10f3838a29676cb6600c73164ae8756c4d5ce12397,0
3526768331,2,CodenameOne/src/com/codename1/components/WebBrowser.java,65982300a4e5a00a80f748d8231be3014ffd49b47ebb658c21541471ea9d5bf3,0
3526768331,2,CodenameOne/src/com/codename1/db/Cursor.java,00cf9406082994496ed9cced18d644ed308458ea7768e38abf738b4756b59f4f,0
3526768331,2,CodenameOne/src/com/codename1/db/Database.java,09cd8888904f186ece2c472a148a9b2ee2202e17cf4350c2011f8860ccd7665d,0
3526768331,2,CodenameOne/src/com/codename1/db/Row.java,d8ab08e2ffbe5ef6aa3460895c3fb58c3bb7ef7548fefea4a3b1ef1660a35b24,0
3526768331,2,CodenameOne/src/com/codename1/db/RowExt.java,52d874235f34df1033fc3a87be8b35f39da9f65a413e827c9e317d65405ac2a9,0
3526768331,2,CodenameOne/src/com/codename1/db/ThreadSafeDatabase.java,17145a5ab759a85b02c6f1ae306dc8e7a06943af0345be3c463bd772ee639bfd,0
3526768331,2,CodenameOne/src/com/codename1/facebook/FaceBookAccess.java,3a01d0827267fdfa16a654eaed3bdd211d93bfd5f24ea7b1c67731e3c417c76d,0
3526768331,2,CodenameOne/src/com/codename1/facebook/FacebookRESTService.java,75fa0605f9a7a475089e2067d1373dd362518b25bb72dfe2753857d77776322d,0
3526768331,2,CodenameOne/src/com/codename1/facebook/Post.java,00609de452b70212c6ee2b7fd5153d713c42d7d31e11a0ed6c28915f88bd6488,0
3526768331,2,CodenameOne/src/com/codename1/impl/CodenameOneImplementation.java,51406bb802fbce132d32510d3018d53eed335c7c29b5489e385b55a547e9f28c,0
3526768331,2,CodenameOne/src/com/codename1/impl/FullScreenAdService.java,bc1ce6bd4bd3ea1efc53b36c83d21061c5b97c7d0db57f9534243f1802ebc637,0
3526768331,2,CodenameOne/src/com/codename1/ui/geom/GeneralPath.java,b4cd664078e5dcf5f5c92e51b2eb25918904965d26cba4839624ec1d07364164,0
3767602710,0,app/src/main/java/com/akylas/enforcedoze/ForceDozeService.java,2552b6d8f9ef95dde6ccfae2ff6d5d020f5218af2a447830504430db81d4e36e,0
3767602710,1,app/src/main/java/com/akylas/enforcedoze/ForceDozeService.java,2552b6d8f9ef95dde6ccfae2ff6d5d020f5218af2a447830504430db81d4e36e,0
3767602710,2,app/src/main/java/com/akylas/enforcedoze/ForceDozeService.java,8ec1fcac753add4dedeb1a9669ec4902b948821663894867cf441031eb4e3605,0
3767602710,3,app/src/main/java/com/akylas/enforcedoze/ForceDozeService.java,206a776b996a83faf06f630aa8c9d7bc7cf46d0b47802a56af1c2aa8f6ca4ba1,0
3767602710,4,app/src/main/java/com/akylas/enforcedoze/ForceDozeService.java,755051deb883d7f9d4f8c3eac169b37fbe3eb0aa6d91a67592e8fa26cb983a0b,0
3994588891,0,fe/fe-core/src/main/java/com/starrocks/qe/DefaultCoordinator.java,d54ba696c6af7864ac410718fe690d0dda3bd1fc0c1869f674604b997b3e6934,0
3994588891,1,fe/fe-core/src/main/java/com/starrocks/qe/DefaultCoordinator.java,d54ba696c6af7864ac410718fe690d0dda3bd1fc0c1869f674604b997b3e6934,0
3994588891,2,fe/fe-core/src/main/java/com/starrocks/qe/DefaultCoordinator.java,16755c31bc6bfd4193fc1aca1a971116d9020d4bbf1c6ea8af8493338d0bde4c,0
3994588891,3,fe/fe-core/src/main/java/com/starrocks/qe/DefaultCoordinator.java,2101bf5b32fc643558c03e2d99a776ba043aefc3aae2c2f21363c33361ba23f3,0
3994588891,4,fe/fe-core/src/main/java/com/starrocks/qe/DefaultCoordinator.java,2101bf5b32fc643558c03e2d99a776ba043aefc3aae2c2f21363c33361ba23f3,0
3264573288,0,ojp-jdbc-driver/src/main/java/org/openjdbcproxy/jdbc/Connection.java,1ff99eb01c7a5ec0b7b781811c2fe86b74af45b73fe404cd13210f13fb41ea9d,0
3264573288,0,ojp-jdbc-driver/src/main/java/org/openjdbcproxy/jdbc/DbType.java,d6d49102f15091fb47004e70f794222f956aec23ad6f53a0b7df1155b0265e30,0
3264573288,0,ojp-jdbc-driver/src/main/java/org/openjdbcproxy/jdbc/Driver.java,021eb386daa5025dc34e5ef9df1afc246c709a5b16f6afbf8fd87c47fedfee74,0
3264573288,0,ojp-jdbc-driver/src/main/java/org/openjdbcproxy/jdbc/Lob.java,a1f0af3b5074440d51a1b0339ab9689e26d8c5d7a1d7f42471dc96d29b4324f8,0
3264573288,0,ojp-jdbc-driver/src/main/java/org/openjdbcproxy/jdbc/LobServiceImpl.java,7a4c8682b63f7ca49da2a12f46361f7d140579a8567a2f92664df967411f9c14,0
3264573288,0,ojp-jdbc-driver/src/main/java/org/openjdbcproxy/jdbc/PreparedStatement.java,75c2e432578f9a6359427d91edaf4edc8809de08833aa1cff7afc2e121edec13,0
3264573288,0,ojp-jdbc-driver/src/main/java/org/openjdbcproxy/jdbc/ResultSet.java,044a685312fc189c3bfb48f81e24030bc41ed7f94d9d5ac505abcbc7a28d19b3,0
3264573288,0,ojp-server/src/main/java/org/openjdbcproxy/grpc/server/ConnectionSessionDTO.java,2db4b52407cc9976884392a59df7e3f6041d456f621346e14e34a26c30e7c975,0
3264573288,0,ojp-server/src/main/java/org/openjdbcproxy/grpc/server/Constants.java,13f3dc00340e0f035f65160a1c6d130a72fe54a916164355073d9175dd8279d2,0
3264573288,0,ojp-server/src/main/java/org/openjdbcproxy/grpc/server/StatementServiceImpl.java,7daa6f3daf7e6e3b643ec452acbcc19c73c20ff0183211f21fe14e04bc60ad8a,0
3264573288,1,ojp-jdbc-driver/src/main/java/org/openjdbcproxy/jdbc/Connection.java,1ff99eb01c7a5ec0b7b781811c2fe86b74af45b73fe404cd13210f13fb41ea9d,0
3264573288,1,ojp-jdbc-driver/src/main/java/org/openjdbcproxy/jdbc/DbType.java,d6d49102f15091fb47004e70f794222f956aec23ad6f53a0b7df1155b0265e30,0
3264573288,1,ojp-jdbc-driver/src/main/java/org/openjdbcproxy/jdbc/Driver.java,021eb386daa5025dc34e5ef9df1afc246c709a5b16f6afbf8fd87c47fedfee74,0
3264573288,1,ojp-jdbc-driver/src/main/java/org/openjdbcproxy/jdbc/Lob.java,a1f0af3b5074440d51a1b0339ab9689e26d8c5d7a1d7f42471dc96d29b4324f8,0
3264573288,1,ojp-jdbc-driver/src/main/java/org/openjdbcproxy/jdbc/LobServiceImpl.java,7a4c8682b63f7ca49da2a12f46361f7d140579a8567a2f92664df967411f9c14,0
3264573288,1,ojp-jdbc-driver/src/main/java/org/openjdbcproxy/jdbc/PreparedStatement.java,75c2e432578f9a6359427d91edaf4edc8809de08833aa1cff7afc2e121edec13,0
3264573288,1,ojp-jdbc-driver/src/main/java/org/openjdbcproxy/jdbc/ResultSet.java,044a685312fc189c3bfb48f81e24030bc41ed7f94d9d5ac505abcbc7a28d19b3,0
3264573288,1,ojp-server/src/main/java/org/openjdbcproxy/grpc/server/ConnectionSessionDTO.java,2db4b52407cc9976884392a59df7e3f6041d456f621346e14e34a26c30e7c975,0
3264573288,1,ojp-server/src/main/java/org/openjdbcproxy/grpc/server/Constants.java,13f3dc00340e0f035f65160a1c6d130a72fe54a916164355073d9175dd8279d2,0
3264573288,1,ojp-server/src/main/java/org/openjdbcproxy/grpc/server/StatementServiceImpl.java,7daa6f3daf7e6e3b643ec452acbcc19c73c20ff0183211f21fe14e04bc60ad8a,0
3264573288,2,ojp-jdbc-driver/src/main/java/org/openjdbcproxy/jdbc/Connection.java,1ff99eb01c7a5ec0b7b781811c2fe86b74af45b73fe404cd13210f13fb41ea9d,0
3264573288,2,ojp-jdbc-driver/src/main/java/org/openjdbcproxy/jdbc/DbType.java,d6d49102f15091fb47004e70f794222f956aec23ad6f53a0b7df1155b0265e30,0
3264573288,2,ojp-jdbc-driver/src/main/java/org/openjdbcproxy/jdbc/Driver.java,021eb386daa5025dc34e5ef9df1afc246c709a5b16f6afbf8fd87c47fedfee74,0
3264573288,2,ojp-jdbc-driver/src/main/java/org/openjdbcproxy/jdbc/Lob.java,a1f0af3b5074440d51a1b0339ab9689e26d8c5d7a1d7f42471dc96d29b4324f8,0
3264573288,2,ojp-jdbc-driver/src/main/java/org/openjdbcproxy/jdbc/LobServiceImpl.java,7a4c8682b63f7ca49da2a12f46361f7d140579a8567a2f92664df967411f9c14,0
3264573288,2,ojp-jdbc-driver/src/main/java/org/openjdbcproxy/jdbc/PreparedStatement.java,75c2e432578f9a6359427d91edaf4edc8809de08833aa1cff7afc2e121edec13,0
3264573288,2,ojp-jdbc-driver/src/main/java/org/openjdbcproxy/jdbc/ResultSet.java,044a685312fc189c3bfb48f81e24030bc41ed7f94d9d5ac505abcbc7a28d19b3,0
3264573288,2,ojp-server/src/main/java/org/openjdbcproxy/grpc/server/ConnectionSessionDTO.java,2db4b52407cc9976884392a59df7e3f6041d456f621346e14e34a26c30e7c975,0
3264573288,2,ojp-server/src/main/java/org/openjdbcproxy/grpc/server/Constants.java,13f3dc00340e0f035f65160a1c6d130a72fe54a916164355073d9175dd8279d2,0
3264573288,2,ojp-server/src/main/java/org/openjdbcproxy/grpc/server/StatementServiceImpl.java,7daa6f3daf7e6e3b643ec452acbcc19c73c20ff0183211f21fe14e04bc60ad8a,0
3264573288,3,ojp-jdbc-driver/src/main/java/org/openjdbcproxy/jdbc/Connection.java,1ff99eb01c7a5ec0b7b781811c2fe86b74af45b73fe404cd13210f13fb41ea9d,0
3264573288,3,ojp-jdbc-driver/src/main/java/org/openjdbcproxy/jdbc/DbType.java,d6d49102f15091fb47004e70f794222f956aec23ad6f53a0b7df1155b0265e30,0
3264573288,3,ojp-jdbc-driver/src/main/java/org/openjdbcproxy/jdbc/Driver.java,021eb386daa5025dc34e5ef9df1afc246c709a5b16f6afbf8fd87c47fedfee74,0
3264573288,3,ojp-jdbc-driver/src/main/java/org/openjdbcproxy/jdbc/Lob.java,a1f0af3b5074440d51a1b0339ab9689e26d8c5d7a1d7f42471dc96d29b4324f8,0
3264573288,3,ojp-jdbc-driver/src/main/java/org/openjdbcproxy/jdbc/LobServiceImpl.java,7a4c8682b63f7ca49da2a12f46361f7d140579a8567a2f92664df967411f9c14,0
3264573288,3,ojp-jdbc-driver/src/main/java/org/openjdbcproxy/jdbc/PreparedStatement.java,75c2e432578f9a6359427d91edaf4edc8809de08833aa1cff7afc2e121edec13,0
3264573288,3,ojp-jdbc-driver/src/main/java/org/openjdbcproxy/jdbc/ResultSet.java,044a685312fc189c3bfb48f81e24030bc41ed7f94d9d5ac505abcbc7a28d19b3,0
3264573288,3,ojp-server/src/main/java/org/openjdbcproxy/grpc/server/ConnectionSessionDTO.java,2db4b52407cc9976884392a59df7e3f6041d456f621346e14e34a26c30e7c975,0
3264573288,3,ojp-server/src/main/java/org/openjdbcproxy/grpc/server/Constants.java,13f3dc00340e0f035f65160a1c6d130a72fe54a916164355073d9175dd8279d2,0
3264573288,3,ojp-server/src/main/java/org/openjdbcproxy/grpc/server/StatementServiceImpl.java,7daa6f3daf7e6e3b643ec452acbcc19c73c20ff0183211f21fe14e04bc60ad8a,0
3264573288,4,ojp-jdbc-driver/src/main/java/org/openjdbcproxy/jdbc/Connection.java,1ff99eb01c7a5ec0b7b781811c2fe86b74af45b73fe404cd13210f13fb41ea9d,0
3264573288,4,ojp-jdbc-driver/src/main/java/org/openjdbcproxy/jdbc/DbType.java,d6d49102f15091fb47004e70f794222f956aec23ad6f53a0b7df1155b0265e30,0
3264573288,4,ojp-jdbc-driver/src/main/java/org/openjdbcproxy/jdbc/Driver.java,021eb386daa5025dc34e5ef9df1afc246c709a5b16f6afbf8fd87c47fedfee74,0
3264573288,4,ojp-jdbc-driver/src/main/java/org/openjdbcproxy/jdbc/Lob.java,a1f0af3b5074440d51a1b0339ab9689e26d8c5d7a1d7f42471dc96d29b4324f8,0
3264573288,4,ojp-jdbc-driver/src/main/java/org/openjdbcproxy/jdbc/LobServiceImpl.java,7a4c8682b63f7ca49da2a12f46361f7d140579a8567a2f92664df967411f9c14,0
3264573288,4,ojp-jdbc-driver/src/main/java/org/openjdbcproxy/jdbc/PreparedStatement.java,75c2e432578f9a6359427d91edaf4edc8809de08833aa1cff7afc2e121edec13,0
3264573288,4,ojp-jdbc-driver/src/main/java/org/openjdbcproxy/jdbc/ResultSet.java,044a685312fc189c3bfb48f81e24030bc41ed7f94d9d5ac505abcbc7a28d19b3,0
3264573288,4,ojp-server/src/main/java/org/openjdbcproxy/grpc/server/ConnectionSessionDTO.java,2db4b52407cc9976884392a59df7e3f6041d456f621346e14e34a26c30e7c975,0
3264573288,4,ojp-server/src/main/java/org/openjdbcproxy/grpc/server/Constants.java,13f3dc00340e0f035f65160a1c6d130a72fe54a916164355073d9175dd8279d2,0
3264573288,4,ojp-server/src/main/java/org/openjdbcproxy/grpc/server/StatementServiceImpl.java,7daa6f3daf7e6e3b643ec452acbcc19c73c20ff0183211f21fe14e04bc60ad8a,0
3264573288,5,ojp-jdbc-driver/src/main/java/org/openjdbcproxy/jdbc/Connection.java,1ff99eb01c7a5ec0b7b781811c2fe86b74af45b73fe404cd13210f13fb41ea9d,0
3264573288,5,ojp-jdbc-driver/src/main/java/org/openjdbcproxy/jdbc/DbType.java,d6d49102f15091fb47004e70f794222f956aec23ad6f53a0b7df1155b0265e30,0
3264573288,5,ojp-jdbc-driver/src/main/java/org/openjdbcproxy/jdbc/Driver.java,021eb386daa5025dc34e5ef9df1afc246c709a5b16f6afbf8fd87c47fedfee74,0
3264573288,5,ojp-jdbc-driver/src/main/java/org/openjdbcproxy/jdbc/Lob.java,a1f0af3b5074440d51a1b0339ab9689e26d8c5d7a1d7f42471dc96d29b4324f8,0
3264573288,5,ojp-jdbc-driver/src/main/java/org/openjdbcproxy/jdbc/LobServiceImpl.java,7a4c8682b63f7ca49da2a12f46361f7d140579a8567a2f92664df967411f9c14,0
3264573288,5,ojp-jdbc-driver/src/main/java/org/openjdbcproxy/jdbc/PreparedStatement.java,75c2e432578f9a6359427d91edaf4edc8809de08833aa1cff7afc2e121edec13,0
3264573288,5,ojp-jdbc-driver/src/main/java/org/openjdbcproxy/jdbc/ResultSet.java,044a685312fc189c3bfb48f81e24030bc41ed7f94d9d5ac505abcbc7a28d19b3,0
3264573288,5,ojp-server/src/main/java/org/openjdbcproxy/grpc/server/ConnectionSessionDTO.java,2db4b52407cc9976884392a59df7e3f6041d456f621346e14e34a26c30e7c975,0
3264573288,5,ojp-server/src/main/java/org/openjdbcproxy/grpc/server/Constants.java,13f3dc00340e0f035f65160a1c6d130a72fe54a916164355073d9175dd8279d2,0
3264573288,5,ojp-server/src/main/java/org/openjdbcproxy/grpc/server/StatementServiceImpl.java,7daa6f3daf7e6e3b643ec452acbcc19c73c20ff0183211f21fe14e04bc60ad8a,0
3264573288,6,ojp-jdbc-driver/src/main/java/org/openjdbcproxy/jdbc/Connection.java,1ff99eb01c7a5ec0b7b781811c2fe86b74af45b73fe404cd13210f13fb41ea9d,0
3264573288,6,ojp-jdbc-driver/src/main/java/org/openjdbcproxy/jdbc/DbType.java,d6d49102f15091fb47004e70f794222f956aec23ad6f53a0b7df1155b0265e30,0
3264573288,6,ojp-jdbc-driver/src/main/java/org/openjdbcproxy/jdbc/Driver.java,021eb386daa5025dc34e5ef9df1afc246c709a5b16f6afbf8fd87c47fedfee74,0
3264573288,6,ojp-jdbc-driver/src/main/java/org/openjdbcproxy/jdbc/Lob.java,a1f0af3b5074440d51a1b0339ab9689e26d8c5d7a1d7f42471dc96d29b4324f8,0
3264573288,6,ojp-jdbc-driver/src/main/java/org/openjdbcproxy/jdbc/LobServiceImpl.java,7a4c8682b63f7ca49da2a12f46361f7d140579a8567a2f92664df967411f9c14,0
3264573288,6,ojp-jdbc-driver/src/main/java/org/openjdbcproxy/jdbc/PreparedStatement.java,75c2e432578f9a6359427d91edaf4edc8809de08833aa1cff7afc2e121edec13,0
3264573288,6,ojp-jdbc-driver/src/main/java/org/openjdbcproxy/jdbc/ResultSet.java,044a685312fc189c3bfb48f81e24030bc41ed7f94d9d5ac505abcbc7a28d19b3,0
3264573288,6,ojp-server/src/main/java/org/openjdbcproxy/grpc/server/ConnectionSessionDTO.java,2db4b52407cc9976884392a59df7e3f6041d456f621346e14e34a26c30e7c975,0
3264573288,6,ojp-server/src/main/java/org/openjdbcproxy/grpc/server/Constants.java,13f3dc00340e0f035f65160a1c6d130a72fe54a916164355073d9175dd8279d2,0
3264573288,6,ojp-server/src/main/java/org/openjdbcproxy/grpc/server/StatementServiceImpl.java,7daa6f3daf7e6e3b643ec452acbcc19c73c20ff0183211f21fe14e04bc60ad8a,0
3264573288,7,ojp-jdbc-driver/src/main/java/org/openjdbcproxy/jdbc/Connection.java,1ff99eb01c7a5ec0b7b781811c2fe86b74af45b73fe404cd13210f13fb41ea9d,0
3264573288,7,ojp-jdbc-driver/src/main/java/org/openjdbcproxy/jdbc/DbType.java,d6d49102f15091fb47004e70f794222f956aec23ad6f53a0b7df1155b0265e30,0
3264573288,7,ojp-jdbc-driver/src/main/java/org/openjdbcproxy/jdbc/Driver.java,021eb386daa5025dc34e5ef9df1afc246c709a5b16f6afbf8fd87c47fedfee74,0
3264573288,7,ojp-jdbc-driver/src/main/java/org/openjdbcproxy/jdbc/Lob.java,a1f0af3b5074440d51a1b0339ab9689e26d8c5d7a1d7f42471dc96d29b4324f8,0
3264573288,7,ojp-jdbc-driver/src/main/java/org/openjdbcproxy/jdbc/LobServiceImpl.java,7a4c8682b63f7ca49da2a12f46361f7d140579a8567a2f92664df967411f9c14,0
3264573288,7,ojp-jdbc-driver/src/main/java/org/openjdbcproxy/jdbc/PreparedStatement.java,75c2e432578f9a6359427d91edaf4edc8809de08833aa1cff7afc2e121edec13,0
3264573288,7,ojp-jdbc-driver/src/main/java/org/openjdbcproxy/jdbc/ResultSet.java,044a685312fc189c3bfb48f81e24030bc41ed7f94d9d5ac505abcbc7a28d19b3,0
3264573288,7,ojp-server/src/main/java/org/openjdbcproxy/grpc/server/ConnectionSessionDTO.java,2db4b52407cc9976884392a59df7e3f6041d456f621346e14e34a26c30e7c975,0
3264573288,7,ojp-server/src/main/java/org/openjdbcproxy/grpc/server/Constants.java,13f3dc00340e0f035f65160a1c6d130a72fe54a916164355073d9175dd8279d2,0
3264573288,7,ojp-server/src/main/java/org/openjdbcproxy/grpc/server/StatementServiceImpl.java,7daa6f3daf7e6e3b643ec452acbcc19c73c20ff0183211f21fe14e04bc60ad8a,0
3264573288,8,ojp-jdbc-driver/src/main/java/org/openjdbcproxy/jdbc/Connection.java,1ff99eb01c7a5ec0b7b781811c2fe86b74af45b73fe404cd13210f13fb41ea9d,0
3264573288,8,ojp-jdbc-driver/src/main/java/org/openjdbcproxy/jdbc/DbType.java,d6d49102f15091fb47004e70f794222f956aec23ad6f53a0b7df1155b0265e30,0
3264573288,8,ojp-jdbc-driver/src/main/java/org/openjdbcproxy/jdbc/Driver.java,021eb386daa5025dc34e5ef9df1afc246c709a5b16f6afbf8fd87c47fedfee74,0
3264573288,8,ojp-jdbc-driver/src/main/java/org/openjdbcproxy/jdbc/Lob.java,a1f0af3b5074440d51a1b0339ab9689e26d8c5d7a1d7f42471dc96d29b4324f8,0
3264573288,8,ojp-jdbc-driver/src/main/java/org/openjdbcproxy/jdbc/LobServiceImpl.java,7a4c8682b63f7ca49da2a12f46361f7d140579a8567a2f92664df967411f9c14,0
3264573288,8,ojp-jdbc-driver/src/main/java/org/openjdbcproxy/jdbc/PreparedStatement.java,75c2e432578f9a6359427d91edaf4edc8809de08833aa1cff7afc2e121edec13,0
3264573288,8,ojp-jdbc-driver/src/main/java/org/openjdbcproxy/jdbc/ResultSet.java,044a685312fc189c3bfb48f81e24030bc41ed7f94d9d5ac505abcbc7a28d19b3,0
3264573288,8,ojp-server/src/main/java/org/openjdbcproxy/grpc/server/ConnectionSessionDTO.java,2db4b52407cc9976884392a59df7e3f6041d456f621346e14e34a26c30e7c975,0
3264573288,8,ojp-server/src/main/java/org/openjdbcproxy/grpc/server/Constants.java,13f3dc00340e0f035f65160a1c6d130a72fe54a916164355073d9175dd8279d2,0
3264573288,8,ojp-server/src/main/java/org/openjdbcproxy/grpc/server/StatementServiceImpl.java,7daa6f3daf7e6e3b643ec452acbcc19c73c20ff0183211f21fe14e04bc60ad8a,0
3264573288,9,ojp-jdbc-driver/src/main/java/org/openjdbcproxy/jdbc/Connection.java,1ff99eb01c7a5ec0b7b781811c2fe86b74af45b73fe404cd13210f13fb41ea9d,0
3264573288,9,ojp-jdbc-driver/src/main/java/org/openjdbcproxy/jdbc/DbType.java,d6d49102f15091fb47004e70f794222f956aec23ad6f53a0b7df1155b0265e30,0
3264573288,9,ojp-jdbc-driver/src/main/java/org/openjdbcproxy/jdbc/Driver.java,021eb386daa5025dc34e5ef9df1afc246c709a5b16f6afbf8fd87c47fedfee74,0
3264573288,9,ojp-jdbc-driver/src/main/java/org/openjdbcproxy/jdbc/Lob.java,a1f0af3b5074440d51a1b0339ab9689e26d8c5d7a1d7f42471dc96d29b4324f8,0
3264573288,9,ojp-jdbc-driver/src/main/java/org/openjdbcproxy/jdbc/LobServiceImpl.java,7a4c8682b63f7ca49da2a12f46361f7d140579a8567a2f92664df967411f9c14,0
3264573288,9,ojp-jdbc-driver/src/main/java/org/openjdbcproxy/jdbc/PreparedStatement.java,75c2e432578f9a6359427d91edaf4edc8809de08833aa1cff7afc2e121edec13,0
3264573288,9,ojp-jdbc-driver/src/main/java/org/openjdbcproxy/jdbc/ResultSet.java,8fb14378f62131d8d7013e982a5f772742a4d993290823934425ddb9fcb2fbdf,0
3264573288,9,ojp-server/src/main/java/org/openjdbcproxy/grpc/server/ConnectionSessionDTO.java,2db4b52407cc9976884392a59df7e3f6041d456f621346e14e34a26c30e7c975,0
3264573288,9,ojp-server/src/main/java/org/openjdbcproxy/grpc/server/Constants.java,13f3dc00340e0f035f65160a1c6d130a72fe54a916164355073d9175dd8279d2,0
3264573288,9,ojp-server/src/main/java/org/openjdbcproxy/grpc/server/StatementServiceImpl.java,0107cb5dabb1622b01073fd13c07f075c9fbcaa0b456fca5924a9ce13a5f72f8,0
3264573288,9,ojp-server/src/main/java/org/openjdbcproxy/grpc/server/utils/DateTimeUtils.java,d6ee059878a66d5cc03d3b1bad9fe7baff0bd85296fcfddda0f3dbca805d7a84,0
3264573288,10,ojp-jdbc-driver/src/main/java/org/openjdbcproxy/jdbc/Connection.java,e60b522ab8fc81de85e099ce1ed78c2503825a5479c8e97d7f8302d3d591875b,0
3264573288,10,ojp-jdbc-driver/src/main/java/org/openjdbcproxy/jdbc/Driver.java,261d7b36f8bb925d8f3f87630acb1576309ded725b18d2f96df6dfdd5691fb04,0
3264573288,10,ojp-jdbc-driver/src/main/java/org/openjdbcproxy/jdbc/Lob.java,88058f7864db89f311565fb431a7f195abda85ba348a0074a7ca8b8d1936b935,0
3264573288,10,ojp-jdbc-driver/src/main/java/org/openjdbcproxy/jdbc/LobServiceImpl.java,f5512f2e3a7dd8b7c29035a61512f97e1aeb92fc0e16c6d1baec373eda4dbebd,0
3264573288,10,ojp-jdbc-driver/src/main/java/org/openjdbcproxy/jdbc/PreparedStatement.java,0af680b7593c0e760188be70b05412c2db775285617424f1f3987a17e23b87dd,0
3264573288,10,ojp-jdbc-driver/src/main/java/org/openjdbcproxy/jdbc/ResultSet.java,e6575906d1f884b5936976a25ee6ee4b7146cb4a7f33d773670fda7044bf8e20,0
3264573288,10,ojp-server/src/main/java/org/openjdbcproxy/grpc/server/ConnectionSessionDTO.java,2db4b52407cc9976884392a59df7e3f6041d456f621346e14e34a26c30e7c975,0
3264573288,10,ojp-server/src/main/java/org/openjdbcproxy/grpc/server/Constants.java,13f3dc00340e0f035f65160a1c6d130a72fe54a916164355073d9175dd8279d2,0
3264573288,10,ojp-server/src/main/java/org/openjdbcproxy/grpc/server/StatementServiceImpl.java,f3a58c2c545af39eabc200b4f3ebe4dbc07d0e6a4217858d83cb28780ce13fdb,0
3264573288,10,ojp-server/src/main/java/org/openjdbcproxy/grpc/server/utils/DateTimeUtils.java,d6ee059878a66d5cc03d3b1bad9fe7baff0bd85296fcfddda0f3dbca805d7a84,0
3264573288,10,ojp-server/src/main/java/org/openjdbcproxy/grpc/server/utils/DbUrlUtils.java,59452b069b2d0d9ec28a1024a1546d8e59c17953eb483210a8bde057db9a7bb6,0
3264573288,11,ojp-jdbc-driver/src/main/java/org/openjdbcproxy/jdbc/Connection.java,e60b522ab8fc81de85e099ce1ed78c2503825a5479c8e97d7f8302d3d591875b,0
3264573288,11,ojp-jdbc-driver/src/main/java/org/openjdbcproxy/jdbc/Driver.java,261d7b36f8bb925d8f3f87630acb1576309ded725b18d2f96df6dfdd5691fb04,0
3264573288,11,ojp-jdbc-driver/src/main/java/org/openjdbcproxy/jdbc/Lob.java,88058f7864db89f311565fb431a7f195abda85ba348a0074a7ca8b8d1936b935,0
3264573288,11,ojp-jdbc-driver/src/main/java/org/openjdbcproxy/jdbc/LobServiceImpl.java,f5512f2e3a7dd8b7c29035a61512f97e1aeb92fc0e16c6d1baec373eda4dbebd,0
3264573288,11,ojp-jdbc-driver/src/main/java/org/openjdbcproxy/jdbc/PreparedStatement.java,0af680b7593c0e760188be70b05412c2db775285617424f1f3987a17e23b87dd,0
3264573288,11,ojp-jdbc-driver/src/main/java/org/openjdbcproxy/jdbc/ResultSet.java,e6575906d1f884b5936976a25ee6ee4b7146cb4a7f33d773670fda7044bf8e20,0
3264573288,11,ojp-server/src/main/java/org/openjdbcproxy/grpc/server/ConnectionSessionDTO.java,2db4b52407cc9976884392a59df7e3f6041d456f621346e14e34a26c30e7c975,0
3264573288,11,ojp-server/src/main/java/org/openjdbcproxy/grpc/server/Constants.java,13f3dc00340e0f035f65160a1c6d130a72fe54a916164355073d9175dd8279d2,0
3264573288,11,ojp-server/src/main/java/org/openjdbcproxy/grpc/server/StatementServiceImpl.java,f3a58c2c545af39eabc200b4f3ebe4dbc07d0e6a4217858d83cb28780ce13fdb,0
3264573288,11,ojp-server/src/main/java/org/openjdbcproxy/grpc/server/utils/DateTimeUtils.java,d6ee059878a66d5cc03d3b1bad9fe7baff0bd85296fcfddda0f3dbca805d7a84,0
3264573288,11,ojp-server/src/main/java/org/openjdbcproxy/grpc/server/utils/DbUrlUtils.java,59452b069b2d0d9ec28a1024a1546d8e59c17953eb483210a8bde057db9a7bb6,0
3264573288,12,ojp-jdbc-driver/src/main/java/org/openjdbcproxy/jdbc/Connection.java,e60b522ab8fc81de85e099ce1ed78c2503825a5479c8e97d7f8302d3d591875b,0
3264573288,12,ojp-jdbc-driver/src/main/java/org/openjdbcproxy/jdbc/Driver.java,261d7b36f8bb925d8f3f87630acb1576309ded725b18d2f96df6dfdd5691fb04,0
3264573288,12,ojp-jdbc-driver/src/main/java/org/openjdbcproxy/jdbc/Lob.java,fa439f6ef0ee10b9ff3bb4f8b3fb7af344a576a199b9449842353a3f6f55cfd0,0
3264573288,12,ojp-jdbc-driver/src/main/java/org/openjdbcproxy/jdbc/LobServiceImpl.java,c843569f52a4b2f2435cd3572b84b0feb43d02326e7eebe2a7c2da507f075a56,0
3264573288,12,ojp-jdbc-driver/src/main/java/org/openjdbcproxy/jdbc/PreparedStatement.java,800ba9b74692abd594e1e467ef46c7018d48af0943d4db256dea94582787d34f,0
3264573288,12,ojp-jdbc-driver/src/main/java/org/openjdbcproxy/jdbc/ResultSet.java,58a7e5897abe09ed691af8e38f32b463b2017ed8748a999713102534c86a8925,0
3264573288,12,ojp-jdbc-driver/src/main/java/org/openjdbcproxy/jdbc/sqlserver/SqlServerSerialBlob.java,19c4e605843cd97274a9056467d969d164fdc81429a66a15449144db75425aa0,0
3264573288,12,ojp-server/src/main/java/org/openjdbcproxy/grpc/server/ConnectionSessionDTO.java,2db4b52407cc9976884392a59df7e3f6041d456f621346e14e34a26c30e7c975,0
3264573288,12,ojp-server/src/main/java/org/openjdbcproxy/grpc/server/Constants.java,13f3dc00340e0f035f65160a1c6d130a72fe54a916164355073d9175dd8279d2,0
3264573288,12,ojp-server/src/main/java/org/openjdbcproxy/grpc/server/StatementServiceImpl.java,a62b1cb53d9f094b3b2dc84c438357b189272d386fbde87533217c4d1612ca35,0
3264573288,12,ojp-server/src/main/java/org/openjdbcproxy/grpc/server/utils/DateTimeUtils.java,d6ee059878a66d5cc03d3b1bad9fe7baff0bd85296fcfddda0f3dbca805d7a84,0
3264573288,12,ojp-server/src/main/java/org/openjdbcproxy/grpc/server/utils/DbUrlUtils.java,59452b069b2d0d9ec28a1024a1546d8e59c17953eb483210a8bde057db9a7bb6,0
3264573288,13,ojp-grpc-commons/src/main/java/org/openjdbcproxy/database/DatabaseUtils.java,868e199d6c427572ccd81db6c5ed0746b622a6ce62fb548c87f890131b5c60b2,0
3264573288,13,ojp-jdbc-driver/src/main/java/org/openjdbcproxy/jdbc/Connection.java,e60b522ab8fc81de85e099ce1ed78c2503825a5479c8e97d7f8302d3d591875b,0
3264573288,13,ojp-jdbc-driver/src/main/java/org/openjdbcproxy/jdbc/Driver.java,5174f5b9101b35275e901595d7853544c9acd44716b53fd49e22589f2edf4392,0
3264573288,13,ojp-jdbc-driver/src/main/java/org/openjdbcproxy/jdbc/Lob.java,fa439f6ef0ee10b9ff3bb4f8b3fb7af344a576a199b9449842353a3f6f55cfd0,0
3264573288,13,ojp-jdbc-driver/src/main/java/org/openjdbcproxy/jdbc/LobServiceImpl.java,0f7710c579fa649d232649cdff2f22f67c1bb44ca875845b04b7dfef2c1fce7b,0
3264573288,13,ojp-jdbc-driver/src/main/java/org/openjdbcproxy/jdbc/PreparedStatement.java,800ba9b74692abd594e1e467ef46c7018d48af0943d4db256dea94582787d34f,0
3264573288,13,ojp-jdbc-driver/src/main/java/org/openjdbcproxy/jdbc/ResultSet.java,58a7e5897abe09ed691af8e38f32b463b2017ed8748a999713102534c86a8925,0
3264573288,13,ojp-jdbc-driver/src/main/java/org/openjdbcproxy/jdbc/sqlserver/SqlServerSerialBlob.java,7b65f6cd909b0d7d8fb439f10baca495dc53bef833d6af676da624fe7888b42f,0
3264573288,13,ojp-server/src/main/java/org/openjdbcproxy/grpc/server/ConnectionSessionDTO.java,b1e023a47883cb0dc88158a81ea6c94fc13f036912d2dfb82d687c6d0c523010,0
3264573288,13,ojp-server/src/main/java/org/openjdbcproxy/grpc/server/Constants.java,2224a31514ba82d173d81a3a33779861299cb8f3a2a77f2f5c44d3397e0c5f0a,0
3264573288,13,ojp-server/src/main/java/org/openjdbcproxy/grpc/server/StatementServiceImpl.java,c576c6e7d2bd545a8e64a21225a8ec9e9663735515b75d2212fdf54c7ca1a46a,0
3264573288,13,ojp-server/src/main/java/org/openjdbcproxy/grpc/server/utils/DateTimeUtils.java,d6ee059878a66d5cc03d3b1bad9fe7baff0bd85296fcfddda0f3dbca805d7a84,0
3264573288,13,ojp-server/src/main/java/org/openjdbcproxy/grpc/server/utils/DriverUtils.java,551df60306ba8c9e03246e5504a1120e8b8aa6ea1b1e9a76e2980f5df75b81be,0
3562231060,0,android/src/main/java/kjd/reactnative/bluetooth/RNBluetoothClassicModule.java,047486d46f9b3eea4748900d5ef2c46c32919b670a4bd5c804e91f17bd909695,0
3562231060,1,android/src/main/java/kjd/reactnative/bluetooth/RNBluetoothClassicModule.java,047486d46f9b3eea4748900d5ef2c46c32919b670a4bd5c804e91f17bd909695,0
3562231060,2,android/src/main/java/kjd/reactnative/bluetooth/RNBluetoothClassicModule.java,01832abfec8973def87911883428cb219c29fecf4039e8d8cbed5337bd2e689c,0
3562231060,3,android/src/main/java/kjd/reactnative/bluetooth/RNBluetoothClassicModule.java,93cb3d5c1e5f25a7598fb0db8cdfbdc3b84439f3d4e2d7ce16bbc8ef05ecffa8,0
3769974631,0,src/main/java/fr/clementgre/pdf4teachers/document/Document.java,38d453fa6ba701a7452e4cc4ab0647d96dc88788910a7c55f74eac6f91462af2,0
3769974631,0,src/main/java/fr/clementgre/pdf4teachers/document/render/display/PDFPagesEditor.java,47939230f8a235ca425d0a6456ee1ea464722eb4fb35f20f4bdec072493ee975,0
3769974631,0,src/main/java/fr/clementgre/pdf4teachers/document/render/display/PageRenderer.java,d7afa813c9e56f13a0663e8aa3b96d62fbda54a1242764f0ee330649f02081ba,0
3769974631,0,src/main/java/fr/clementgre/pdf4teachers/interfaces/KeyboardShortcuts.java,c6206280f8c6f535cd919c73ba1cf300edecb28b3af73803941989e6612eb156,0
3769974631,0,src/main/java/fr/clementgre/pdf4teachers/interfaces/windows/MainWindow.java,2d7a75aed30c8095b2ede9439ab1dc65c1b73e7d92104199c37ef925ea73bee1,0
3769974631,0,src/main/java/fr/clementgre/pdf4teachers/interfaces/windows/log/Log.java,dd8221797e7a840a591e16c23eac91c8bd2d91df820f9deb9394b968d40cad56,0
3769974631,0,src/main/java/fr/clementgre/pdf4teachers/panel/MainScreen/MainScreen.java,c7a7dcbf72dd82d552ec6aedd4b5726d9475020817876c7bcf2501e4645facb3,0
3769974631,0,src/main/java/fr/clementgre/pdf4teachers/panel/MainScreen/ZoomOperator.java,44dd34581a536029d2493f278710eb6514a79eed9dd42d46ee24aa4770a01694,0
3769974631,0,src/main/java/fr/clementgre/pdf4teachers/panel/sidebar/SideBar.java,c139b9f8f51e2bd9af07f80975493f645b54a42333655b2faa3bdd09f2f774f7,0
3769974631,0,src/main/java/fr/clementgre/pdf4teachers/panel/sidebar/SideTab.java,01c6c9eb96d6563e5f85829b6cb19fb7ab751f7c40a3e31acb8126bf429a1296,0
3769974631,0,src/main/java/fr/clementgre/pdf4teachers/panel/sidebar/files/FileTab.java,a5a5ee94c80ba48a10726284389643bc60214c13b187902d45aeb98ec88f2535,0
3769974631,0,src/main/java/fr/clementgre/pdf4teachers/panel/sidebar/grades/GradeTab.java,e3862a5be1f731c9481af9b65ece5a8ddcb044cc668e8ce76d1549cf26302bbe,0
3769974631,0,src/main/java/fr/clementgre/pdf4teachers/panel/sidebar/paint/PaintTab.java,e9378ad211991779f6fc37444e01f09477a57298f71dddf535f65716d7bdb71e,0
3769974631,0,src/main/java/fr/clementgre/pdf4teachers/panel/sidebar/skills/SkillsTab.java,2d8b4bce3302b90b1e02b9b98c951919c572a81afac1094962187b038fced8d8,0
3769974631,0,src/main/java/fr/clementgre/pdf4teachers/panel/sidebar/texts/TextTab.java,baa336318147dc82434b7fe77bd146ca1b787db61a0aa2fda604b7502fcf3fe8,0
3769974631,1,src/main/java/fr/clementgre/pdf4teachers/document/Document.java,38d453fa6ba701a7452e4cc4ab0647d96dc88788910a7c55f74eac6f91462af2,0
3769974631,1,src/main/java/fr/clementgre/pdf4teachers/document/render/display/PDFPagesEditor.java,47939230f8a235ca425d0a6456ee1ea464722eb4fb35f20f4bdec072493ee975,0
3769974631,1,src/main/java/fr/clementgre/pdf4teachers/document/render/display/PageRenderer.java,d7afa813c9e56f13a0663e8aa3b96d62fbda54a1242764f0ee330649f02081ba,0
3769974631,1,src/main/java/fr/clementgre/pdf4teachers/interfaces/KeyboardShortcuts.java,c6206280f8c6f535cd919c73ba1cf300edecb28b3af73803941989e6612eb156,0
3769974631,1,src/main/java/fr/clementgre/pdf4teachers/interfaces/windows/MainWindow.java,2d7a75aed30c8095b2ede9439ab1dc65c1b73e7d92104199c37ef925ea73bee1,0
3769974631,1,src/main/java/fr/clementgre/pdf4teachers/interfaces/windows/log/Log.java,dd8221797e7a840a591e16c23eac91c8bd2d91df820f9deb9394b968d40cad56,0
3769974631,1,src/main/java/fr/clementgre/pdf4teachers/panel/MainScreen/MainScreen.java,c7a7dcbf72dd82d552ec6aedd4b5726d9475020817876c7bcf2501e4645facb3,0
3769974631,1,src/main/java/fr/clementgre/pdf4teachers/panel/MainScreen/ZoomOperator.java,44dd34581a536029d2493f278710eb6514a79eed9dd42d46ee24aa4770a01694,0
3769974631,1,src/main/java/fr/clementgre/pdf4teachers/panel/sidebar/SideBar.java,c139b9f8f51e2bd9af07f80975493f645b54a42333655b2faa3bdd09f2f774f7,0
3769974631,1,src/main/java/fr/clementgre/pdf4teachers/panel/sidebar/SideTab.java,01c6c9eb96d6563e5f85829b6cb19fb7ab751f7c40a3e31acb8126bf429a1296,0
3769974631,1,src/main/java/fr/clementgre/pdf4teachers/panel/sidebar/files/FileTab.java,a5a5ee94c80ba48a10726284389643bc60214c13b187902d45aeb98ec88f2535,0
3769974631,1,src/main/java/fr/clementgre/pdf4teachers/panel/sidebar/grades/GradeTab.java,e3862a5be1f731c9481af9b65ece5a8ddcb044cc668e8ce76d1549cf26302bbe,0
3769974631,1,src/main/java/fr/clementgre/pdf4teachers/panel/sidebar/paint/PaintTab.java,e9378ad211991779f6fc37444e01f09477a57298f71dddf535f65716d7bdb71e,0
3769974631,1,src/main/java/fr/clementgre/pdf4teachers/panel/sidebar/skills/SkillsTab.java,2d8b4bce3302b90b1e02b9b98c951919c572a81afac1094962187b038fced8d8,0
3769974631,1,src/main/java/fr/clementgre/pdf4teachers/panel/sidebar/texts/TextTab.java,baa336318147dc82434b7fe77bd146ca1b787db61a0aa2fda604b7502fcf3fe8,0
3769974631,2,src/main/java/fr/clementgre/pdf4teachers/document/Document.java,38d453fa6ba701a7452e4cc4ab0647d96dc88788910a7c55f74eac6f91462af2,0
3769974631,2,src/main/java/fr/clementgre/pdf4teachers/document/render/display/PDFPagesEditor.java,47939230f8a235ca425d0a6456ee1ea464722eb4fb35f20f4bdec072493ee975,0
3769974631,2,src/main/java/fr/clementgre/pdf4teachers/document/render/display/PageRenderer.java,d7afa813c9e56f13a0663e8aa3b96d62fbda54a1242764f0ee330649f02081ba,0
3769974631,2,src/main/java/fr/clementgre/pdf4teachers/document/render/display/hyperlinks/Hyperlink.java,9eda3487d67667e34128b7bb9a1e7f1dd7cbde904f193297bcce251390cc7aea,0
3769974631,2,src/main/java/fr/clementgre/pdf4teachers/document/render/display/hyperlinks/HyperlinkOverlayManager.java,50bae72bc833bc16e0b0d9babb172b6e6dc4040fe28c207f5222e25fffa8822f,0
3769974631,2,src/main/java/fr/clementgre/pdf4teachers/interfaces/KeyboardShortcuts.java,c6206280f8c6f535cd919c73ba1cf300edecb28b3af73803941989e6612eb156,0
3769974631,2,src/main/java/fr/clementgre/pdf4teachers/interfaces/windows/MainWindow.java,07bff358358c7bc259b72a5171d23dec20ca79bc59910b8e6dc4dbf71646d42c,0
3769974631,2,src/main/java/fr/clementgre/pdf4teachers/interfaces/windows/log/Log.java,dd8221797e7a840a591e16c23eac91c8bd2d91df820f9deb9394b968d40cad56,0
3769974631,2,src/main/java/fr/clementgre/pdf4teachers/panel/MainScreen/MainScreen.java,dd8d1c3845f7dab5f8342de00af1babfb440ed83c7afffe8c2bf7fc10021e811,0
3769974631,2,src/main/java/fr/clementgre/pdf4teachers/panel/MainScreen/ZoomOperator.java,44dd34581a536029d2493f278710eb6514a79eed9dd42d46ee24aa4770a01694,0
3769974631,2,src/main/java/fr/clementgre/pdf4teachers/panel/sidebar/SideBar.java,c139b9f8f51e2bd9af07f80975493f645b54a42333655b2faa3bdd09f2f774f7,0
3769974631,2,src/main/java/fr/clementgre/pdf4teachers/panel/sidebar/SideTab.java,2d2405c18e4a1093fa41824549a5c01a956779adfb073e5fd365afd9c91f51b4,0
3769974631,2,src/main/java/fr/clementgre/pdf4teachers/panel/sidebar/files/FileTab.java,a5a5ee94c80ba48a10726284389643bc60214c13b187902d45aeb98ec88f2535,0
3769974631,2,src/main/java/fr/clementgre/pdf4teachers/panel/sidebar/grades/GradeTab.java,e3862a5be1f731c9481af9b65ece5a8ddcb044cc668e8ce76d1549cf26302bbe,0
3769974631,2,src/main/java/fr/clementgre/pdf4teachers/panel/sidebar/paint/PaintTab.java,e9378ad211991779f6fc37444e01f09477a57298f71dddf535f65716d7bdb71e,0
3769974631,2,src/main/java/fr/clementgre/pdf4teachers/panel/sidebar/skills/SkillsTab.java,2d8b4bce3302b90b1e02b9b98c951919c572a81afac1094962187b038fced8d8,0
3769974631,2,src/main/java/fr/clementgre/pdf4teachers/panel/sidebar/texts/TextTab.java,baa336318147dc82434b7fe77bd146ca1b787db61a0aa2fda604b7502fcf3fe8,0
3769974631,2,src/main/java/fr/clementgre/pdf4teachers/panel/sidebar/toc/TocEntry.java,243b013dc064f64b3f169113358797baddbd68ba06f12657d8a00a355008ab9e,0
3769974631,2,src/main/java/fr/clementgre/pdf4teachers/panel/sidebar/toc/TocTab.java,b6774e42487e72b3c3c9b2aa46dbc5b3f64d679465314289ef4090259f6d40e6,0
3769974631,3,src/main/java/fr/clementgre/pdf4teachers/document/Document.java,bc45e9bb0198f75fbf909a1e47fab2054fc440e3855ed648d397e6eb60c8ebaa,0
3769974631,3,src/main/java/fr/clementgre/pdf4teachers/document/render/display/PDFPagesEditor.java,47939230f8a235ca425d0a6456ee1ea464722eb4fb35f20f4bdec072493ee975,0
3769974631,3,src/main/java/fr/clementgre/pdf4teachers/document/render/display/PageRenderer.java,6ddb3a4f15242d286f0abff21e06a39c689b65437e91d563cb23a012c0d557b6,0
3769974631,3,src/main/java/fr/clementgre/pdf4teachers/document/render/display/hyperlinks/Hyperlink.java,9eda3487d67667e34128b7bb9a1e7f1dd7cbde904f193297bcce251390cc7aea,0
3769974631,3,src/main/java/fr/clementgre/pdf4teachers/document/render/display/hyperlinks/HyperlinkOverlayManager.java,50bae72bc833bc16e0b0d9babb172b6e6dc4040fe28c207f5222e25fffa8822f,0
3769974631,3,src/main/java/fr/clementgre/pdf4teachers/interfaces/KeyboardShortcuts.java,c6206280f8c6f535cd919c73ba1cf300edecb28b3af73803941989e6612eb156,0
3769974631,3,src/main/java/fr/clementgre/pdf4teachers/interfaces/windows/MainWindow.java,788b27c11eed17627c176f16dd5b1b336cc8953cc34f1ff927cb599d7c544582,0
3769974631,3,src/main/java/fr/clementgre/pdf4teachers/interfaces/windows/log/Log.java,dd8221797e7a840a591e16c23eac91c8bd2d91df820f9deb9394b968d40cad56,0
3769974631,3,src/main/java/fr/clementgre/pdf4teachers/panel/MainScreen/MainScreen.java,dd8d1c3845f7dab5f8342de00af1babfb440ed83c7afffe8c2bf7fc10021e811,0
3769974631,3,src/main/java/fr/clementgre/pdf4teachers/panel/MainScreen/ZoomOperator.java,44dd34581a536029d2493f278710eb6514a79eed9dd42d46ee24aa4770a01694,0
3769974631,3,src/main/java/fr/clementgre/pdf4teachers/panel/sidebar/SideBar.java,c139b9f8f51e2bd9af07f80975493f645b54a42333655b2faa3bdd09f2f774f7,0
3769974631,3,src/main/java/fr/clementgre/pdf4teachers/panel/sidebar/SideTab.java,2d2405c18e4a1093fa41824549a5c01a956779adfb073e5fd365afd9c91f51b4,0
3769974631,3,src/main/java/fr/clementgre/pdf4teachers/panel/sidebar/files/FileTab.java,a5a5ee94c80ba48a10726284389643bc60214c13b187902d45aeb98ec88f2535,0
3769974631,3,src/main/java/fr/clementgre/pdf4teachers/panel/sidebar/grades/GradeTab.java,e3862a5be1f731c9481af9b65ece5a8ddcb044cc668e8ce76d1549cf26302bbe,0
3769974631,3,src/main/java/fr/clementgre/pdf4teachers/panel/sidebar/paint/PaintTab.java,e9378ad211991779f6fc37444e01f09477a57298f71dddf535f65716d7bdb71e,0
3769974631,3,src/main/java/fr/clementgre/pdf4teachers/panel/sidebar/skills/SkillsTab.java,2d8b4bce3302b90b1e02b9b98c951919c572a81afac1094962187b038fced8d8,0
3769974631,3,src/main/java/fr/clementgre/pdf4teachers/panel/sidebar/texts/TextTab.java,baa336318147dc82434b7fe77bd146ca1b787db61a0aa2fda604b7502fcf3fe8,0
3769974631,3,src/main/java/fr/clementgre/pdf4teachers/panel/sidebar/toc/TocEntry.java,243b013dc064f64b3f169113358797baddbd68ba06f12657d8a00a355008ab9e,0
3769974631,3,src/main/java/fr/clementgre/pdf4teachers/panel/sidebar/toc/TocTab.java,b6774e42487e72b3c3c9b2aa46dbc5b3f64d679465314289ef4090259f6d40e6,0
3769974631,4,src/main/java/fr/clementgre/pdf4teachers/document/Document.java,bc45e9bb0198f75fbf909a1e47fab2054fc440e3855ed648d397e6eb60c8ebaa,0
3769974631,4,src/main/java/fr/clementgre/pdf4teachers/document/render/display/PDFPagesEditor.java,47939230f8a235ca425d0a6456ee1ea464722eb4fb35f20f4bdec072493ee975,0
3769974631,4,src/main/java/fr/clementgre/pdf4teachers/document/render/display/PageRenderer.java,6ddb3a4f15242d286f0abff21e06a39c689b65437e91d563cb23a012c0d557b6,0
3769974631,4,src/main/java/fr/clementgre/pdf4teachers/document/render/display/hyperlinks/Hyperlink.java,9eda3487d67667e34128b7bb9a1e7f1dd7cbde904f193297bcce251390cc7aea,0
3769974631,4,src/main/java/fr/clementgre/pdf4teachers/document/render/display/hyperlinks/HyperlinkOverlayManager.java,7913bd1197f53b2b694a852d8f924b38f4df4c66c11ee731c17e29f629b4fd59,0
3769974631,4,src/main/java/fr/clementgre/pdf4teachers/interfaces/KeyboardShortcuts.java,c6206280f8c6f535cd919c73ba1cf300edecb28b3af73803941989e6612eb156,0
3769974631,4,src/main/java/fr/clementgre/pdf4teachers/interfaces/windows/MainWindow.java,788b27c11eed17627c176f16dd5b1b336cc8953cc34f1ff927cb599d7c544582,0
3769974631,4,src/main/java/fr/clementgre/pdf4teachers/interfaces/windows/log/Log.java,dd8221797e7a840a591e16c23eac91c8bd2d91df820f9deb9394b968d40cad56,0
3769974631,4,src/main/java/fr/clementgre/pdf4teachers/panel/MainScreen/MainScreen.java,dd8d1c3845f7dab5f8342de00af1babfb440ed83c7afffe8c2bf7fc10021e811,0
3769974631,4,src/main/java/fr/clementgre/pdf4teachers/panel/MainScreen/ZoomOperator.java,44dd34581a536029d2493f278710eb6514a79eed9dd42d46ee24aa4770a01694,0
3769974631,4,src/main/java/fr/clementgre/pdf4teachers/panel/sidebar/SideBar.java,c139b9f8f51e2bd9af07f80975493f645b54a42333655b2faa3bdd09f2f774f7,0
3769974631,4,src/main/java/fr/clementgre/pdf4teachers/panel/sidebar/SideTab.java,2d2405c18e4a1093fa41824549a5c01a956779adfb073e5fd365afd9c91f51b4,0
3769974631,4,src/main/java/fr/clementgre/pdf4teachers/panel/sidebar/files/FileTab.java,a5a5ee94c80ba48a10726284389643bc60214c13b187902d45aeb98ec88f2535,0
3769974631,4,src/main/java/fr/clementgre/pdf4teachers/panel/sidebar/grades/GradeTab.java,e3862a5be1f731c9481af9b65ece5a8ddcb044cc668e8ce76d1549cf26302bbe,0
3769974631,4,src/main/java/fr/clementgre/pdf4teachers/panel/sidebar/paint/PaintTab.java,e9378ad211991779f6fc37444e01f09477a57298f71dddf535f65716d7bdb71e,0
3769974631,4,src/main/java/fr/clementgre/pdf4teachers/panel/sidebar/skills/SkillsTab.java,2d8b4bce3302b90b1e02b9b98c951919c572a81afac1094962187b038fced8d8,0
3769974631,4,src/main/java/fr/clementgre/pdf4teachers/panel/sidebar/texts/TextTab.java,baa336318147dc82434b7fe77bd146ca1b787db61a0aa2fda604b7502fcf3fe8,0
3769974631,4,src/main/java/fr/clementgre/pdf4teachers/panel/sidebar/toc/TocEntry.java,243b013dc064f64b3f169113358797baddbd68ba06f12657d8a00a355008ab9e,0
3769974631,4,src/main/java/fr/clementgre/pdf4teachers/panel/sidebar/toc/TocTab.java,b6774e42487e72b3c3c9b2aa46dbc5b3f64d679465314289ef4090259f6d40e6,0
3769974631,5,src/main/java/fr/clementgre/pdf4teachers/document/Document.java,bc45e9bb0198f75fbf909a1e47fab2054fc440e3855ed648d397e6eb60c8ebaa,0
3769974631,5,src/main/java/fr/clementgre/pdf4teachers/document/render/display/PDFPagesEditor.java,47939230f8a235ca425d0a6456ee1ea464722eb4fb35f20f4bdec072493ee975,0
3769974631,5,src/main/java/fr/clementgre/pdf4teachers/document/render/display/PageRenderer.java,6ddb3a4f15242d286f0abff21e06a39c689b65437e91d563cb23a012c0d557b6,0
3769974631,5,src/main/java/fr/clementgre/pdf4teachers/document/render/display/hyperlinks/Hyperlink.java,8834bf5cb87c6bcc86b8920335928c66a69875d069964eecb08f4e827376f8d7,0
3769974631,5,src/main/java/fr/clementgre/pdf4teachers/document/render/display/hyperlinks/HyperlinkOverlayManager.java,8a125278e0b516216790949f04a01c79d3d3e549f469fbd05e3b54805aa39892,0
3769974631,5,src/main/java/fr/clementgre/pdf4teachers/interfaces/KeyboardShortcuts.java,c6206280f8c6f535cd919c73ba1cf300edecb28b3af73803941989e6612eb156,0
3769974631,5,src/main/java/fr/clementgre/pdf4teachers/interfaces/windows/MainWindow.java,788b27c11eed17627c176f16dd5b1b336cc8953cc34f1ff927cb599d7c544582,0
3769974631,5,src/main/java/fr/clementgre/pdf4teachers/interfaces/windows/log/Log.java,dd8221797e7a840a591e16c23eac91c8bd2d91df820f9deb9394b968d40cad56,0
3769974631,5,src/main/java/fr/clementgre/pdf4teachers/panel/MainScreen/MainScreen.java,dd8d1c3845f7dab5f8342de00af1babfb440ed83c7afffe8c2bf7fc10021e811,0
3769974631,5,src/main/java/fr/clementgre/pdf4teachers/panel/MainScreen/ZoomOperator.java,44dd34581a536029d2493f278710eb6514a79eed9dd42d46ee24aa4770a01694,0
3769974631,5,src/main/java/fr/clementgre/pdf4teachers/panel/sidebar/SideBar.java,c139b9f8f51e2bd9af07f80975493f645b54a42333655b2faa3bdd09f2f774f7,0
3769974631,5,src/main/java/fr/clementgre/pdf4teachers/panel/sidebar/SideTab.java,2d2405c18e4a1093fa41824549a5c01a956779adfb073e5fd365afd9c91f51b4,0
3769974631,5,src/main/java/fr/clementgre/pdf4teachers/panel/sidebar/files/FileTab.java,a5a5ee94c80ba48a10726284389643bc60214c13b187902d45aeb98ec88f2535,0
3769974631,5,src/main/java/fr/clementgre/pdf4teachers/panel/sidebar/grades/GradeTab.java,e3862a5be1f731c9481af9b65ece5a8ddcb044cc668e8ce76d1549cf26302bbe,0
3769974631,5,src/main/java/fr/clementgre/pdf4teachers/panel/sidebar/paint/PaintTab.java,e9378ad211991779f6fc37444e01f09477a57298f71dddf535f65716d7bdb71e,0
3769974631,5,src/main/java/fr/clementgre/pdf4teachers/panel/sidebar/skills/SkillsTab.java,2d8b4bce3302b90b1e02b9b98c951919c572a81afac1094962187b038fced8d8,0
3769974631,5,src/main/java/fr/clementgre/pdf4teachers/panel/sidebar/texts/TextTab.java,baa336318147dc82434b7fe77bd146ca1b787db61a0aa2fda604b7502fcf3fe8,0
3769974631,5,src/main/java/fr/clementgre/pdf4teachers/panel/sidebar/toc/TocEntry.java,243b013dc064f64b3f169113358797baddbd68ba06f12657d8a00a355008ab9e,0
3769974631,5,src/main/java/fr/clementgre/pdf4teachers/panel/sidebar/toc/TocTab.java,e6051aa3fdacdd86dc75d38a3415e1e3cd185e6de45546edd749a7b006495e86,0
3769974631,6,src/main/java/fr/clementgre/pdf4teachers/document/Document.java,bc45e9bb0198f75fbf909a1e47fab2054fc440e3855ed648d397e6eb60c8ebaa,0
3769974631,6,src/main/java/fr/clementgre/pdf4teachers/document/render/display/PDFPagesEditor.java,47939230f8a235ca425d0a6456ee1ea464722eb4fb35f20f4bdec072493ee975,0
3769974631,6,src/main/java/fr/clementgre/pdf4teachers/document/render/display/PageRenderer.java,c6b17e982a4e23aecfed0e010d3880c699c4bdac1f2c783800e4bbbbafad490b,0
3769974631,6,src/main/java/fr/clementgre/pdf4teachers/document/render/display/hyperlinks/Hyperlink.java,8834bf5cb87c6bcc86b8920335928c66a69875d069964eecb08f4e827376f8d7,0
3769974631,6,src/main/java/fr/clementgre/pdf4teachers/document/render/display/hyperlinks/HyperlinkOverlayManager.java,e6512202ed33418b488ef279a4b6dd1fd575b3366f4e9eaae384921cb3b102a1,0
3769974631,6,src/main/java/fr/clementgre/pdf4teachers/interfaces/KeyboardShortcuts.java,c6206280f8c6f535cd919c73ba1cf300edecb28b3af73803941989e6612eb156,0
3769974631,6,src/main/java/fr/clementgre/pdf4teachers/interfaces/windows/MainWindow.java,788b27c11eed17627c176f16dd5b1b336cc8953cc34f1ff927cb599d7c544582,0
3769974631,6,src/main/java/fr/clementgre/pdf4teachers/interfaces/windows/log/Log.java,dd8221797e7a840a591e16c23eac91c8bd2d91df820f9deb9394b968d40cad56,0
3769974631,6,src/main/java/fr/clementgre/pdf4teachers/panel/MainScreen/MainScreen.java,dd8d1c3845f7dab5f8342de00af1babfb440ed83c7afffe8c2bf7fc10021e811,0
3769974631,6,src/main/java/fr/clementgre/pdf4teachers/panel/MainScreen/ZoomOperator.java,5d48190523eaf094c0a43b3b778511f21d507320e0735f11c940011996e8c039,0
3769974631,6,src/main/java/fr/clementgre/pdf4teachers/panel/sidebar/SideBar.java,c101765af4280c29863a71b3ea983b994e06147d91a3f450ce0197734ed63ef8,0
3769974631,6,src/main/java/fr/clementgre/pdf4teachers/panel/sidebar/SideTab.java,2d2405c18e4a1093fa41824549a5c01a956779adfb073e5fd365afd9c91f51b4,0
3769974631,6,src/main/java/fr/clementgre/pdf4teachers/panel/sidebar/files/FileTab.java,17df1336f2cb661f3b0630fbb4ca046fc3a3dbecda3b1915ff421272eb76d573,0
3769974631,6,src/main/java/fr/clementgre/pdf4teachers/panel/sidebar/grades/GradeTab.java,e39bf12c9fc4baba42132b5bbcbab5ea7b1660cf62d5ce86f89095eba39c1f2f,0
3769974631,6,src/main/java/fr/clementgre/pdf4teachers/panel/sidebar/paint/PaintTab.java,376f96994b713dee975aa7aa6815828918e0850ea66fe2f7c95f04dfc1dfbc51,0
3769974631,6,src/main/java/fr/clementgre/pdf4teachers/panel/sidebar/skills/SkillsTab.java,9b32f03f3c1a7f00fd3f183af603f7e5f2f64280447d68494111f76c0d73f42f,0
3769974631,6,src/main/java/fr/clementgre/pdf4teachers/panel/sidebar/texts/TextTab.java,95694cbc9d8b3a9032c90295bc2289b0831ab4e4c1c8dd1112b750b415528774,0
3769974631,6,src/main/java/fr/clementgre/pdf4teachers/panel/sidebar/toc/TocEntry.java,2550128c855e1fcbf0fe0f913bc32bb582bd47b7dcab10f878a64025ca3e7225,0
3769974631,6,src/main/java/fr/clementgre/pdf4teachers/panel/sidebar/toc/TocTab.java,0c1c78410a311a7627d42afdb3f5fd05f37450805b783cdd376b3d9312045011,0
3769974631,7,src/main/java/fr/clementgre/pdf4teachers/document/Document.java,bc45e9bb0198f75fbf909a1e47fab2054fc440e3855ed648d397e6eb60c8ebaa,0
3769974631,7,src/main/java/fr/clementgre/pdf4teachers/document/render/display/PDFPagesEditor.java,9fd07325d86c5893763fddaa551728e17be66bdc2aa3b3f11610e935d4cfbbb9,0
3769974631,7,src/main/java/fr/clementgre/pdf4teachers/document/render/display/PageRenderer.java,c6b17e982a4e23aecfed0e010d3880c699c4bdac1f2c783800e4bbbbafad490b,0
3769974631,7,src/main/java/fr/clementgre/pdf4teachers/document/render/display/hyperlinks/Hyperlink.java,c0e542d5c00bd12d85a3d230ca789f6714b1304cac6df051708a133c33303d46,0
3769974631,7,src/main/java/fr/clementgre/pdf4teachers/document/render/display/hyperlinks/HyperlinkOverlayManager.java,268265bc08eb473c2745d341fddd11f5c5096fd24b48dcd56e28950ea941c5a8,0
3769974631,7,src/main/java/fr/clementgre/pdf4teachers/interfaces/KeyboardShortcuts.java,cdcb77149033170e21f8094252d7f167d13ad15edfdd85ec5d9eec2834a42c1b,0
3769974631,7,src/main/java/fr/clementgre/pdf4teachers/interfaces/windows/MainWindow.java,ee119ac90492b314697cc6d089bec7fb915d4760cb46c6af16e1c6ba9dfee6ef,0
3769974631,7,src/main/java/fr/clementgre/pdf4teachers/interfaces/windows/log/Log.java,95df976ce04f249da574b371f53aedb41b5ede272dcb06784af0994b4693b958,0
3769974631,7,src/main/java/fr/clementgre/pdf4teachers/panel/MainScreen/MainScreen.java,00e8b482931611f28ae2235fa3fa24076ab688d2f4ef9ee06e8b38be32447171,0
3769974631,7,src/main/java/fr/clementgre/pdf4teachers/panel/MainScreen/ZoomOperator.java,5d48190523eaf094c0a43b3b778511f21d507320e0735f11c940011996e8c039,0
3769974631,7,src/main/java/fr/clementgre/pdf4teachers/panel/sidebar/SideBar.java,c101765af4280c29863a71b3ea983b994e06147d91a3f450ce0197734ed63ef8,0
3769974631,7,src/main/java/fr/clementgre/pdf4teachers/panel/sidebar/SideTab.java,2d2405c18e4a1093fa41824549a5c01a956779adfb073e5fd365afd9c91f51b4,0
3769974631,7,src/main/java/fr/clementgre/pdf4teachers/panel/sidebar/files/FileTab.java,17df1336f2cb661f3b0630fbb4ca046fc3a3dbecda3b1915ff421272eb76d573,0
3769974631,7,src/main/java/fr/clementgre/pdf4teachers/panel/sidebar/grades/GradeTab.java,e39bf12c9fc4baba42132b5bbcbab5ea7b1660cf62d5ce86f89095eba39c1f2f,0
3769974631,7,src/main/java/fr/clementgre/pdf4teachers/panel/sidebar/paint/PaintTab.java,376f96994b713dee975aa7aa6815828918e0850ea66fe2f7c95f04dfc1dfbc51,0
3769974631,7,src/main/java/fr/clementgre/pdf4teachers/panel/sidebar/skills/SkillsTab.java,9b32f03f3c1a7f00fd3f183af603f7e5f2f64280447d68494111f76c0d73f42f,0
3769974631,7,src/main/java/fr/clementgre/pdf4teachers/panel/sidebar/texts/TextTab.java,95694cbc9d8b3a9032c90295bc2289b0831ab4e4c1c8dd1112b750b415528774,0
3769974631,7,src/main/java/fr/clementgre/pdf4teachers/panel/sidebar/toc/TocEntry.java,2550128c855e1fcbf0fe0f913bc32bb582bd47b7dcab10f878a64025ca3e7225,0
3769974631,7,src/main/java/fr/clementgre/pdf4teachers/panel/sidebar/toc/TocTab.java,419cd6c20e857a1f08f53b03e5c11d486bb6fae0f2566f7f36d8bc8e637ed68c,0
3837458181,0,studio-android/LightNovelLibrary/app/src/main/java/org/mewx/wenku8/activity/VerticalReaderActivity.java,eda19786c463265a4ada176cf67f54a0d0bc53e5c6daa07f47bf046c72108ef2,0
3837458181,1,studio-android/LightNovelLibrary/app/src/main/java/org/mewx/wenku8/activity/VerticalReaderActivity.java,6cc4bdfab05c7c608f6ed88d6fc7bcc66e6e33a401b25ebe69b7647ecd9aa70c,0
3837458181,2,studio-android/LightNovelLibrary/app/src/main/java/org/mewx/wenku8/activity/VerticalReaderActivity.java,505f176df614037df433216a0aeaf7ea3a05fbe931a584e43ea3f1cef57a69fc,0
3837458181,3,studio-android/LightNovelLibrary/app/src/main/java/org/mewx/wenku8/activity/VerticalReaderActivity.java,d91bac53d83dab144ef31ac1034d9b9da398961b90bc5b9c839a8e7194d9ae13,0
3815680128,0,fe/fe-core/src/main/java/com/starrocks/extension/DefaultExtensionContext.java,50fccae13ab466957f2c995dc7bddb9894d4950ca1a539521f6e2fcd6bfc0190,0
3815680128,0,fe/fe-core/src/main/java/com/starrocks/extension/ExtensionContext.java,ece607df9dfd07f947f12141f3c4dd4395ff6d00278062cbda35b7f58f60548b,0
3815680128,0,fe/fe-core/src/main/java/com/starrocks/qe/scheduler/slot/BaseSlotManager.java,e9df43c6600af783d10b33a0b41e968cd02888939ea07eb8c4927f4434193626,0
3815680128,0,fe/fe-core/src/main/java/com/starrocks/qe/scheduler/slot/SlotManager.java,9ce0d651e3fed7f13f5831078681a7cef00f50f7207c57bbf575a6be432b0970,0
3815680128,0,fe/fe-core/src/main/java/com/starrocks/server/GlobalStateMgr.java,06f225e8924758e39d5f1044d8f5b4a9972fd4aeeb786fdfdd8a63d6c81c573b,0
3815680128,1,fe/fe-core/src/main/java/com/starrocks/extension/DefaultExtensionContext.java,50fccae13ab466957f2c995dc7bddb9894d4950ca1a539521f6e2fcd6bfc0190,0
3815680128,1,fe/fe-core/src/main/java/com/starrocks/extension/ExtensionContext.java,ece607df9dfd07f947f12141f3c4dd4395ff6d00278062cbda35b7f58f60548b,0
3815680128,1,fe/fe-core/src/main/java/com/starrocks/qe/scheduler/slot/BaseSlotManager.java,e9df43c6600af783d10b33a0b41e968cd02888939ea07eb8c4927f4434193626,0
3815680128,1,fe/fe-core/src/main/java/com/starrocks/qe/scheduler/slot/SlotManager.java,9ce0d651e3fed7f13f5831078681a7cef00f50f7207c57bbf575a6be432b0970,0
3815680128,1,fe/fe-core/src/main/java/com/starrocks/server/GlobalStateMgr.java,06f225e8924758e39d5f1044d8f5b4a9972fd4aeeb786fdfdd8a63d6c81c573b,0
3815680128,2,fe/fe-core/src/main/java/com/starrocks/extension/DefaultExtensionContext.java,b47d404446140a992627c7045b80cf22b65ffc6de07fad5f1a786ecdd1738ff0,0
3815680128,2,fe/fe-core/src/main/java/com/starrocks/extension/ExtensionContext.java,ece607df9dfd07f947f12141f3c4dd4395ff6d00278062cbda35b7f58f60548b,0
3815680128,2,fe/fe-core/src/main/java/com/starrocks/extension/Inject.java,b7ac0aa971c89d76669b4bb57afe01a064fdbe50d4b6124ade6ea6c86fd1963c,0
3815680128,2,fe/fe-core/src/main/java/com/starrocks/qe/scheduler/slot/BaseSlotManager.java,e9df43c6600af783d10b33a0b41e968cd02888939ea07eb8c4927f4434193626,0
3815680128,2,fe/fe-core/src/main/java/com/starrocks/qe/scheduler/slot/SlotManager.java,9ce0d651e3fed7f13f5831078681a7cef00f50f7207c57bbf575a6be432b0970,0
3815680128,2,fe/fe-core/src/main/java/com/starrocks/server/GlobalStateMgr.java,06f225e8924758e39d5f1044d8f5b4a9972fd4aeeb786fdfdd8a63d6c81c573b,0
3815680128,3,fe/fe-core/src/main/java/com/starrocks/extension/DefaultExtensionContext.java,864e3017f1bccb8b5a10dbb8d57f44bbecaffe5a258196ae8cb9356fee440883,0
3815680128,3,fe/fe-core/src/main/java/com/starrocks/extension/ExtensionContext.java,ece607df9dfd07f947f12141f3c4dd4395ff6d00278062cbda35b7f58f60548b,0
3815680128,3,fe/fe-core/src/main/java/com/starrocks/extension/Inject.java,b7ac0aa971c89d76669b4bb57afe01a064fdbe50d4b6124ade6ea6c86fd1963c,0
3815680128,3,fe/fe-core/src/main/java/com/starrocks/qe/scheduler/slot/BaseSlotManager.java,e9df43c6600af783d10b33a0b41e968cd02888939ea07eb8c4927f4434193626,0
3815680128,3,fe/fe-core/src/main/java/com/starrocks/qe/scheduler/slot/SlotManager.java,9ce0d651e3fed7f13f5831078681a7cef00f50f7207c57bbf575a6be432b0970,0
3815680128,3,fe/fe-core/src/main/java/com/starrocks/server/GlobalStateMgr.java,06f225e8924758e39d5f1044d8f5b4a9972fd4aeeb786fdfdd8a63d6c81c573b,0
3815680128,4,fe/fe-core/src/main/java/com/starrocks/extension/DefaultExtensionContext.java,f70960aed0d8a99e3086c26a0143c485a914d54c7275bce9efa83531faf6df52,0
3815680128,4,fe/fe-core/src/main/java/com/starrocks/extension/ExtensionContext.java,ece607df9dfd07f947f12141f3c4dd4395ff6d00278062cbda35b7f58f60548b,0
3815680128,4,fe/fe-core/src/main/java/com/starrocks/extension/Inject.java,b7ac0aa971c89d76669b4bb57afe01a064fdbe50d4b6124ade6ea6c86fd1963c,0
3815680128,4,fe/fe-core/src/main/java/com/starrocks/qe/scheduler/slot/BaseSlotManager.java,e9df43c6600af783d10b33a0b41e968cd02888939ea07eb8c4927f4434193626,0
3815680128,4,fe/fe-core/src/main/java/com/starrocks/qe/scheduler/slot/SlotManager.java,9ce0d651e3fed7f13f5831078681a7cef00f50f7207c57bbf575a6be432b0970,0
3815680128,4,fe/fe-core/src/main/java/com/starrocks/server/GlobalStateMgr.java,06f225e8924758e39d5f1044d8f5b4a9972fd4aeeb786fdfdd8a63d6c81c573b,0
3815680128,5,fe/fe-core/src/main/java/com/starrocks/extension/DefaultExtensionContext.java,2146fde750c219390db380a75703098d4e1bd0a1712973c83af3489d21173187,0
3815680128,5,fe/fe-core/src/main/java/com/starrocks/extension/ExtensionContext.java,5988957c8afa1b6c1b22044d17607e68f55978af66dc6aff31293a4b81cb3e3c,0
3815680128,5,fe/fe-core/src/main/java/com/starrocks/extension/Inject.java,b7ac0aa971c89d76669b4bb57afe01a064fdbe50d4b6124ade6ea6c86fd1963c,0
3815680128,5,fe/fe-core/src/main/java/com/starrocks/qe/scheduler/slot/BaseSlotManager.java,e9df43c6600af783d10b33a0b41e968cd02888939ea07eb8c4927f4434193626,0
3815680128,5,fe/fe-core/src/main/java/com/starrocks/qe/scheduler/slot/SlotManager.java,9ce0d651e3fed7f13f5831078681a7cef00f50f7207c57bbf575a6be432b0970,0
3815680128,5,fe/fe-core/src/main/java/com/starrocks/server/GlobalStateMgr.java,06f225e8924758e39d5f1044d8f5b4a9972fd4aeeb786fdfdd8a63d6c81c573b,0
3815680128,6,fe/fe-core/src/main/java/com/starrocks/extension/ConstructorMetadata.java,4229a35525c43c886ba9ae1e57cdba76ad4bf1e3f0855bbaa79dad47bb075e17,0
3815680128,6,fe/fe-core/src/main/java/com/starrocks/extension/DefaultExtensionContext.java,a7acc9fc1b036865889f74b9e23324541055ab1409586f0b369b20320ee65005,0
3815680128,6,fe/fe-core/src/main/java/com/starrocks/extension/ExtensionContext.java,638f56703a3ae4e87d363e27580304510b5cd045aebb60aafcb402ec08425638,0
3815680128,6,fe/fe-core/src/main/java/com/starrocks/extension/Inject.java,b7ac0aa971c89d76669b4bb57afe01a064fdbe50d4b6124ade6ea6c86fd1963c,0
3815680128,6,fe/fe-core/src/main/java/com/starrocks/qe/scheduler/slot/BaseSlotManager.java,e9df43c6600af783d10b33a0b41e968cd02888939ea07eb8c4927f4434193626,0
3815680128,6,fe/fe-core/src/main/java/com/starrocks/qe/scheduler/slot/SlotManager.java,9ce0d651e3fed7f13f5831078681a7cef00f50f7207c57bbf575a6be432b0970,0
3815680128,6,fe/fe-core/src/main/java/com/starrocks/server/GlobalStateMgr.java,06f225e8924758e39d5f1044d8f5b4a9972fd4aeeb786fdfdd8a63d6c81c573b,0
3815680128,7,fe/fe-core/src/main/java/com/starrocks/extension/ConstructorMetadata.java,4229a35525c43c886ba9ae1e57cdba76ad4bf1e3f0855bbaa79dad47bb075e17,0
3815680128,7,fe/fe-core/src/main/java/com/starrocks/extension/DefaultExtensionContext.java,f992a2e49703be39a87cc4ae67f48275fef0f031b08f1bde5d6d535609f2c7aa,0
3815680128,7,fe/fe-core/src/main/java/com/starrocks/extension/ExtensionContext.java,638f56703a3ae4e87d363e27580304510b5cd045aebb60aafcb402ec08425638,0
3815680128,7,fe/fe-core/src/main/java/com/starrocks/extension/Inject.java,b7ac0aa971c89d76669b4bb57afe01a064fdbe50d4b6124ade6ea6c86fd1963c,0
3815680128,7,fe/fe-core/src/main/java/com/starrocks/qe/scheduler/slot/BaseSlotManager.java,c780a94227352b0c5f47b6f7ee18595487af714db6fe3a951b0a4a43be9817da,0
3815680128,7,fe/fe-core/src/main/java/com/starrocks/qe/scheduler/slot/SlotManager.java,9ce0d651e3fed7f13f5831078681a7cef00f50f7207c57bbf575a6be432b0970,0
3815680128,7,fe/fe-core/src/main/java/com/starrocks/server/GlobalStateMgr.java,020aa033c83830697f979d5ef65e3cb8dfe26a7d4d888826a379da71f1c0f87b,0
3815680128,8,fe/fe-core/src/main/java/com/starrocks/extension/ConstructorMetadata.java,4229a35525c43c886ba9ae1e57cdba76ad4bf1e3f0855bbaa79dad47bb075e17,0
3815680128,8,fe/fe-core/src/main/java/com/starrocks/extension/DefaultExtensionContext.java,105022ddd8ef318bbe4ad40f5e780defbe91975f74493e2c9b50ffda040b684f,0
3815680128,8,fe/fe-core/src/main/java/com/starrocks/extension/ExtensionContext.java,638f56703a3ae4e87d363e27580304510b5cd045aebb60aafcb402ec08425638,0
3815680128,8,fe/fe-core/src/main/java/com/starrocks/extension/Inject.java,b7ac0aa971c89d76669b4bb57afe01a064fdbe50d4b6124ade6ea6c86fd1963c,0
3815680128,8,fe/fe-core/src/main/java/com/starrocks/qe/scheduler/slot/BaseSlotManager.java,c780a94227352b0c5f47b6f7ee18595487af714db6fe3a951b0a4a43be9817da,0
3815680128,8,fe/fe-core/src/main/java/com/starrocks/qe/scheduler/slot/SlotManager.java,9ce0d651e3fed7f13f5831078681a7cef00f50f7207c57bbf575a6be432b0970,0
3815680128,8,fe/fe-core/src/main/java/com/starrocks/server/GlobalStateMgr.java,020aa033c83830697f979d5ef65e3cb8dfe26a7d4d888826a379da71f1c0f87b,0
3815680128,9,fe/fe-core/src/main/java/com/starrocks/extension/ConstructorMetadata.java,4229a35525c43c886ba9ae1e57cdba76ad4bf1e3f0855bbaa79dad47bb075e17,0
3815680128,9,fe/fe-core/src/main/java/com/starrocks/extension/DefaultExtensionContext.java,5d4fb55a2126051ba33dee57a9c6d7e5f56a3ae9d00aa30d116ba4d8810e54ef,0
3815680128,9,fe/fe-core/src/main/java/com/starrocks/extension/ExtensionContext.java,638f56703a3ae4e87d363e27580304510b5cd045aebb60aafcb402ec08425638,0
3815680128,9,fe/fe-core/src/main/java/com/starrocks/extension/Inject.java,b7ac0aa971c89d76669b4bb57afe01a064fdbe50d4b6124ade6ea6c86fd1963c,0
3815680128,9,fe/fe-core/src/main/java/com/starrocks/qe/scheduler/slot/BaseSlotManager.java,c780a94227352b0c5f47b6f7ee18595487af714db6fe3a951b0a4a43be9817da,0
3815680128,9,fe/fe-core/src/main/java/com/starrocks/qe/scheduler/slot/SlotManager.java,9ce0d651e3fed7f13f5831078681a7cef00f50f7207c57bbf575a6be432b0970,0
3815680128,9,fe/fe-core/src/main/java/com/starrocks/server/GlobalStateMgr.java,8c24f700a1eae8a9af2d3ebf2932bffc026b6ea3ef6c6c4a52a35ad0a9bf3bd3,0
3815680128,10,fe/fe-core/src/main/java/com/starrocks/extension/ConstructorMetadata.java,4229a35525c43c886ba9ae1e57cdba76ad4bf1e3f0855bbaa79dad47bb075e17,0
3815680128,10,fe/fe-core/src/main/java/com/starrocks/extension/DefaultExtensionContext.java,867e2793f7b3e8ad033fc0a5c495d7ab8ecd4c09420ffc21407320ef3b070838,0
3815680128,10,fe/fe-core/src/main/java/com/starrocks/extension/ExtensionContext.java,615e1b7b8b25fe9d6ca62c6c240eb3f232e791e1eafe268c816a69b873f8e93c,0
3815680128,10,fe/fe-core/src/main/java/com/starrocks/extension/Inject.java,b7ac0aa971c89d76669b4bb57afe01a064fdbe50d4b6124ade6ea6c86fd1963c,0
3815680128,10,fe/fe-core/src/main/java/com/starrocks/qe/scheduler/slot/BaseSlotManager.java,c780a94227352b0c5f47b6f7ee18595487af714db6fe3a951b0a4a43be9817da,0
3815680128,10,fe/fe-core/src/main/java/com/starrocks/qe/scheduler/slot/SlotManager.java,0cf8694b90df9ec5a2b2485a6032dace852d4e8b80eb8227bcba6fe288d61185,0
3815680128,10,fe/fe-core/src/main/java/com/starrocks/server/GlobalStateMgr.java,8c24f700a1eae8a9af2d3ebf2932bffc026b6ea3ef6c6c4a52a35ad0a9bf3bd3,0
3815680128,11,fe/fe-core/src/main/java/com/starrocks/extension/ConstructorMetadata.java,4229a35525c43c886ba9ae1e57cdba76ad4bf1e3f0855bbaa79dad47bb075e17,0
3815680128,11,fe/fe-core/src/main/java/com/starrocks/extension/DefaultExtensionContext.java,81a62f880955115db90f02b8733152b1fa254b095f7a593186bb6066f23f8cee,0
3815680128,11,fe/fe-core/src/main/java/com/starrocks/extension/ExtensionContext.java,615e1b7b8b25fe9d6ca62c6c240eb3f232e791e1eafe268c816a69b873f8e93c,0
3815680128,11,fe/fe-core/src/main/java/com/starrocks/extension/Inject.java,b7ac0aa971c89d76669b4bb57afe01a064fdbe50d4b6124ade6ea6c86fd1963c,0
3815680128,11,fe/fe-core/src/main/java/com/starrocks/qe/scheduler/slot/BaseSlotManager.java,c780a94227352b0c5f47b6f7ee18595487af714db6fe3a951b0a4a43be9817da,0
3815680128,11,fe/fe-core/src/main/java/com/starrocks/qe/scheduler/slot/SlotManager.java,0cf8694b90df9ec5a2b2485a6032dace852d4e8b80eb8227bcba6fe288d61185,0
3815680128,11,fe/fe-core/src/main/java/com/starrocks/server/GlobalStateMgr.java,8c24f700a1eae8a9af2d3ebf2932bffc026b6ea3ef6c6c4a52a35ad0a9bf3bd3,0
3815680128,12,fe/fe-core/src/main/java/com/starrocks/extension/ConstructorMetadata.java,4229a35525c43c886ba9ae1e57cdba76ad4bf1e3f0855bbaa79dad47bb075e17,0
3815680128,12,fe/fe-core/src/main/java/com/starrocks/extension/DefaultExtensionContext.java,81a62f880955115db90f02b8733152b1fa254b095f7a593186bb6066f23f8cee,0
3815680128,12,fe/fe-core/src/main/java/com/starrocks/extension/ExtensionContext.java,615e1b7b8b25fe9d6ca62c6c240eb3f232e791e1eafe268c816a69b873f8e93c,0
3815680128,12,fe/fe-core/src/main/java/com/starrocks/extension/Inject.java,b7ac0aa971c89d76669b4bb57afe01a064fdbe50d4b6124ade6ea6c86fd1963c,0
3815680128,12,fe/fe-core/src/main/java/com/starrocks/qe/scheduler/slot/BaseSlotManager.java,c780a94227352b0c5f47b6f7ee18595487af714db6fe3a951b0a4a43be9817da,0
3815680128,12,fe/fe-core/src/main/java/com/starrocks/qe/scheduler/slot/SlotManager.java,0cf8694b90df9ec5a2b2485a6032dace852d4e8b80eb8227bcba6fe288d61185,0
3815680128,12,fe/fe-core/src/main/java/com/starrocks/server/GlobalStateMgr.java,8c24f700a1eae8a9af2d3ebf2932bffc026b6ea3ef6c6c4a52a35ad0a9bf3bd3,0
3815680128,13,fe/fe-core/src/main/java/com/starrocks/extension/ConstructorMetadata.java,4229a35525c43c886ba9ae1e57cdba76ad4bf1e3f0855bbaa79dad47bb075e17,0
3815680128,13,fe/fe-core/src/main/java/com/starrocks/extension/DefaultExtensionContext.java,81a62f880955115db90f02b8733152b1fa254b095f7a593186bb6066f23f8cee,0
3815680128,13,fe/fe-core/src/main/java/com/starrocks/extension/ExtensionContext.java,615e1b7b8b25fe9d6ca62c6c240eb3f232e791e1eafe268c816a69b873f8e93c,0
3815680128,13,fe/fe-core/src/main/java/com/starrocks/extension/Inject.java,b7ac0aa971c89d76669b4bb57afe01a064fdbe50d4b6124ade6ea6c86fd1963c,0
3815680128,13,fe/fe-core/src/main/java/com/starrocks/qe/scheduler/slot/BaseSlotManager.java,c780a94227352b0c5f47b6f7ee18595487af714db6fe3a951b0a4a43be9817da,0
3815680128,13,fe/fe-core/src/main/java/com/starrocks/qe/scheduler/slot/SlotManager.java,0cf8694b90df9ec5a2b2485a6032dace852d4e8b80eb8227bcba6fe288d61185,0
3815680128,13,fe/fe-core/src/main/java/com/starrocks/server/GlobalStateMgr.java,8c24f700a1eae8a9af2d3ebf2932bffc026b6ea3ef6c6c4a52a35ad0a9bf3bd3,0
3815680128,14,fe/fe-core/src/main/java/com/starrocks/extension/ConstructorMetadata.java,4229a35525c43c886ba9ae1e57cdba76ad4bf1e3f0855bbaa79dad47bb075e17,0
3815680128,14,fe/fe-core/src/main/java/com/starrocks/extension/DefaultExtensionContext.java,b8922b00d675c169522cd5e4f51b32ab23bd43746b6269f15d2b5bd1c7cec5c9,0
3815680128,14,fe/fe-core/src/main/java/com/starrocks/extension/ExtensionContext.java,615e1b7b8b25fe9d6ca62c6c240eb3f232e791e1eafe268c816a69b873f8e93c,0
3815680128,14,fe/fe-core/src/main/java/com/starrocks/extension/Inject.java,b7ac0aa971c89d76669b4bb57afe01a064fdbe50d4b6124ade6ea6c86fd1963c,0
3815680128,14,fe/fe-core/src/main/java/com/starrocks/qe/scheduler/slot/BaseSlotManager.java,c780a94227352b0c5f47b6f7ee18595487af714db6fe3a951b0a4a43be9817da,0
3815680128,14,fe/fe-core/src/main/java/com/starrocks/qe/scheduler/slot/SlotManager.java,0cf8694b90df9ec5a2b2485a6032dace852d4e8b80eb8227bcba6fe288d61185,0
3815680128,14,fe/fe-core/src/main/java/com/starrocks/server/GlobalStateMgr.java,8c24f700a1eae8a9af2d3ebf2932bffc026b6ea3ef6c6c4a52a35ad0a9bf3bd3,0
3723094248,0,opencga-catalog/src/main/java/org/opencb/opencga/catalog/io/PosixIOManager.java,36e7c4af8f8e36ee30e442f99b6915a503dbd4b32c35b880225cf91d60c1e98f,0
3723094248,0,opencga-catalog/src/main/java/org/opencb/opencga/catalog/managers/FileManager.java,17f99cda9cadd076f13e090a8366d8e3f5d5f2dbea163c851a52faca494a3051,0
3723094248,0,opencga-catalog/src/main/java/org/opencb/opencga/catalog/utils/FileScanner.java,cf75e78c89ce09d164732b1374088393b3b0cb989ce9d45025385b2fb709f2e7,0
3723094248,0,opencga-core/src/main/java/org/opencb/opencga/core/api/FieldConstants.java,07c0efabbb55723c7b39de338b087f8d75fc5a291a2212590f3c4e85fe55d818,0
3723094248,0,opencga-server/src/main/java/org/opencb/opencga/server/rest/FileWSServer.java,317f6b878087b598890d3065160a7711ee0d864d08b77a63958d373b37797168,0
3723094248,1,opencga-catalog/src/main/java/org/opencb/opencga/catalog/io/PosixIOManager.java,36e7c4af8f8e36ee30e442f99b6915a503dbd4b32c35b880225cf91d60c1e98f,0
3723094248,1,opencga-catalog/src/main/java/org/opencb/opencga/catalog/managers/FileManager.java,17f99cda9cadd076f13e090a8366d8e3f5d5f2dbea163c851a52faca494a3051,0
3723094248,1,opencga-catalog/src/main/java/org/opencb/opencga/catalog/utils/FileScanner.java,cf75e78c89ce09d164732b1374088393b3b0cb989ce9d45025385b2fb709f2e7,0
3723094248,1,opencga-core/src/main/java/org/opencb/opencga/core/api/FieldConstants.java,07c0efabbb55723c7b39de338b087f8d75fc5a291a2212590f3c4e85fe55d818,0
3723094248,1,opencga-server/src/main/java/org/opencb/opencga/server/rest/FileWSServer.java,317f6b878087b598890d3065160a7711ee0d864d08b77a63958d373b37797168,0
3723094248,2,opencga-catalog/src/main/java/org/opencb/opencga/catalog/io/PosixIOManager.java,c693d6f7fbd9e4a3126243eb27cf2e2ba1c29bd8826dd3b6b0386c46eae1bd82,0
3723094248,2,opencga-catalog/src/main/java/org/opencb/opencga/catalog/managers/FileManager.java,ba5b838af5f4658e11916d5935db45c003b41eff08d7d3eb247a9e6ee4a50e10,0
3723094248,2,opencga-catalog/src/main/java/org/opencb/opencga/catalog/utils/FileScanner.java,cf75e78c89ce09d164732b1374088393b3b0cb989ce9d45025385b2fb709f2e7,0
3723094248,2,opencga-core/src/main/java/org/opencb/opencga/core/api/FieldConstants.java,fc3679463b34c6242f53baaf356b8f2d06f7aed59f15dcd6b6aa24ddd0ab2177,0
3723094248,2,opencga-server/src/main/java/org/opencb/opencga/server/rest/FileWSServer.java,91499bbb0a270e8cbd2122fb9b998e3f76e12e737d0a6458045c4b081e793c4e,0
3723094248,3,opencga-catalog/src/main/java/org/opencb/opencga/catalog/io/PosixIOManager.java,c693d6f7fbd9e4a3126243eb27cf2e2ba1c29bd8826dd3b6b0386c46eae1bd82,0
3723094248,3,opencga-catalog/src/main/java/org/opencb/opencga/catalog/managers/FileManager.java,4f81c426786033a51e7b34e9dc2b9e2348f99269bd11885fba3ed00781a79a1d,0
3723094248,3,opencga-catalog/src/main/java/org/opencb/opencga/catalog/utils/FileScanner.java,cf75e78c89ce09d164732b1374088393b3b0cb989ce9d45025385b2fb709f2e7,0
3723094248,3,opencga-core/src/main/java/org/opencb/opencga/core/api/FieldConstants.java,fc3679463b34c6242f53baaf356b8f2d06f7aed59f15dcd6b6aa24ddd0ab2177,0
3723094248,3,opencga-server/src/main/java/org/opencb/opencga/server/rest/FileWSServer.java,91499bbb0a270e8cbd2122fb9b998e3f76e12e737d0a6458045c4b081e793c4e,0
3723094248,4,opencga-catalog/src/main/java/org/opencb/opencga/catalog/io/PosixIOManager.java,c693d6f7fbd9e4a3126243eb27cf2e2ba1c29bd8826dd3b6b0386c46eae1bd82,0
3723094248,4,opencga-catalog/src/main/java/org/opencb/opencga/catalog/managers/FileManager.java,e8c1955979ddf9eaa6126299dcc3e401dd4775947cdc33c3ba9bca0b1deef9f4,0
3723094248,4,opencga-catalog/src/main/java/org/opencb/opencga/catalog/utils/FileScanner.java,cf75e78c89ce09d164732b1374088393b3b0cb989ce9d45025385b2fb709f2e7,0
3723094248,4,opencga-core/src/main/java/org/opencb/opencga/core/api/FieldConstants.java,fc3679463b34c6242f53baaf356b8f2d06f7aed59f15dcd6b6aa24ddd0ab2177,0
3723094248,4,opencga-server/src/main/java/org/opencb/opencga/server/rest/FileWSServer.java,91499bbb0a270e8cbd2122fb9b998e3f76e12e737d0a6458045c4b081e793c4e,0
3723094248,5,opencga-catalog/src/main/java/org/opencb/opencga/catalog/io/PosixIOManager.java,c693d6f7fbd9e4a3126243eb27cf2e2ba1c29bd8826dd3b6b0386c46eae1bd82,0
3723094248,5,opencga-catalog/src/main/java/org/opencb/opencga/catalog/managers/FileManager.java,f34dd31cb73c6755df5951d0ce6a149469140fc83499a4c56ee9c557e6844dbe,0
3723094248,5,opencga-catalog/src/main/java/org/opencb/opencga/catalog/utils/FileScanner.java,cf75e78c89ce09d164732b1374088393b3b0cb989ce9d45025385b2fb709f2e7,0
3723094248,5,opencga-core/src/main/java/org/opencb/opencga/core/api/FieldConstants.java,fc3679463b34c6242f53baaf356b8f2d06f7aed59f15dcd6b6aa24ddd0ab2177,0
3723094248,5,opencga-server/src/main/java/org/opencb/opencga/server/rest/FileWSServer.java,91499bbb0a270e8cbd2122fb9b998e3f76e12e737d0a6458045c4b081e793c4e,0
3723094248,6,opencga-catalog/src/main/java/org/opencb/opencga/catalog/io/PosixIOManager.java,c693d6f7fbd9e4a3126243eb27cf2e2ba1c29bd8826dd3b6b0386c46eae1bd82,0
3723094248,6,opencga-catalog/src/main/java/org/opencb/opencga/catalog/managers/FileManager.java,da59aa9bb13d7812cb839a783d721fc163844f5b59df1c620870629b64084586,0
3723094248,6,opencga-catalog/src/main/java/org/opencb/opencga/catalog/utils/FileScanner.java,687f0d3691428763d5bd5f57232d1918221beeefc96be28272138ed8d4ecf169,0
3723094248,6,opencga-core/src/main/java/org/opencb/opencga/core/api/FieldConstants.java,fc3679463b34c6242f53baaf356b8f2d06f7aed59f15dcd6b6aa24ddd0ab2177,0
3723094248,6,opencga-server/src/main/java/org/opencb/opencga/server/rest/FileWSServer.java,e68143256b6665641692ebf66058ee138f8e2d0b789b673261a41dc5806debee,0
4024919716,0,gsyVideoPlayer-exo_player2/src/main/java/tv/danmaku/ijk/media/exo2/ExoMediaSourceInterceptListener.java,344d5f5edc2a028da32d2ba3c78aacf869cfe74b9be0edd55b4a222d32fde16a,0
4024919716,0,gsyVideoPlayer-exo_player2/src/main/java/tv/danmaku/ijk/media/exo2/IjkExo2MediaPlayer.java,a2daf884e2e02cef9a5cb0418d8cf1c63506a6f7075bfbb9c23641e87c1447ba,0
4024919716,1,gsyVideoPlayer-exo_player2/src/main/java/tv/danmaku/ijk/media/exo2/ExoMediaSourceInterceptListener.java,344d5f5edc2a028da32d2ba3c78aacf869cfe74b9be0edd55b4a222d32fde16a,0
4024919716,1,gsyVideoPlayer-exo_player2/src/main/java/tv/danmaku/ijk/media/exo2/IjkExo2MediaPlayer.java,a2daf884e2e02cef9a5cb0418d8cf1c63506a6f7075bfbb9c23641e87c1447ba,0
4024919716,2,gsyVideoPlayer-exo_player2/src/main/java/tv/danmaku/ijk/media/exo2/ExoMediaSourceInterceptListener.java,6600863baf151b24d017b0495079ceee00c9f8a4a9d7f475f5f861053f12d735,0
4024919716,2,gsyVideoPlayer-exo_player2/src/main/java/tv/danmaku/ijk/media/exo2/IjkExo2MediaPlayer.java,a2daf884e2e02cef9a5cb0418d8cf1c63506a6f7075bfbb9c23641e87c1447ba,0
4024919716,3,gsyVideoPlayer-exo_player2/src/main/java/tv/danmaku/ijk/media/exo2/ExoMediaSourceInterceptListener.java,6600863baf151b24d017b0495079ceee00c9f8a4a9d7f475f5f861053f12d735,0
4024919716,3,gsyVideoPlayer-exo_player2/src/main/java/tv/danmaku/ijk/media/exo2/IjkExo2MediaPlayer.java,b2b5e9cdda72aae22a68aa0caf445d3b6b6c2adb975305368f94f01bee49f7a7,0
3552563546,0,ojp-server/src/main/java/org/openjproxy/grpc/server/StatementServiceImpl.java,c0027dd99f1f75d65437d130a3b0def9d3912619384665b5bb59a11d70bb8330,0
3552563546,1,ojp-server/src/main/java/org/openjproxy/grpc/server/StatementServiceImpl.java,c0027dd99f1f75d65437d130a3b0def9d3912619384665b5bb59a11d70bb8330,0
3552563546,2,ojp-server/src/main/java/org/openjproxy/grpc/server/StatementServiceImpl.java,c0027dd99f1f75d65437d130a3b0def9d3912619384665b5bb59a11d70bb8330,0
3552563546,3,ojp-server/src/main/java/org/openjproxy/grpc/server/StatementServiceImpl.java,c0027dd99f1f75d65437d130a3b0def9d3912619384665b5bb59a11d70bb8330,0
3552563546,4,ojp-server/src/main/java/org/openjproxy/grpc/server/StatementServiceImpl.java,c0027dd99f1f75d65437d130a3b0def9d3912619384665b5bb59a11d70bb8330,0
3552563546,5,ojp-server/src/main/java/org/openjproxy/grpc/server/StatementServiceImpl.java,c0027dd99f1f75d65437d130a3b0def9d3912619384665b5bb59a11d70bb8330,0
3552563546,6,ojp-server/src/main/java/org/openjproxy/grpc/server/StatementServiceImpl.java,c0027dd99f1f75d65437d130a3b0def9d3912619384665b5bb59a11d70bb8330,0
3552563546,7,ojp-server/src/main/java/org/openjproxy/grpc/server/StatementServiceImpl.java,c0027dd99f1f75d65437d130a3b0def9d3912619384665b5bb59a11d70bb8330,0
3552563546,8,ojp-server/src/main/java/org/openjproxy/grpc/server/StatementServiceImpl.java,c0027dd99f1f75d65437d130a3b0def9d3912619384665b5bb59a11d70bb8330,0
3552563546,9,ojp-server/src/main/java/org/openjproxy/grpc/server/StatementServiceImpl.java,c0027dd99f1f75d65437d130a3b0def9d3912619384665b5bb59a11d70bb8330,0
3552563546,10,ojp-server/src/main/java/org/openjproxy/grpc/server/StatementServiceImpl.java,c0027dd99f1f75d65437d130a3b0def9d3912619384665b5bb59a11d70bb8330,0
3552563546,11,ojp-server/src/main/java/org/openjproxy/grpc/server/StatementServiceImpl.java,c0027dd99f1f75d65437d130a3b0def9d3912619384665b5bb59a11d70bb8330,0
3552563546,12,ojp-server/src/main/java/org/openjproxy/grpc/server/StatementServiceImpl.java,c0027dd99f1f75d65437d130a3b0def9d3912619384665b5bb59a11d70bb8330,0
3552563546,13,ojp-server/src/main/java/org/openjproxy/grpc/server/StatementServiceImpl.java,c0027dd99f1f75d65437d130a3b0def9d3912619384665b5bb59a11d70bb8330,0
3552563546,14,ojp-server/src/main/java/org/openjproxy/grpc/server/StatementServiceImpl.java,c0027dd99f1f75d65437d130a3b0def9d3912619384665b5bb59a11d70bb8330,0
3552563546,15,ojp-server/src/main/java/org/openjproxy/grpc/server/StatementServiceImpl.java,c0027dd99f1f75d65437d130a3b0def9d3912619384665b5bb59a11d70bb8330,0
3552563546,16,ojp-server/src/main/java/org/openjproxy/grpc/server/StatementServiceImpl.java,d388f34b33e84eaa93abe9f21cf34e309da87b6873d0fb4caec080473c59725e,0
3552563546,16,ojp-server/src/main/java/org/openjproxy/grpc/server/xa/XADataSourceFactory.java,c790ac2b6f22990fcec397e598890452994af64e8de8910f2145159c332bab70,0
3552563546,17,ojp-server/src/main/java/org/openjproxy/grpc/server/StatementServiceImpl.java,d388f34b33e84eaa93abe9f21cf34e309da87b6873d0fb4caec080473c59725e,0
3552563546,17,ojp-server/src/main/java/org/openjproxy/grpc/server/xa/XADataSourceFactory.java,c790ac2b6f22990fcec397e598890452994af64e8de8910f2145159c332bab70,0
3552563546,18,ojp-server/src/main/java/org/openjproxy/grpc/server/StatementServiceImpl.java,d388f34b33e84eaa93abe9f21cf34e309da87b6873d0fb4caec080473c59725e,0
3552563546,18,ojp-server/src/main/java/org/openjproxy/grpc/server/xa/XADataSourceFactory.java,0c8abf58d4837182f92e4b1cddc4827d6a100fb1b44f2d9932f90738e9a28ca6,0
3552563546,19,ojp-server/src/main/java/org/openjproxy/grpc/server/StatementServiceImpl.java,d388f34b33e84eaa93abe9f21cf34e309da87b6873d0fb4caec080473c59725e,0
3552563546,19,ojp-server/src/main/java/org/openjproxy/grpc/server/xa/XADataSourceFactory.java,81a23260ada262a0d4a67ed32880467918a34e21f3ca70a009bdd49d631b8632,0
3552563546,20,ojp-server/src/main/java/org/openjproxy/grpc/server/StatementServiceImpl.java,dbfea21f0df9a2c160eae81b356cd687a8f1ec1a829642713e99a961a8e726c1,0
3552563546,20,ojp-server/src/main/java/org/openjproxy/grpc/server/xa/XADataSourceFactory.java,08561faa917254cb21915920a07e93308c2e4315d7be5978ef940e94171a844e,0
3552563546,21,ojp-server/src/main/java/org/openjproxy/grpc/server/StatementServiceImpl.java,5cbac60f52c3f325a091f5f33abeb7017a48bdff60ce261e173d58ae593455de,0
3552563546,21,ojp-server/src/main/java/org/openjproxy/grpc/server/xa/XADataSourceFactory.java,08561faa917254cb21915920a07e93308c2e4315d7be5978ef940e94171a844e,0
3552563546,22,ojp-server/src/main/java/org/openjproxy/grpc/server/StatementServiceImpl.java,5cbac60f52c3f325a091f5f33abeb7017a48bdff60ce261e173d58ae593455de,0
3552563546,22,ojp-server/src/main/java/org/openjproxy/grpc/server/xa/XADataSourceFactory.java,08561faa917254cb21915920a07e93308c2e4315d7be5978ef940e94171a844e,0
3552563546,23,ojp-server/src/main/java/org/openjproxy/grpc/server/StatementServiceImpl.java,5cbac60f52c3f325a091f5f33abeb7017a48bdff60ce261e173d58ae593455de,0
3552563546,23,ojp-server/src/main/java/org/openjproxy/grpc/server/xa/XADataSourceFactory.java,08561faa917254cb21915920a07e93308c2e4315d7be5978ef940e94171a844e,0
3552563546,24,ojp-server/src/main/java/org/openjproxy/grpc/server/StatementServiceImpl.java,5cbac60f52c3f325a091f5f33abeb7017a48bdff60ce261e173d58ae593455de,0
3552563546,24,ojp-server/src/main/java/org/openjproxy/grpc/server/xa/XADataSourceFactory.java,08561faa917254cb21915920a07e93308c2e4315d7be5978ef940e94171a844e,0
3552563546,25,ojp-server/src/main/java/org/openjproxy/grpc/server/StatementServiceImpl.java,5cbac60f52c3f325a091f5f33abeb7017a48bdff60ce261e173d58ae593455de,0
3552563546,25,ojp-server/src/main/java/org/openjproxy/grpc/server/xa/XADataSourceFactory.java,08561faa917254cb21915920a07e93308c2e4315d7be5978ef940e94171a844e,0
3552563546,26,ojp-server/src/main/java/org/openjproxy/grpc/server/StatementServiceImpl.java,5cbac60f52c3f325a091f5f33abeb7017a48bdff60ce261e173d58ae593455de,0
3552563546,26,ojp-server/src/main/java/org/openjproxy/grpc/server/xa/XADataSourceFactory.java,08561faa917254cb21915920a07e93308c2e4315d7be5978ef940e94171a844e,0
3552563546,27,ojp-server/src/main/java/org/openjproxy/grpc/server/StatementServiceImpl.java,5cbac60f52c3f325a091f5f33abeb7017a48bdff60ce261e173d58ae593455de,0
3552563546,27,ojp-server/src/main/java/org/openjproxy/grpc/server/xa/XADataSourceFactory.java,08561faa917254cb21915920a07e93308c2e4315d7be5978ef940e94171a844e,0
3552563546,28,ojp-server/src/main/java/org/openjproxy/grpc/server/StatementServiceImpl.java,5cbac60f52c3f325a091f5f33abeb7017a48bdff60ce261e173d58ae593455de,0
3552563546,28,ojp-server/src/main/java/org/openjproxy/grpc/server/xa/XADataSourceFactory.java,08561faa917254cb21915920a07e93308c2e4315d7be5978ef940e94171a844e,0
3759155187,0,ime/app/src/main/java/com/anysoftkeyboard/utils/IMEUtil.java,1aa6ed16f2f09e6f266956d7f378dcc8c7a31fce95ea5ffa815ca864176063e6,0
3759155187,1,ime/app/src/main/java/com/anysoftkeyboard/utils/IMEUtil.java,6689a5bfad89dcbf0ba0c0ae9c93169af84f05c18b40f8e8ebb2793dff087829,0
3759155187,2,ime/app/src/main/java/com/anysoftkeyboard/utils/IMEUtil.java,99766883a5609688a30aaf59d5cb29c4ecd4921d78bfe9994af9749d3e1349a3,0
3759155187,3,ime/app/src/main/java/com/anysoftkeyboard/utils/IMEUtil.java,99766883a5609688a30aaf59d5cb29c4ecd4921d78bfe9994af9749d3e1349a3,0
3761767355,0,vm/ByteCodeTranslator/src/com/codename1/tools/translator/ByteCodeClass.java,a661d177773b3ecf667df6818bf16233e69b25822657e5473144f777ec126f0b,0
3761767355,0,vm/ByteCodeTranslator/src/com/codename1/tools/translator/ByteCodeField.java,77e5eb2ee576ba8c6e4c8a16c81fbe7415ed0a4472cd109521a5eedb0f22ec54,0
3761767355,1,vm/ByteCodeTranslator/src/com/codename1/tools/translator/ByteCodeClass.java,2675d5aa5d66efb9241f6fea665681e866fdfc58ff4fd65d500f0bb70d27390d,0
3761767355,1,vm/ByteCodeTranslator/src/com/codename1/tools/translator/ByteCodeField.java,19180e0cac9e7fa92bd41dc970d356e642a05746a82bb5f301a69a2904df1893,0
3761767355,2,vm/ByteCodeTranslator/src/com/codename1/tools/translator/ByteCodeClass.java,68270b6a2d975d950a432f62bd7e96854e9e1899ca0b54e12711017a1a4152e5,0
3761767355,2,vm/ByteCodeTranslator/src/com/codename1/tools/translator/ByteCodeField.java,19180e0cac9e7fa92bd41dc970d356e642a05746a82bb5f301a69a2904df1893,0
3654992141,0,plugin/src/main/java/net/dzikoysk/funnyguilds/config/PluginConfiguration.java,4f0318304905c9f1219ac1dc08477948ea76649937eff417945a51ccccf4e43e,0
3654992141,0,plugin/src/main/java/net/dzikoysk/funnyguilds/damage/DamageState.java,07ec649f4954499d6325dcde40b4af80df9ee4735039045fb6057c1344864756,0
3654992141,0,plugin/src/main/java/net/dzikoysk/funnyguilds/listener/PlayerDeath.java,0438c358f35a65176865f5e1b45375f2c38e592685754f2d6b63e812b1e90bd4,0
3654992141,1,plugin/src/main/java/net/dzikoysk/funnyguilds/config/PluginConfiguration.java,4f0318304905c9f1219ac1dc08477948ea76649937eff417945a51ccccf4e43e,0
3654992141,1,plugin/src/main/java/net/dzikoysk/funnyguilds/damage/DamageState.java,07ec649f4954499d6325dcde40b4af80df9ee4735039045fb6057c1344864756,0
3654992141,1,plugin/src/main/java/net/dzikoysk/funnyguilds/listener/PlayerDeath.java,0438c358f35a65176865f5e1b45375f2c38e592685754f2d6b63e812b1e90bd4,0
3654992141,2,plugin/src/main/java/net/dzikoysk/funnyguilds/config/PluginConfiguration.java,4f0318304905c9f1219ac1dc08477948ea76649937eff417945a51ccccf4e43e,0
3654992141,2,plugin/src/main/java/net/dzikoysk/funnyguilds/damage/DamageState.java,6e034e5b215a45c8edbc5582a95e251df4e75f096169734679df24f091556d25,0
3654992141,2,plugin/src/main/java/net/dzikoysk/funnyguilds/listener/PlayerDeath.java,28069fae6beed7f2ae735ac259c63c3845f14d4aa47c522c717cb251888522f8,0
3654992141,3,plugin/src/main/java/net/dzikoysk/funnyguilds/config/PluginConfiguration.java,cb96bfc6a6b4c2408db34edbf2e412b61c32949387535451f04b9c18760a5178,0
3654992141,3,plugin/src/main/java/net/dzikoysk/funnyguilds/damage/DamageState.java,b0cb80d984162b11d55b84c9e99feafd04709c5c383588ed0c4e97f3c8c1afde,0
3654992141,3,plugin/src/main/java/net/dzikoysk/funnyguilds/listener/PlayerDeath.java,3a84c79c340e9e69cdb35f74459762fff2620a5b2aeb9696859bd1c6d3588ef4,0
4073619725,0,src/main/java/com/shaft/driver/internal/DriverFactory/OptionsManager.java,6cdbbaa2a1b423a3cb8725dd7ce35a9f617c440a09caa144c07f5538222847f9,0
4073619725,0,src/main/java/com/shaft/driver/internal/DriverFactory/SynchronizationManager.java,750c10b81d06f768c19f1be68e75637428fa198f79c950eb7f66e3e1c01257bf,0
4073619725,0,src/main/java/com/shaft/gui/browser/internal/JavaScriptWaitManager.java,1a04bd8b487cd769b6939a4da5f6689402af244c8446ad4f1361270757bc586f,0
4073619725,0,src/main/java/com/shaft/gui/element/internal/Actions.java,254a61674e345584233bf72e50e1da93eebdad1992eb1612fdf2270e72bce99b,0
4073619725,0,src/main/java/com/shaft/gui/internal/image/AnimatedGifManager.java,c9e8a2e8af0bd192bbb40d12c9deaa906136eb0048c7bbfb569802e5f7665c5a,0
4073619725,0,src/main/java/com/shaft/gui/internal/image/ScreenshotHelper.java,5bc58f59eb13c03e1c000ea1167c20a3d8d83ce5307e68e6d39072949ec54baf,0
4073619725,0,src/main/java/com/shaft/gui/internal/image/ScreenshotManager.java,a9efa4a8692b7b6528635dac06ef65eae4c28fb0383534aa787fdf192456811d,0
4073619725,0,src/main/java/com/shaft/listeners/internal/UpdateChecker.java,ecb9a6b876962108925c1cf2851729b130f796cf18f71809b108fd8d71c677d5,0
4073619725,0,src/main/java/com/shaft/performance/internal/LightHouseGenerateReport.java,6e2ab74d94dff9649e32a2123c75b121e477b890c0775dee822714e64c9491cb,0
4073619725,0,src/main/java/com/shaft/properties/internal/PropertiesHelper.java,2b3af62267765e186062cb29e29cee71e7536bb665b224007da88c2c64b25a8d,0
4073619725,0,src/main/java/com/shaft/tools/internal/support/PerformanceReportHTMLHelper.java,28f4a7fa732ec054321563239a84431ba3795b3b69440639e1abd92cfc4b0e04,0
4073619725,0,src/main/java/com/shaft/tools/internal/tms/XrayIntegrationHelper.java,bb61fe192c7c833e730088f7c8ec658b2666521fef0bcfa71b69ca9ca88ba108,0
4073619725,0,src/main/java/com/shaft/tools/io/ExcelFileManager.java,21bc8b8b9e1f958404ac6c76157e0344f3aecdba233411144b18588b6d8e9b6a,0
4073619725,0,src/main/java/com/shaft/tools/io/internal/ApiPerformanceExecutionReport.java,a320357723a9657da29b7367981731ebd8d6decaa7da289d6ddee362954b316d,0
4073619725,0,src/main/java/com/shaft/tools/io/internal/ExecutionSummaryReport.java,7a17bac95d6d8255ab9c93b729701c0e716c77067cc8d623fda4730d29f14447,0
4073619725,0,src/main/java/com/shaft/tools/io/internal/ReportHelper.java,2413d7af3d1f4a0c06a9332156c9b608a6a185966edc38e6e427b964709f423d,0
4073619725,0,src/main/java/com/shaft/tools/io/internal/ReportManagerHelper.java,3a327602a26582af6d49031f55b8d026199359053be8b30a0e7f7892cfd6cb4b,0
4073619725,0,src/main/java/com/shaft/validation/accessibility/AccessibilityHelper.java,275997781105f4ca5873cdb42a7ba25d37f99f60041109ae331c9525d9191349,0
4073619725,1,src/main/java/com/shaft/driver/internal/DriverFactory/OptionsManager.java,6cdbbaa2a1b423a3cb8725dd7ce35a9f617c440a09caa144c07f5538222847f9,0
4073619725,1,src/main/java/com/shaft/driver/internal/DriverFactory/SynchronizationManager.java,750c10b81d06f768c19f1be68e75637428fa198f79c950eb7f66e3e1c01257bf,0
4073619725,1,src/main/java/com/shaft/gui/browser/internal/JavaScriptWaitManager.java,1a04bd8b487cd769b6939a4da5f6689402af244c8446ad4f1361270757bc586f,0
4073619725,1,src/main/java/com/shaft/gui/element/internal/Actions.java,254a61674e345584233bf72e50e1da93eebdad1992eb1612fdf2270e72bce99b,0
4073619725,1,src/main/java/com/shaft/gui/internal/image/AnimatedGifManager.java,c9e8a2e8af0bd192bbb40d12c9deaa906136eb0048c7bbfb569802e5f7665c5a,0
4073619725,1,src/main/java/com/shaft/gui/internal/image/ScreenshotHelper.java,5bc58f59eb13c03e1c000ea1167c20a3d8d83ce5307e68e6d39072949ec54baf,0
4073619725,1,src/main/java/com/shaft/gui/internal/image/ScreenshotManager.java,a9efa4a8692b7b6528635dac06ef65eae4c28fb0383534aa787fdf192456811d,0
4073619725,1,src/main/java/com/shaft/listeners/internal/UpdateChecker.java,ecb9a6b876962108925c1cf2851729b130f796cf18f71809b108fd8d71c677d5,0
4073619725,1,src/main/java/com/shaft/performance/internal/LightHouseGenerateReport.java,6e2ab74d94dff9649e32a2123c75b121e477b890c0775dee822714e64c9491cb,0
4073619725,1,src/main/java/com/shaft/properties/internal/PropertiesHelper.java,2b3af62267765e186062cb29e29cee71e7536bb665b224007da88c2c64b25a8d,0
4073619725,1,src/main/java/com/shaft/tools/internal/support/PerformanceReportHTMLHelper.java,28f4a7fa732ec054321563239a84431ba3795b3b69440639e1abd92cfc4b0e04,0
4073619725,1,src/main/java/com/shaft/tools/internal/tms/XrayIntegrationHelper.java,bb61fe192c7c833e730088f7c8ec658b2666521fef0bcfa71b69ca9ca88ba108,0
4073619725,1,src/main/java/com/shaft/tools/io/ExcelFileManager.java,21bc8b8b9e1f958404ac6c76157e0344f3aecdba233411144b18588b6d8e9b6a,0
4073619725,1,src/main/java/com/shaft/tools/io/internal/ApiPerformanceExecutionReport.java,a320357723a9657da29b7367981731ebd8d6decaa7da289d6ddee362954b316d,0
4073619725,1,src/main/java/com/shaft/tools/io/internal/ExecutionSummaryReport.java,7a17bac95d6d8255ab9c93b729701c0e716c77067cc8d623fda4730d29f14447,0
4073619725,1,src/main/java/com/shaft/tools/io/internal/ReportHelper.java,2413d7af3d1f4a0c06a9332156c9b608a6a185966edc38e6e427b964709f423d,0
4073619725,1,src/main/java/com/shaft/tools/io/internal/ReportManagerHelper.java,3a327602a26582af6d49031f55b8d026199359053be8b30a0e7f7892cfd6cb4b,0
4073619725,1,src/main/java/com/shaft/validation/accessibility/AccessibilityHelper.java,275997781105f4ca5873cdb42a7ba25d37f99f60041109ae331c9525d9191349,0
4073619725,2,src/main/java/com/shaft/driver/internal/DriverFactory/OptionsManager.java,6cdbbaa2a1b423a3cb8725dd7ce35a9f617c440a09caa144c07f5538222847f9,0
4073619725,2,src/main/java/com/shaft/driver/internal/DriverFactory/SynchronizationManager.java,750c10b81d06f768c19f1be68e75637428fa198f79c950eb7f66e3e1c01257bf,0
4073619725,2,src/main/java/com/shaft/gui/browser/internal/JavaScriptWaitManager.java,1a04bd8b487cd769b6939a4da5f6689402af244c8446ad4f1361270757bc586f,0
4073619725,2,src/main/java/com/shaft/gui/element/internal/Actions.java,32d310a6059fba33211dc0d7e75fa57408bf80fd08567fb22bf826264aed8328,0
4073619725,2,src/main/java/com/shaft/gui/internal/image/AnimatedGifManager.java,e322aefca8bedda1899c505a904286a45527730c3a4268d1981b92e5c1cb918d,0
4073619725,2,src/main/java/com/shaft/gui/internal/image/ScreenshotHelper.java,5bc58f59eb13c03e1c000ea1167c20a3d8d83ce5307e68e6d39072949ec54baf,0
4073619725,2,src/main/java/com/shaft/gui/internal/image/ScreenshotManager.java,ef120a8b6a2d7acb8b87e85694109ef5a47276deec7515d9d60b4844f830ffee,0
4073619725,2,src/main/java/com/shaft/listeners/internal/UpdateChecker.java,0cd57e2a7d325f54f46f748dd14e421cf0fb0f382a4871b24c85d35bfb5bc007,0
4073619725,2,src/main/java/com/shaft/performance/internal/LightHouseGenerateReport.java,e2d7999374beb62e5c604450f2ee17243c2a1defd0efe8d53a2449e4d7a24628,0
4073619725,2,src/main/java/com/shaft/properties/internal/PropertiesHelper.java,2b3af62267765e186062cb29e29cee71e7536bb665b224007da88c2c64b25a8d,0
4073619725,2,src/main/java/com/shaft/tools/internal/support/PerformanceReportHTMLHelper.java,04951943b0d0eb1136eb79355ccfa675a3db5170a714fc53e9d58e9fc871b733,0
4073619725,2,src/main/java/com/shaft/tools/internal/tms/XrayIntegrationHelper.java,3257892fc6ae9ff7023d63ebf645b0ec82a45691e2404d75a3dd2105a8996430,0
4073619725,2,src/main/java/com/shaft/tools/io/ExcelFileManager.java,9cea11b50d9bab0e51115e295a8f6ab417ba59626ec8a7d44a7fca49b3fff074,0
4073619725,2,src/main/java/com/shaft/tools/io/internal/ApiPerformanceExecutionReport.java,ee258e76c2708ee43d9ed528ae0d95622eba4f6569f4ad59aa2747fada576041,0
4073619725,2,src/main/java/com/shaft/tools/io/internal/ExecutionSummaryReport.java,fc5bcbf42e22652bccc01eab07c43add2b23be66c56aa26d2285b82e61cdcf09,0
4073619725,2,src/main/java/com/shaft/tools/io/internal/ReportHelper.java,2a3bb12f717d439545ef40cb665274344fd1fb122ca20c6025a1edd4296110f8,0
4073619725,2,src/main/java/com/shaft/tools/io/internal/ReportManagerHelper.java,16eb187f1047ce8c927d5d0ef6f5cfaeefb1b95704a17bc29e3eebe1ab5cbe3c,0
4073619725,2,src/main/java/com/shaft/validation/accessibility/AccessibilityHelper.java,2ec3a8e283449029e1fcb5e07267be82dfeec23180ebddb49b623f9a049126cc,0
4073619725,3,src/main/java/com/shaft/driver/internal/DriverFactory/OptionsManager.java,6cdbbaa2a1b423a3cb8725dd7ce35a9f617c440a09caa144c07f5538222847f9,0
4073619725,3,src/main/java/com/shaft/driver/internal/DriverFactory/SynchronizationManager.java,750c10b81d06f768c19f1be68e75637428fa198f79c950eb7f66e3e1c01257bf,0
4073619725,3,src/main/java/com/shaft/gui/browser/internal/JavaScriptWaitManager.java,1a04bd8b487cd769b6939a4da5f6689402af244c8446ad4f1361270757bc586f,0
4073619725,3,src/main/java/com/shaft/gui/element/internal/Actions.java,32d310a6059fba33211dc0d7e75fa57408bf80fd08567fb22bf826264aed8328,0
4073619725,3,src/main/java/com/shaft/gui/internal/image/AnimatedGifManager.java,e322aefca8bedda1899c505a904286a45527730c3a4268d1981b92e5c1cb918d,0
4073619725,3,src/main/java/com/shaft/gui/internal/image/ScreenshotHelper.java,5bc58f59eb13c03e1c000ea1167c20a3d8d83ce5307e68e6d39072949ec54baf,0
4073619725,3,src/main/java/com/shaft/gui/internal/image/ScreenshotManager.java,ef120a8b6a2d7acb8b87e85694109ef5a47276deec7515d9d60b4844f830ffee,0
4073619725,3,src/main/java/com/shaft/listeners/internal/UpdateChecker.java,0cd57e2a7d325f54f46f748dd14e421cf0fb0f382a4871b24c85d35bfb5bc007,0
4073619725,3,src/main/java/com/shaft/performance/internal/LightHouseGenerateReport.java,e2d7999374beb62e5c604450f2ee17243c2a1defd0efe8d53a2449e4d7a24628,0
4073619725,3,src/main/java/com/shaft/properties/internal/PropertiesHelper.java,2b3af62267765e186062cb29e29cee71e7536bb665b224007da88c2c64b25a8d,0
4073619725,3,src/main/java/com/shaft/tools/internal/support/PerformanceReportHTMLHelper.java,04951943b0d0eb1136eb79355ccfa675a3db5170a714fc53e9d58e9fc871b733,0
4073619725,3,src/main/java/com/shaft/tools/internal/tms/XrayIntegrationHelper.java,3257892fc6ae9ff7023d63ebf645b0ec82a45691e2404d75a3dd2105a8996430,0
4073619725,3,src/main/java/com/shaft/tools/io/ExcelFileManager.java,9cea11b50d9bab0e51115e295a8f6ab417ba59626ec8a7d44a7fca49b3fff074,0
4073619725,3,src/main/java/com/shaft/tools/io/internal/ApiPerformanceExecutionReport.java,ee258e76c2708ee43d9ed528ae0d95622eba4f6569f4ad59aa2747fada576041,0
4073619725,3,src/main/java/com/shaft/tools/io/internal/ExecutionSummaryReport.java,fc5bcbf42e22652bccc01eab07c43add2b23be66c56aa26d2285b82e61cdcf09,0
4073619725,3,src/main/java/com/shaft/tools/io/internal/ReportHelper.java,2a3bb12f717d439545ef40cb665274344fd1fb122ca20c6025a1edd4296110f8,0
4073619725,3,src/main/java/com/shaft/tools/io/internal/ReportManagerHelper.java,96878a99c60de19ee2a4b6ffb66b7940102c4a9b96fb7d29e9f592aa37462d4a,0
4073619725,3,src/main/java/com/shaft/validation/accessibility/AccessibilityHelper.java,2ec3a8e283449029e1fcb5e07267be82dfeec23180ebddb49b623f9a049126cc,0
4073619725,4,src/main/java/com/shaft/driver/internal/DriverFactory/OptionsManager.java,6cdbbaa2a1b423a3cb8725dd7ce35a9f617c440a09caa144c07f5538222847f9,0
4073619725,4,src/main/java/com/shaft/driver/internal/DriverFactory/SynchronizationManager.java,750c10b81d06f768c19f1be68e75637428fa198f79c950eb7f66e3e1c01257bf,0
4073619725,4,src/main/java/com/shaft/gui/browser/internal/JavaScriptWaitManager.java,1a04bd8b487cd769b6939a4da5f6689402af244c8446ad4f1361270757bc586f,0
4073619725,4,src/main/java/com/shaft/gui/element/internal/Actions.java,1070e35c736f574102abf24d097552f45928160016ff886932dd8112b898f9a1,0
4073619725,4,src/main/java/com/shaft/gui/internal/image/AnimatedGifManager.java,3892d857073817e33c02bf83156fb8f7d102193dc0a23e48c59783666b8e175e,0
4073619725,4,src/main/java/com/shaft/gui/internal/image/ScreenshotHelper.java,4e9446b95f6e009b0a9cdc63ee0cb749c55bd50a6e8d993b07bbe786382442ee,0
4073619725,4,src/main/java/com/shaft/gui/internal/image/ScreenshotManager.java,b9999652e34cbe762ed3153272e64cefb788ce2dc78b622d3d6d4350203d6469,0
4073619725,4,src/main/java/com/shaft/listeners/internal/UpdateChecker.java,0cd57e2a7d325f54f46f748dd14e421cf0fb0f382a4871b24c85d35bfb5bc007,0
4073619725,4,src/main/java/com/shaft/performance/internal/LightHouseGenerateReport.java,e2d7999374beb62e5c604450f2ee17243c2a1defd0efe8d53a2449e4d7a24628,0
4073619725,4,src/main/java/com/shaft/properties/internal/PropertiesHelper.java,2b3af62267765e186062cb29e29cee71e7536bb665b224007da88c2c64b25a8d,0
4073619725,4,src/main/java/com/shaft/tools/internal/support/PerformanceReportHTMLHelper.java,04951943b0d0eb1136eb79355ccfa675a3db5170a714fc53e9d58e9fc871b733,0
4073619725,4,src/main/java/com/shaft/tools/internal/tms/XrayIntegrationHelper.java,3257892fc6ae9ff7023d63ebf645b0ec82a45691e2404d75a3dd2105a8996430,0
4073619725,4,src/main/java/com/shaft/tools/io/ExcelFileManager.java,9cea11b50d9bab0e51115e295a8f6ab417ba59626ec8a7d44a7fca49b3fff074,0
4073619725,4,src/main/java/com/shaft/tools/io/internal/ApiPerformanceExecutionReport.java,ee258e76c2708ee43d9ed528ae0d95622eba4f6569f4ad59aa2747fada576041,0
4073619725,4,src/main/java/com/shaft/tools/io/internal/ExecutionSummaryReport.java,fc5bcbf42e22652bccc01eab07c43add2b23be66c56aa26d2285b82e61cdcf09,0
4073619725,4,src/main/java/com/shaft/tools/io/internal/ReportHelper.java,2a3bb12f717d439545ef40cb665274344fd1fb122ca20c6025a1edd4296110f8,0
4073619725,4,src/main/java/com/shaft/tools/io/internal/ReportManagerHelper.java,96878a99c60de19ee2a4b6ffb66b7940102c4a9b96fb7d29e9f592aa37462d4a,0
4073619725,4,src/main/java/com/shaft/validation/accessibility/AccessibilityHelper.java,2ec3a8e283449029e1fcb5e07267be82dfeec23180ebddb49b623f9a049126cc,0
4073619725,5,src/main/java/com/shaft/driver/internal/DriverFactory/OptionsManager.java,6cdbbaa2a1b423a3cb8725dd7ce35a9f617c440a09caa144c07f5538222847f9,0
4073619725,5,src/main/java/com/shaft/driver/internal/DriverFactory/SynchronizationManager.java,750c10b81d06f768c19f1be68e75637428fa198f79c950eb7f66e3e1c01257bf,0
4073619725,5,src/main/java/com/shaft/gui/browser/internal/JavaScriptWaitManager.java,1a04bd8b487cd769b6939a4da5f6689402af244c8446ad4f1361270757bc586f,0
4073619725,5,src/main/java/com/shaft/gui/element/internal/Actions.java,1070e35c736f574102abf24d097552f45928160016ff886932dd8112b898f9a1,0
4073619725,5,src/main/java/com/shaft/gui/internal/image/AnimatedGifManager.java,2a75954e32d07b49d1dcb94ca2c939e7c9aa8de135889b7c2b05938484466e11,0
4073619725,5,src/main/java/com/shaft/gui/internal/image/ScreenshotHelper.java,4e9446b95f6e009b0a9cdc63ee0cb749c55bd50a6e8d993b07bbe786382442ee,0
4073619725,5,src/main/java/com/shaft/gui/internal/image/ScreenshotManager.java,71090a016c9d746ceccc8d56c1a6f5bf168f48c60e39b0313671a53b13f38e80,0
4073619725,5,src/main/java/com/shaft/listeners/internal/UpdateChecker.java,0cd57e2a7d325f54f46f748dd14e421cf0fb0f382a4871b24c85d35bfb5bc007,0
4073619725,5,src/main/java/com/shaft/performance/internal/LightHouseGenerateReport.java,e2d7999374beb62e5c604450f2ee17243c2a1defd0efe8d53a2449e4d7a24628,0
4073619725,5,src/main/java/com/shaft/properties/internal/PropertiesHelper.java,2b3af62267765e186062cb29e29cee71e7536bb665b224007da88c2c64b25a8d,0
4073619725,5,src/main/java/com/shaft/tools/internal/support/PerformanceReportHTMLHelper.java,04951943b0d0eb1136eb79355ccfa675a3db5170a714fc53e9d58e9fc871b733,0
4073619725,5,src/main/java/com/shaft/tools/internal/tms/XrayIntegrationHelper.java,3257892fc6ae9ff7023d63ebf645b0ec82a45691e2404d75a3dd2105a8996430,0
4073619725,5,src/main/java/com/shaft/tools/io/ExcelFileManager.java,9cea11b50d9bab0e51115e295a8f6ab417ba59626ec8a7d44a7fca49b3fff074,0
4073619725,5,src/main/java/com/shaft/tools/io/internal/ApiPerformanceExecutionReport.java,ee258e76c2708ee43d9ed528ae0d95622eba4f6569f4ad59aa2747fada576041,0
4073619725,5,src/main/java/com/shaft/tools/io/internal/ExecutionSummaryReport.java,fc5bcbf42e22652bccc01eab07c43add2b23be66c56aa26d2285b82e61cdcf09,0
4073619725,5,src/main/java/com/shaft/tools/io/internal/ReportHelper.java,2a3bb12f717d439545ef40cb665274344fd1fb122ca20c6025a1edd4296110f8,0
4073619725,5,src/main/java/com/shaft/tools/io/internal/ReportManagerHelper.java,96878a99c60de19ee2a4b6ffb66b7940102c4a9b96fb7d29e9f592aa37462d4a,0
4073619725,5,src/main/java/com/shaft/validation/accessibility/AccessibilityHelper.java,2ec3a8e283449029e1fcb5e07267be82dfeec23180ebddb49b623f9a049126cc,0
4073619725,6,src/main/java/com/shaft/driver/internal/DriverFactory/OptionsManager.java,0bb4630abfe2527c0ac44c6a175c8f236305242449cc8611e79ecab407e7f25e,0
4073619725,6,src/main/java/com/shaft/driver/internal/DriverFactory/SynchronizationManager.java,804f19fcd00f285dae265f01ba20eb4c7c4c739123c9219181ceef4b2afb7634,0
4073619725,6,src/main/java/com/shaft/gui/browser/internal/JavaScriptWaitManager.java,7af686304fa502bc8fe3c92936b4a5f75e26dcf4c1dfe7a0a6d4eccbadc46e21,0
4073619725,6,src/main/java/com/shaft/gui/element/internal/Actions.java,1070e35c736f574102abf24d097552f45928160016ff886932dd8112b898f9a1,0
4073619725,6,src/main/java/com/shaft/gui/internal/image/AnimatedGifManager.java,2a75954e32d07b49d1dcb94ca2c939e7c9aa8de135889b7c2b05938484466e11,0
4073619725,6,src/main/java/com/shaft/gui/internal/image/ScreenshotHelper.java,4e9446b95f6e009b0a9cdc63ee0cb749c55bd50a6e8d993b07bbe786382442ee,0
4073619725,6,src/main/java/com/shaft/gui/internal/image/ScreenshotManager.java,71090a016c9d746ceccc8d56c1a6f5bf168f48c60e39b0313671a53b13f38e80,0
4073619725,6,src/main/java/com/shaft/listeners/internal/UpdateChecker.java,0cd57e2a7d325f54f46f748dd14e421cf0fb0f382a4871b24c85d35bfb5bc007,0
4073619725,6,src/main/java/com/shaft/performance/internal/LightHouseGenerateReport.java,e2d7999374beb62e5c604450f2ee17243c2a1defd0efe8d53a2449e4d7a24628,0
4073619725,6,src/main/java/com/shaft/properties/internal/PropertiesHelper.java,7243b91c4c714ccf7fb5e9a2723bc501811806a22349a6d278e4431ee499df9d,0
4073619725,6,src/main/java/com/shaft/tools/internal/support/PerformanceReportHTMLHelper.java,04951943b0d0eb1136eb79355ccfa675a3db5170a714fc53e9d58e9fc871b733,0
4073619725,6,src/main/java/com/shaft/tools/internal/tms/XrayIntegrationHelper.java,3257892fc6ae9ff7023d63ebf645b0ec82a45691e2404d75a3dd2105a8996430,0
4073619725,6,src/main/java/com/shaft/tools/io/ExcelFileManager.java,9cea11b50d9bab0e51115e295a8f6ab417ba59626ec8a7d44a7fca49b3fff074,0
4073619725,6,src/main/java/com/shaft/tools/io/internal/ApiPerformanceExecutionReport.java,ee258e76c2708ee43d9ed528ae0d95622eba4f6569f4ad59aa2747fada576041,0
4073619725,6,src/main/java/com/shaft/tools/io/internal/ExecutionSummaryReport.java,fc5bcbf42e22652bccc01eab07c43add2b23be66c56aa26d2285b82e61cdcf09,0
4073619725,6,src/main/java/com/shaft/tools/io/internal/ReportHelper.java,2a3bb12f717d439545ef40cb665274344fd1fb122ca20c6025a1edd4296110f8,0
4073619725,6,src/main/java/com/shaft/tools/io/internal/ReportManagerHelper.java,f79bb52cd867bbaeb5ed4f66aeeab833bb7fb4ac37ce8ffcf42a9e7f3ae8a193,0
4073619725,6,src/main/java/com/shaft/validation/accessibility/AccessibilityHelper.java,2ec3a8e283449029e1fcb5e07267be82dfeec23180ebddb49b623f9a049126cc,0
4073619725,7,src/main/java/com/shaft/driver/internal/DriverFactory/OptionsManager.java,0bb4630abfe2527c0ac44c6a175c8f236305242449cc8611e79ecab407e7f25e,0
4073619725,7,src/main/java/com/shaft/driver/internal/DriverFactory/SynchronizationManager.java,c1551103a2dcf03b96935873e3afccf30708c49eca8f5b1840509e62b5fbe36d,0
4073619725,7,src/main/java/com/shaft/gui/browser/internal/JavaScriptWaitManager.java,50a6ee46d629deba68a8337ae598d3a74777f1da314b943e0d136cf6d86b88a5,0
4073619725,7,src/main/java/com/shaft/gui/element/internal/Actions.java,1070e35c736f574102abf24d097552f45928160016ff886932dd8112b898f9a1,0
4073619725,7,src/main/java/com/shaft/gui/internal/image/AnimatedGifManager.java,2a75954e32d07b49d1dcb94ca2c939e7c9aa8de135889b7c2b05938484466e11,0
4073619725,7,src/main/java/com/shaft/gui/internal/image/ScreenshotHelper.java,4e9446b95f6e009b0a9cdc63ee0cb749c55bd50a6e8d993b07bbe786382442ee,0
4073619725,7,src/main/java/com/shaft/gui/internal/image/ScreenshotManager.java,71090a016c9d746ceccc8d56c1a6f5bf168f48c60e39b0313671a53b13f38e80,0
4073619725,7,src/main/java/com/shaft/listeners/internal/UpdateChecker.java,0cd57e2a7d325f54f46f748dd14e421cf0fb0f382a4871b24c85d35bfb5bc007,0
4073619725,7,src/main/java/com/shaft/performance/internal/LightHouseGenerateReport.java,e2d7999374beb62e5c604450f2ee17243c2a1defd0efe8d53a2449e4d7a24628,0
4073619725,7,src/main/java/com/shaft/properties/internal/PropertiesHelper.java,86f632cfc741db5729628181e0cbc43dc63183d0ec387b1c5b0b87c418ad8a7d,0
4073619725,7,src/main/java/com/shaft/tools/internal/support/PerformanceReportHTMLHelper.java,04951943b0d0eb1136eb79355ccfa675a3db5170a714fc53e9d58e9fc871b733,0
4073619725,7,src/main/java/com/shaft/tools/internal/tms/XrayIntegrationHelper.java,3257892fc6ae9ff7023d63ebf645b0ec82a45691e2404d75a3dd2105a8996430,0
4073619725,7,src/main/java/com/shaft/tools/io/ExcelFileManager.java,9cea11b50d9bab0e51115e295a8f6ab417ba59626ec8a7d44a7fca49b3fff074,0
4073619725,7,src/main/java/com/shaft/tools/io/internal/ApiPerformanceExecutionReport.java,ee258e76c2708ee43d9ed528ae0d95622eba4f6569f4ad59aa2747fada576041,0
4073619725,7,src/main/java/com/shaft/tools/io/internal/ExecutionSummaryReport.java,fc5bcbf42e22652bccc01eab07c43add2b23be66c56aa26d2285b82e61cdcf09,0
4073619725,7,src/main/java/com/shaft/tools/io/internal/ReportHelper.java,2a3bb12f717d439545ef40cb665274344fd1fb122ca20c6025a1edd4296110f8,0
4073619725,7,src/main/java/com/shaft/tools/io/internal/ReportManagerHelper.java,f79bb52cd867bbaeb5ed4f66aeeab833bb7fb4ac37ce8ffcf42a9e7f3ae8a193,0
4073619725,7,src/main/java/com/shaft/validation/accessibility/AccessibilityHelper.java,2ec3a8e283449029e1fcb5e07267be82dfeec23180ebddb49b623f9a049126cc,0
3749961466,0,vavr/src/main/java/io/vavr/collection/TreeSet.java,81fbfcfdd44eb59464098214ebcb84be1af78c8fe5ad2db2e6d294b50b938f03,0
3749961466,0,vavr/src/main/java/io/vavr/collection/Vector.java,ba8b0eb425aa1325f6f5d9da76111141a886835dfd5a46d69eea4bdbed3a7bf3,0
3749961466,1,vavr/src/main/java/io/vavr/collection/TreeSet.java,81fbfcfdd44eb59464098214ebcb84be1af78c8fe5ad2db2e6d294b50b938f03,0
3749961466,1,vavr/src/main/java/io/vavr/collection/Vector.java,ba8b0eb425aa1325f6f5d9da76111141a886835dfd5a46d69eea4bdbed3a7bf3,0
3749961466,2,vavr/src/main/java/io/vavr/collection/TreeSet.java,8c982765bcedb20df3e47d2818f07789b0cdc4f05a0df0042370119b8d6cca57,0
3749961466,2,vavr/src/main/java/io/vavr/collection/Vector.java,ba8b0eb425aa1325f6f5d9da76111141a886835dfd5a46d69eea4bdbed3a7bf3,0
3749961466,3,vavr/src/main/java/io/vavr/collection/TreeSet.java,8c982765bcedb20df3e47d2818f07789b0cdc4f05a0df0042370119b8d6cca57,0
3749961466,3,vavr/src/main/java/io/vavr/collection/Vector.java,9809adc2fab623b45555e37bfac03090f0e6d49ccd75b0c9abe4ccf38ccf79e8,0
3749961466,4,vavr/src/main/java/io/vavr/collection/TreeSet.java,198085d26d67cc56c4a34cb276a4553d16629b8a306222cb98ea8293b97ad6b7,0
3749961466,4,vavr/src/main/java/io/vavr/collection/Vector.java,ed67ccb5b7dbbf0c5d9889c5dcc10bfcbcf5faa3c6910148f8347468dfa987ba,0
3827869634,0,weixin-java-pay/src/main/java/com/github/binarywang/wxpay/service/WxPayService.java,e836fdced48d5b34add61a819285e07de37047a6787cedf1bc7a52eef161097e,0
3827869634,0,weixin-java-pay/src/main/java/com/github/binarywang/wxpay/service/impl/BaseWxPayServiceImpl.java,58ba8bf9ae43e5e5e8fad4254f517d789b24d2bfc92c30d08024b4de52144b54,0
3827869634,1,weixin-java-pay/src/main/java/com/github/binarywang/wxpay/service/WxPayService.java,e836fdced48d5b34add61a819285e07de37047a6787cedf1bc7a52eef161097e,0
3827869634,1,weixin-java-pay/src/main/java/com/github/binarywang/wxpay/service/impl/BaseWxPayServiceImpl.java,58ba8bf9ae43e5e5e8fad4254f517d789b24d2bfc92c30d08024b4de52144b54,0
3827869634,2,weixin-java-pay/src/main/java/com/github/binarywang/wxpay/service/WxPayService.java,c2ffb0bb126a7a44e004ee2a6e56b7960b7a197687d886824d21a961cbde1161,0
3827869634,2,weixin-java-pay/src/main/java/com/github/binarywang/wxpay/service/impl/BaseWxPayServiceImpl.java,f2f24cc56422a5f40063d47a3dd0a5498061a31fdf8bb50eafd36b6439b30d35,0
3827869634,3,weixin-java-pay/src/main/java/com/github/binarywang/wxpay/service/WxPayService.java,c2ffb0bb126a7a44e004ee2a6e56b7960b7a197687d886824d21a961cbde1161,0
3827869634,3,weixin-java-pay/src/main/java/com/github/binarywang/wxpay/service/impl/BaseWxPayServiceImpl.java,476f4c42848df9f45c1f332ab090fc51bf0408791cbfe5291acb49acc609c48e,0
3803296638,0,modules/admin/admin-impl/src/main/java/com/enonic/xp/admin/impl/portal/AdminSiteHandler.java,6821096e6028b32a9c09f58e4cbbc6a4aed7625fe73f662d92a8d5c2340121d6,0
3803296638,0,modules/admin/admin-impl/src/main/java/com/enonic/xp/admin/impl/portal/AdminToolHandler.java,bf27e72124e793e6d0bfd5f04b26db9a082b05dfe038fcb08bbb4c541878b079,0
3803296638,0,modules/admin/admin-impl/src/main/java/com/enonic/xp/admin/impl/portal/AdminToolPortalHandler.java,d809f4cea8e0e31d8df5f5e72a534714076ed56e19b65486ef1f65741446dffe,0
3803296638,0,modules/admin/admin-impl/src/main/java/com/enonic/xp/admin/impl/portal/widget/WidgetApiHandler.java,e050d41163891b289c66911f3573cca0dc0afb0b6947ecc9d386760419f3c0b5,0
3803296638,0,modules/admin/admin-impl/src/main/java/com/enonic/xp/admin/impl/portal/widget/WidgetDispatcherApiHandler.java,3671e102c3e1d850f8383a184af110e0142a92f4cc0621c968490a2ef284f41d,0
3803296638,0,modules/core/core-api/src/main/java/com/enonic/xp/site/SiteConfigs.java,901959920e6e874b48e75876cb53bdc6c23a4594a3af2b606247c2a96da03947,0
3803296638,0,modules/core/core-api/src/main/java/com/enonic/xp/trace/Tracer.java,349c55d19167210f8db604c978c6e73928403f6e7d7cce3bbd8130311d3952bc,0
3803296638,0,modules/portal/portal-api/src/main/java/com/enonic/xp/portal/PortalRequest.java,229e38bf193e695135261489d785e2f3aed4ddffd144d4ca5b75ccd4ae132c7e,0
3803296638,0,modules/portal/portal-api/src/main/java/com/enonic/xp/portal/handler/EndpointHandler.java,cf74cbc6eedc481421503c30f60e22e8d5e4ea4b34e7d419e367a3f6271fe67b,0
3803296638,0,modules/portal/portal-api/src/main/java/com/enonic/xp/portal/handler/WebHandlerHelper.java,0daa19af9374e2cb72b1797438baf98681fce5a3cb495b9aa4acaecfa86b83a2,0
3803296638,0,modules/portal/portal-impl/src/main/java/com/enonic/xp/portal/impl/PortalConfig.java,1898eb32671d3bcd5971e161fc3c08621c8635508274ae0fca991242dbf56798,0
3803296638,0,modules/portal/portal-impl/src/main/java/com/enonic/xp/portal/impl/PortalRequestHelper.java,8114bce933d8a9951cfb3fe670d7ca9ad8e76b92eb5b18b0e70eb63d62d7621d,0
3803296638,0,modules/portal/portal-impl/src/main/java/com/enonic/xp/portal/impl/app/AppPortalHandler.java,b504d77b8a90e5981c2ac19a460adf729533ca61cb3771432157f65a8984276d,0
3803296638,0,modules/portal/portal-impl/src/main/java/com/enonic/xp/portal/impl/app/WebAppHandler.java,e399a38c5be36b01456c8b5d5c405a13aa2cf54a8c7d4e8fe0804e977cab1f5c,0
3803296638,0,modules/portal/portal-impl/src/main/java/com/enonic/xp/portal/impl/exception/ExceptionRendererImpl.java,15444378398653063d7172afa000c15117b9d7983fd6552fd1e4ab0fee6a3e5a,0
3803296638,0,modules/portal/portal-impl/src/main/java/com/enonic/xp/portal/impl/handler/AbstractAttachmentHandlerWorker.java,aa969717cb1e3371dbf60a41af162bca463a9b88d46d0eed5a73c1ed72d1ed5c,0
3803296638,0,modules/portal/portal-impl/src/main/java/com/enonic/xp/portal/impl/handler/ApiDispatcher.java,ec1550a467d89e54c9066ee5543cfe287dc8e058364fc1a52f5ae3519203c007,0
3803296638,0,modules/portal/portal-impl/src/main/java/com/enonic/xp/portal/impl/handler/AssetHandler.java,9b9f62fced453134d146168058f53fb6b6a79d2b6e47fd5d1a94111181ebb7a8,0
3803296638,0,modules/portal/portal-impl/src/main/java/com/enonic/xp/portal/impl/handler/AttachmentHandler.java,032bbc4d305fc639d1c7e273d7e14fec6c9d4940f95a07071372e13b311fb12e,0
3803296638,0,modules/portal/portal-impl/src/main/java/com/enonic/xp/portal/impl/handler/ComponentHandler.java,000ad136310d38639184d527878103de5b69c1216881b01ddf87a8bd4ac02c39,0
3803296638,0,modules/portal/portal-impl/src/main/java/com/enonic/xp/portal/impl/handler/ErrorHandler.java,77c83ed883e8cac00722bc167474d59df41d21cb2ec766069b1b2d3eb4418e89,0
3803296638,0,modules/portal/portal-impl/src/main/java/com/enonic/xp/portal/impl/handler/HandlerHelper.java,8d4d12370fafd1f94a1205b659d61512f2d19588b6e59ce8f2b6c2a268eb8a27,0
3803296638,0,modules/portal/portal-impl/src/main/java/com/enonic/xp/portal/impl/handler/IdentityHandler.java,eb893f6b40dde885656f557b9078695ed0cfc73390f4468c5aeef1059b9978fc,0
3803296638,0,modules/portal/portal-impl/src/main/java/com/enonic/xp/portal/impl/handler/ImageHandler.java,66a2b90ea9399ed68fa683ac131e4fc6c6ba588c787fd587fe91d29f4849c3a8,0
3803296638,0,modules/portal/portal-impl/src/main/java/com/enonic/xp/portal/impl/handler/ServiceHandler.java,22042dd81b70f887f1a4e90291ee2b421e7f4c51d97190a015875b2ef876de3a,0
3803296638,0,modules/portal/portal-impl/src/main/java/com/enonic/xp/portal/impl/handler/SlashApiHandler.java,4a6255ba8ebd86e560aefea5c332abd03bdbcb2796966adfdac2c96aff689035,0
3803296638,0,modules/portal/portal-impl/src/main/java/com/enonic/xp/portal/impl/handler/api/ApiHandler.java,69e01b389b4513688d149a61cb473e320c3fdf9c05938c5b72e517338ffcdff3,0
3803296638,0,modules/portal/portal-impl/src/main/java/com/enonic/xp/portal/impl/handler/mapping/AttachmentServiceMappingHandler.java,7e94e4b34f8ca8e1fe2782e5504676ce5c62902df34af58ba812d0e8dda7ccdd,0
3803296638,0,modules/portal/portal-impl/src/main/java/com/enonic/xp/portal/impl/handler/mapping/ComponentServiceMappingHandler.java,eef3813ab408a610067fcf64f12c258077c81ced1d6fbeb9e31455e56e1173cd,0
3803296638,0,modules/portal/portal-impl/src/main/java/com/enonic/xp/portal/impl/handler/mapping/ImageServiceMappingHandler.java,af2068e0a4d03b5c96342611318a393d4cab73ad3dbb90a0ddeba0385b5343a4,0
3803296638,0,modules/portal/portal-impl/src/main/java/com/enonic/xp/portal/impl/handler/mapping/MappingHandlerHelper.java,cdf53a47c80e93f103e96db951e25bc2dff74959b6e1c2c49ab50d52a5797f79,0
3803296638,0,modules/portal/portal-impl/src/main/java/com/enonic/xp/portal/impl/handler/portal/SiteHandler.java,77d10abd0993800a9f1ad825cd33bbe45246f77603a072ce50eaafc4d50d7373,0
3803296638,0,modules/portal/portal-impl/src/main/java/com/enonic/xp/portal/impl/handler/render/PageHandlerWorker.java,772c35ad3e8ad4e0599785a15acfc5d8b05cd2b1e85bc6c7b3771d3065b30d5f,0
3803296638,0,modules/portal/portal-impl/src/main/java/com/enonic/xp/portal/impl/idprovider/PortalRequestAdapter.java,eb8006d707fb0f862fe124a310924b9c960d5036945ff6ceb7d6db2705d7a4e3,0
3803296638,0,modules/portal/portal-impl/src/main/java/com/enonic/xp/portal/impl/macro/EmbedIframeMacroProcessor.java,826e4f5a8b55069986b7396139bb57dc500c87dd8f96d64d26540a9a590d2da7,0
3803296638,0,modules/portal/portal-impl/src/main/java/com/enonic/xp/portal/impl/url/ContentBaseUrlResolver.java,4c0fa2cac37d6bb374886e62dc148fe395a27458ee6dccd3d5bb4eb5bd533db2,0
3803296638,0,modules/web/web-api/src/main/java/com/enonic/xp/web/HttpMethod.java,a534a4d858ccb69a284dc9879b98d8f3c49ea8d7379d7e465422dd48c2a1de89,0
3803296638,0,modules/web/web-api/src/main/java/com/enonic/xp/web/WebRequest.java,d6b352d40d30db5c8c18e0849fb29f671ff62dfa9657e84508b61d61160662e6,0
3803296638,0,modules/web/web-api/src/main/java/com/enonic/xp/web/servlet/ServletRequestUrlHelper.java,d99c88bf669c3cb606e5aa6682c7f9edc61ef1fb299ebb1ce566db942b1e8c13,0
3803296638,0,modules/web/web-impl/src/main/java/com/enonic/xp/web/impl/serializer/RequestSerializer.java,bd47a2f301466af4d98dc390ebe8ea93036e91dda50eecdc1c0d20d09c5f914c,0
3803296638,0,modules/web/web-impl/src/main/java/com/enonic/xp/web/impl/trace/TraceWebFilter.java,03f15b452d34cf803076eec7eee64becb1101815c23acab760ed68507bda69dc,0
3803296638,0,modules/web/web-vhost/src/main/java/com/enonic/xp/web/vhost/impl/VirtualHostFilter.java,77e443146d0f3af6ce63f557ddec1b450141c7d3edb7547956b77b54f0bacacd,0
3803296638,0,modules/web/web-vhost/src/main/java/com/enonic/xp/web/vhost/impl/VirtualHostInternalHelper.java,7bdedf37a0c38bcebb7a59fc2a0d7b8f40839528b42bec074aa12c13e19b8062,0
3803296638,0,modules/web/web-vhost/src/main/java/com/enonic/xp/web/vhost/impl/VirtualHostResolverImpl.java,a2d3976515ccb336e524d60acd7c102a375f9c3deaae1b612133748e197694b2,0
3803296638,1,modules/admin/admin-impl/src/main/java/com/enonic/xp/admin/impl/portal/AdminSiteHandler.java,6821096e6028b32a9c09f58e4cbbc6a4aed7625fe73f662d92a8d5c2340121d6,0
3803296638,1,modules/admin/admin-impl/src/main/java/com/enonic/xp/admin/impl/portal/AdminToolHandler.java,bf27e72124e793e6d0bfd5f04b26db9a082b05dfe038fcb08bbb4c541878b079,0
3803296638,1,modules/admin/admin-impl/src/main/java/com/enonic/xp/admin/impl/portal/AdminToolPortalHandler.java,d809f4cea8e0e31d8df5f5e72a534714076ed56e19b65486ef1f65741446dffe,0
3803296638,1,modules/admin/admin-impl/src/main/java/com/enonic/xp/admin/impl/portal/widget/WidgetApiHandler.java,e050d41163891b289c66911f3573cca0dc0afb0b6947ecc9d386760419f3c0b5,0
3803296638,1,modules/admin/admin-impl/src/main/java/com/enonic/xp/admin/impl/portal/widget/WidgetDispatcherApiHandler.java,3671e102c3e1d850f8383a184af110e0142a92f4cc0621c968490a2ef284f41d,0
3803296638,1,modules/core/core-api/src/main/java/com/enonic/xp/site/SiteConfigs.java,901959920e6e874b48e75876cb53bdc6c23a4594a3af2b606247c2a96da03947,0
3803296638,1,modules/core/core-api/src/main/java/com/enonic/xp/trace/Tracer.java,349c55d19167210f8db604c978c6e73928403f6e7d7cce3bbd8130311d3952bc,0
3803296638,1,modules/portal/portal-api/src/main/java/com/enonic/xp/portal/PortalRequest.java,229e38bf193e695135261489d785e2f3aed4ddffd144d4ca5b75ccd4ae132c7e,0
3803296638,1,modules/portal/portal-api/src/main/java/com/enonic/xp/portal/handler/EndpointHandler.java,cf74cbc6eedc481421503c30f60e22e8d5e4ea4b34e7d419e367a3f6271fe67b,0
3803296638,1,modules/portal/portal-api/src/main/java/com/enonic/xp/portal/handler/WebHandlerHelper.java,0daa19af9374e2cb72b1797438baf98681fce5a3cb495b9aa4acaecfa86b83a2,0
3803296638,1,modules/portal/portal-impl/src/main/java/com/enonic/xp/portal/impl/PortalConfig.java,1898eb32671d3bcd5971e161fc3c08621c8635508274ae0fca991242dbf56798,0
3803296638,1,modules/portal/portal-impl/src/main/java/com/enonic/xp/portal/impl/PortalRequestHelper.java,8114bce933d8a9951cfb3fe670d7ca9ad8e76b92eb5b18b0e70eb63d62d7621d,0
3803296638,1,modules/portal/portal-impl/src/main/java/com/enonic/xp/portal/impl/app/AppPortalHandler.java,b504d77b8a90e5981c2ac19a460adf729533ca61cb3771432157f65a8984276d,0
3803296638,1,modules/portal/portal-impl/src/main/java/com/enonic/xp/portal/impl/app/WebAppHandler.java,e399a38c5be36b01456c8b5d5c405a13aa2cf54a8c7d4e8fe0804e977cab1f5c,0
3803296638,1,modules/portal/portal-impl/src/main/java/com/enonic/xp/portal/impl/exception/ExceptionRendererImpl.java,15444378398653063d7172afa000c15117b9d7983fd6552fd1e4ab0fee6a3e5a,0
3803296638,1,modules/portal/portal-impl/src/main/java/com/enonic/xp/portal/impl/handler/AbstractAttachmentHandlerWorker.java,aa969717cb1e3371dbf60a41af162bca463a9b88d46d0eed5a73c1ed72d1ed5c,0
3803296638,1,modules/portal/portal-impl/src/main/java/com/enonic/xp/portal/impl/handler/ApiDispatcher.java,ec1550a467d89e54c9066ee5543cfe287dc8e058364fc1a52f5ae3519203c007,0
3803296638,1,modules/portal/portal-impl/src/main/java/com/enonic/xp/portal/impl/handler/AssetHandler.java,9b9f62fced453134d146168058f53fb6b6a79d2b6e47fd5d1a94111181ebb7a8,0
3803296638,1,modules/portal/portal-impl/src/main/java/com/enonic/xp/portal/impl/handler/AttachmentHandler.java,032bbc4d305fc639d1c7e273d7e14fec6c9d4940f95a07071372e13b311fb12e,0
3803296638,1,modules/portal/portal-impl/src/main/java/com/enonic/xp/portal/impl/handler/ComponentHandler.java,000ad136310d38639184d527878103de5b69c1216881b01ddf87a8bd4ac02c39,0
3803296638,1,modules/portal/portal-impl/src/main/java/com/enonic/xp/portal/impl/handler/ErrorHandler.java,77c83ed883e8cac00722bc167474d59df41d21cb2ec766069b1b2d3eb4418e89,0
3803296638,1,modules/portal/portal-impl/src/main/java/com/enonic/xp/portal/impl/handler/HandlerHelper.java,8d4d12370fafd1f94a1205b659d61512f2d19588b6e59ce8f2b6c2a268eb8a27,0
3803296638,1,modules/portal/portal-impl/src/main/java/com/enonic/xp/portal/impl/handler/IdentityHandler.java,eb893f6b40dde885656f557b9078695ed0cfc73390f4468c5aeef1059b9978fc,0
3803296638,1,modules/portal/portal-impl/src/main/java/com/enonic/xp/portal/impl/handler/ImageHandler.java,66a2b90ea9399ed68fa683ac131e4fc6c6ba588c787fd587fe91d29f4849c3a8,0
3803296638,1,modules/portal/portal-impl/src/main/java/com/enonic/xp/portal/impl/handler/ServiceHandler.java,22042dd81b70f887f1a4e90291ee2b421e7f4c51d97190a015875b2ef876de3a,0
3803296638,1,modules/portal/portal-impl/src/main/java/com/enonic/xp/portal/impl/handler/SlashApiHandler.java,4a6255ba8ebd86e560aefea5c332abd03bdbcb2796966adfdac2c96aff689035,0
3803296638,1,modules/portal/portal-impl/src/main/java/com/enonic/xp/portal/impl/handler/api/ApiHandler.java,69e01b389b4513688d149a61cb473e320c3fdf9c05938c5b72e517338ffcdff3,0
3803296638,1,modules/portal/portal-impl/src/main/java/com/enonic/xp/portal/impl/handler/mapping/AttachmentServiceMappingHandler.java,7e94e4b34f8ca8e1fe2782e5504676ce5c62902df34af58ba812d0e8dda7ccdd,0
3803296638,1,modules/portal/portal-impl/src/main/java/com/enonic/xp/portal/impl/handler/mapping/ComponentServiceMappingHandler.java,eef3813ab408a610067fcf64f12c258077c81ced1d6fbeb9e31455e56e1173cd,0
3803296638,1,modules/portal/portal-impl/src/main/java/com/enonic/xp/portal/impl/handler/mapping/ImageServiceMappingHandler.java,af2068e0a4d03b5c96342611318a393d4cab73ad3dbb90a0ddeba0385b5343a4,0
3803296638,1,modules/portal/portal-impl/src/main/java/com/enonic/xp/portal/impl/handler/mapping/MappingHandlerHelper.java,cdf53a47c80e93f103e96db951e25bc2dff74959b6e1c2c49ab50d52a5797f79,0
3803296638,1,modules/portal/portal-impl/src/main/java/com/enonic/xp/portal/impl/handler/portal/SiteHandler.java,77d10abd0993800a9f1ad825cd33bbe45246f77603a072ce50eaafc4d50d7373,0
3803296638,1,modules/portal/portal-impl/src/main/java/com/enonic/xp/portal/impl/handler/render/PageHandlerWorker.java,772c35ad3e8ad4e0599785a15acfc5d8b05cd2b1e85bc6c7b3771d3065b30d5f,0
3803296638,1,modules/portal/portal-impl/src/main/java/com/enonic/xp/portal/impl/idprovider/PortalRequestAdapter.java,eb8006d707fb0f862fe124a310924b9c960d5036945ff6ceb7d6db2705d7a4e3,0
3803296638,1,modules/portal/portal-impl/src/main/java/com/enonic/xp/portal/impl/macro/EmbedIframeMacroProcessor.java,826e4f5a8b55069986b7396139bb57dc500c87dd8f96d64d26540a9a590d2da7,0
3803296638,1,modules/portal/portal-impl/src/main/java/com/enonic/xp/portal/impl/url/ContentBaseUrlResolver.java,4c0fa2cac37d6bb374886e62dc148fe395a27458ee6dccd3d5bb4eb5bd533db2,0
3803296638,1,modules/web/web-api/src/main/java/com/enonic/xp/web/HttpMethod.java,a534a4d858ccb69a284dc9879b98d8f3c49ea8d7379d7e465422dd48c2a1de89,0
3803296638,1,modules/web/web-api/src/main/java/com/enonic/xp/web/WebRequest.java,d6b352d40d30db5c8c18e0849fb29f671ff62dfa9657e84508b61d61160662e6,0
3803296638,1,modules/web/web-api/src/main/java/com/enonic/xp/web/servlet/ServletRequestUrlHelper.java,d99c88bf669c3cb606e5aa6682c7f9edc61ef1fb299ebb1ce566db942b1e8c13,0
3803296638,1,modules/web/web-impl/src/main/java/com/enonic/xp/web/impl/serializer/RequestSerializer.java,bd47a2f301466af4d98dc390ebe8ea93036e91dda50eecdc1c0d20d09c5f914c,0
3803296638,1,modules/web/web-impl/src/main/java/com/enonic/xp/web/impl/trace/TraceWebFilter.java,03f15b452d34cf803076eec7eee64becb1101815c23acab760ed68507bda69dc,0
3803296638,1,modules/web/web-vhost/src/main/java/com/enonic/xp/web/vhost/impl/VirtualHostFilter.java,77e443146d0f3af6ce63f557ddec1b450141c7d3edb7547956b77b54f0bacacd,0
3803296638,1,modules/web/web-vhost/src/main/java/com/enonic/xp/web/vhost/impl/VirtualHostInternalHelper.java,7bdedf37a0c38bcebb7a59fc2a0d7b8f40839528b42bec074aa12c13e19b8062,0
3803296638,1,modules/web/web-vhost/src/main/java/com/enonic/xp/web/vhost/impl/VirtualHostResolverImpl.java,a2d3976515ccb336e524d60acd7c102a375f9c3deaae1b612133748e197694b2,0
3803296638,2,modules/admin/admin-impl/src/main/java/com/enonic/xp/admin/impl/portal/AdminSiteHandler.java,6821096e6028b32a9c09f58e4cbbc6a4aed7625fe73f662d92a8d5c2340121d6,0
3803296638,2,modules/admin/admin-impl/src/main/java/com/enonic/xp/admin/impl/portal/AdminToolHandler.java,bf27e72124e793e6d0bfd5f04b26db9a082b05dfe038fcb08bbb4c541878b079,0
3803296638,2,modules/admin/admin-impl/src/main/java/com/enonic/xp/admin/impl/portal/AdminToolPortalHandler.java,d809f4cea8e0e31d8df5f5e72a534714076ed56e19b65486ef1f65741446dffe,0
3803296638,2,modules/admin/admin-impl/src/main/java/com/enonic/xp/admin/impl/portal/widget/WidgetApiHandler.java,e050d41163891b289c66911f3573cca0dc0afb0b6947ecc9d386760419f3c0b5,0
3803296638,2,modules/admin/admin-impl/src/main/java/com/enonic/xp/admin/impl/portal/widget/WidgetDispatcherApiHandler.java,3671e102c3e1d850f8383a184af110e0142a92f4cc0621c968490a2ef284f41d,0
3803296638,2,modules/core/core-api/src/main/java/com/enonic/xp/site/SiteConfigs.java,901959920e6e874b48e75876cb53bdc6c23a4594a3af2b606247c2a96da03947,0
3803296638,2,modules/core/core-api/src/main/java/com/enonic/xp/trace/Tracer.java,349c55d19167210f8db604c978c6e73928403f6e7d7cce3bbd8130311d3952bc,0
3803296638,2,modules/portal/portal-api/src/main/java/com/enonic/xp/portal/PortalRequest.java,229e38bf193e695135261489d785e2f3aed4ddffd144d4ca5b75ccd4ae132c7e,0
3803296638,2,modules/portal/portal-api/src/main/java/com/enonic/xp/portal/handler/EndpointHandler.java,cf74cbc6eedc481421503c30f60e22e8d5e4ea4b34e7d419e367a3f6271fe67b,0
3803296638,2,modules/portal/portal-api/src/main/java/com/enonic/xp/portal/handler/WebHandlerHelper.java,0daa19af9374e2cb72b1797438baf98681fce5a3cb495b9aa4acaecfa86b83a2,0
3803296638,2,modules/portal/portal-impl/src/main/java/com/enonic/xp/portal/impl/PortalConfig.java,1898eb32671d3bcd5971e161fc3c08621c8635508274ae0fca991242dbf56798,0
3803296638,2,modules/portal/portal-impl/src/main/java/com/enonic/xp/portal/impl/PortalRequestHelper.java,8114bce933d8a9951cfb3fe670d7ca9ad8e76b92eb5b18b0e70eb63d62d7621d,0
3803296638,2,modules/portal/portal-impl/src/main/java/com/enonic/xp/portal/impl/app/AppPortalHandler.java,b504d77b8a90e5981c2ac19a460adf729533ca61cb3771432157f65a8984276d,0
3803296638,2,modules/portal/portal-impl/src/main/java/com/enonic/xp/portal/impl/app/WebAppHandler.java,02b71575f8c89d81a5b39edd8cadab06b423812e5ee86007e5b42c049a9f7246,0
3803296638,2,modules/portal/portal-impl/src/main/java/com/enonic/xp/portal/impl/exception/ExceptionRendererImpl.java,15444378398653063d7172afa000c15117b9d7983fd6552fd1e4ab0fee6a3e5a,0
3803296638,2,modules/portal/portal-impl/src/main/java/com/enonic/xp/portal/impl/handler/AbstractAttachmentHandlerWorker.java,aa969717cb1e3371dbf60a41af162bca463a9b88d46d0eed5a73c1ed72d1ed5c,0
3803296638,2,modules/portal/portal-impl/src/main/java/com/enonic/xp/portal/impl/handler/ApiDispatcher.java,ec1550a467d89e54c9066ee5543cfe287dc8e058364fc1a52f5ae3519203c007,0
3803296638,2,modules/portal/portal-impl/src/main/java/com/enonic/xp/portal/impl/handler/AssetHandler.java,9b9f62fced453134d146168058f53fb6b6a79d2b6e47fd5d1a94111181ebb7a8,0
3803296638,2,modules/portal/portal-impl/src/main/java/com/enonic/xp/portal/impl/handler/AttachmentHandler.java,032bbc4d305fc639d1c7e273d7e14fec6c9d4940f95a07071372e13b311fb12e,0
3803296638,2,modules/portal/portal-impl/src/main/java/com/enonic/xp/portal/impl/handler/ComponentHandler.java,000ad136310d38639184d527878103de5b69c1216881b01ddf87a8bd4ac02c39,0
3803296638,2,modules/portal/portal-impl/src/main/java/com/enonic/xp/portal/impl/handler/ErrorHandler.java,77c83ed883e8cac00722bc167474d59df41d21cb2ec766069b1b2d3eb4418e89,0
3803296638,2,modules/portal/portal-impl/src/main/java/com/enonic/xp/portal/impl/handler/HandlerHelper.java,8d4d12370fafd1f94a1205b659d61512f2d19588b6e59ce8f2b6c2a268eb8a27,0
3803296638,2,modules/portal/portal-impl/src/main/java/com/enonic/xp/portal/impl/handler/IdentityHandler.java,eb893f6b40dde885656f557b9078695ed0cfc73390f4468c5aeef1059b9978fc,0
3803296638,2,modules/portal/portal-impl/src/main/java/com/enonic/xp/portal/impl/handler/ImageHandler.java,66a2b90ea9399ed68fa683ac131e4fc6c6ba588c787fd587fe91d29f4849c3a8,0
3803296638,2,modules/portal/portal-impl/src/main/java/com/enonic/xp/portal/impl/handler/ServiceHandler.java,22042dd81b70f887f1a4e90291ee2b421e7f4c51d97190a015875b2ef876de3a,0
3803296638,2,modules/portal/portal-impl/src/main/java/com/enonic/xp/portal/impl/handler/SlashApiHandler.java,4a6255ba8ebd86e560aefea5c332abd03bdbcb2796966adfdac2c96aff689035,0
3803296638,2,modules/portal/portal-impl/src/main/java/com/enonic/xp/portal/impl/handler/api/ApiHandler.java,69e01b389b4513688d149a61cb473e320c3fdf9c05938c5b72e517338ffcdff3,0
3803296638,2,modules/portal/portal-impl/src/main/java/com/enonic/xp/portal/impl/handler/mapping/AttachmentServiceMappingHandler.java,7e94e4b34f8ca8e1fe2782e5504676ce5c62902df34af58ba812d0e8dda7ccdd,0
3803296638,2,modules/portal/portal-impl/src/main/java/com/enonic/xp/portal/impl/handler/mapping/ComponentServiceMappingHandler.java,eef3813ab408a610067fcf64f12c258077c81ced1d6fbeb9e31455e56e1173cd,0
3803296638,2,modules/portal/portal-impl/src/main/java/com/enonic/xp/portal/impl/handler/mapping/ImageServiceMappingHandler.java,af2068e0a4d03b5c96342611318a393d4cab73ad3dbb90a0ddeba0385b5343a4,0
3803296638,2,modules/portal/portal-impl/src/main/java/com/enonic/xp/portal/impl/handler/mapping/MappingHandlerHelper.java,cdf53a47c80e93f103e96db951e25bc2dff74959b6e1c2c49ab50d52a5797f79,0
3803296638,2,modules/portal/portal-impl/src/main/java/com/enonic/xp/portal/impl/handler/portal/SiteHandler.java,77d10abd0993800a9f1ad825cd33bbe45246f77603a072ce50eaafc4d50d7373,0
3803296638,2,modules/portal/portal-impl/src/main/java/com/enonic/xp/portal/impl/handler/render/PageHandlerWorker.java,772c35ad3e8ad4e0599785a15acfc5d8b05cd2b1e85bc6c7b3771d3065b30d5f,0
3803296638,2,modules/portal/portal-impl/src/main/java/com/enonic/xp/portal/impl/idprovider/PortalRequestAdapter.java,eb8006d707fb0f862fe124a310924b9c960d5036945ff6ceb7d6db2705d7a4e3,0
3803296638,2,modules/portal/portal-impl/src/main/java/com/enonic/xp/portal/impl/macro/EmbedIframeMacroProcessor.java,826e4f5a8b55069986b7396139bb57dc500c87dd8f96d64d26540a9a590d2da7,0
3803296638,2,modules/portal/portal-impl/src/main/java/com/enonic/xp/portal/impl/url/ContentBaseUrlResolver.java,4c0fa2cac37d6bb374886e62dc148fe395a27458ee6dccd3d5bb4eb5bd533db2,0
3803296638,2,modules/web/web-api/src/main/java/com/enonic/xp/web/HttpMethod.java,a534a4d858ccb69a284dc9879b98d8f3c49ea8d7379d7e465422dd48c2a1de89,0
3803296638,2,modules/web/web-api/src/main/java/com/enonic/xp/web/WebRequest.java,d6b352d40d30db5c8c18e0849fb29f671ff62dfa9657e84508b61d61160662e6,0
3803296638,2,modules/web/web-api/src/main/java/com/enonic/xp/web/servlet/ServletRequestUrlHelper.java,d99c88bf669c3cb606e5aa6682c7f9edc61ef1fb299ebb1ce566db942b1e8c13,0
3803296638,2,modules/web/web-impl/src/main/java/com/enonic/xp/web/impl/serializer/RequestSerializer.java,bd47a2f301466af4d98dc390ebe8ea93036e91dda50eecdc1c0d20d09c5f914c,0
3803296638,2,modules/web/web-impl/src/main/java/com/enonic/xp/web/impl/trace/TraceWebFilter.java,03f15b452d34cf803076eec7eee64becb1101815c23acab760ed68507bda69dc,0
3803296638,2,modules/web/web-vhost/src/main/java/com/enonic/xp/web/vhost/impl/VirtualHostFilter.java,77e443146d0f3af6ce63f557ddec1b450141c7d3edb7547956b77b54f0bacacd,0
3803296638,2,modules/web/web-vhost/src/main/java/com/enonic/xp/web/vhost/impl/VirtualHostInternalHelper.java,7bdedf37a0c38bcebb7a59fc2a0d7b8f40839528b42bec074aa12c13e19b8062,0
3803296638,2,modules/web/web-vhost/src/main/java/com/enonic/xp/web/vhost/impl/VirtualHostResolverImpl.java,a2d3976515ccb336e524d60acd7c102a375f9c3deaae1b612133748e197694b2,0
3803296638,3,modules/admin/admin-impl/src/main/java/com/enonic/xp/admin/impl/portal/AdminSiteHandler.java,6821096e6028b32a9c09f58e4cbbc6a4aed7625fe73f662d92a8d5c2340121d6,0
3803296638,3,modules/admin/admin-impl/src/main/java/com/enonic/xp/admin/impl/portal/AdminToolHandler.java,bf27e72124e793e6d0bfd5f04b26db9a082b05dfe038fcb08bbb4c541878b079,0
3803296638,3,modules/admin/admin-impl/src/main/java/com/enonic/xp/admin/impl/portal/AdminToolPortalHandler.java,d809f4cea8e0e31d8df5f5e72a534714076ed56e19b65486ef1f65741446dffe,0
3803296638,3,modules/admin/admin-impl/src/main/java/com/enonic/xp/admin/impl/portal/widget/WidgetApiHandler.java,e050d41163891b289c66911f3573cca0dc0afb0b6947ecc9d386760419f3c0b5,0
3803296638,3,modules/admin/admin-impl/src/main/java/com/enonic/xp/admin/impl/portal/widget/WidgetDispatcherApiHandler.java,3671e102c3e1d850f8383a184af110e0142a92f4cc0621c968490a2ef284f41d,0
3803296638,3,modules/core/core-api/src/main/java/com/enonic/xp/site/SiteConfigs.java,901959920e6e874b48e75876cb53bdc6c23a4594a3af2b606247c2a96da03947,0
3803296638,3,modules/core/core-api/src/main/java/com/enonic/xp/trace/Tracer.java,349c55d19167210f8db604c978c6e73928403f6e7d7cce3bbd8130311d3952bc,0
3803296638,3,modules/portal/portal-api/src/main/java/com/enonic/xp/portal/PortalRequest.java,229e38bf193e695135261489d785e2f3aed4ddffd144d4ca5b75ccd4ae132c7e,0
3803296638,3,modules/portal/portal-api/src/main/java/com/enonic/xp/portal/handler/EndpointHandler.java,cf74cbc6eedc481421503c30f60e22e8d5e4ea4b34e7d419e367a3f6271fe67b,0
3803296638,3,modules/portal/portal-api/src/main/java/com/enonic/xp/portal/handler/WebHandlerHelper.java,0daa19af9374e2cb72b1797438baf98681fce5a3cb495b9aa4acaecfa86b83a2,0
3803296638,3,modules/portal/portal-impl/src/main/java/com/enonic/xp/portal/impl/PortalConfig.java,1898eb32671d3bcd5971e161fc3c08621c8635508274ae0fca991242dbf56798,0
3803296638,3,modules/portal/portal-impl/src/main/java/com/enonic/xp/portal/impl/PortalRequestHelper.java,8114bce933d8a9951cfb3fe670d7ca9ad8e76b92eb5b18b0e70eb63d62d7621d,0
3803296638,3,modules/portal/portal-impl/src/main/java/com/enonic/xp/portal/impl/app/AppPortalHandler.java,b504d77b8a90e5981c2ac19a460adf729533ca61cb3771432157f65a8984276d,0
3803296638,3,modules/portal/portal-impl/src/main/java/com/enonic/xp/portal/impl/app/WebAppHandler.java,4c45895a985290e0ccb318b16bfbcefa8b52adede17d42803b82344bacc5c192,0
3803296638,3,modules/portal/portal-impl/src/main/java/com/enonic/xp/portal/impl/exception/ExceptionRendererImpl.java,15444378398653063d7172afa000c15117b9d7983fd6552fd1e4ab0fee6a3e5a,0
3803296638,3,modules/portal/portal-impl/src/main/java/com/enonic/xp/portal/impl/handler/AbstractAttachmentHandlerWorker.java,aa969717cb1e3371dbf60a41af162bca463a9b88d46d0eed5a73c1ed72d1ed5c,0
3803296638,3,modules/portal/portal-impl/src/main/java/com/enonic/xp/portal/impl/handler/ApiDispatcher.java,ec1550a467d89e54c9066ee5543cfe287dc8e058364fc1a52f5ae3519203c007,0
3803296638,3,modules/portal/portal-impl/src/main/java/com/enonic/xp/portal/impl/handler/AssetHandler.java,9b9f62fced453134d146168058f53fb6b6a79d2b6e47fd5d1a94111181ebb7a8,0
3803296638,3,modules/portal/portal-impl/src/main/java/com/enonic/xp/portal/impl/handler/AttachmentHandler.java,032bbc4d305fc639d1c7e273d7e14fec6c9d4940f95a07071372e13b311fb12e,0
3803296638,3,modules/portal/portal-impl/src/main/java/com/enonic/xp/portal/impl/handler/ComponentHandler.java,000ad136310d38639184d527878103de5b69c1216881b01ddf87a8bd4ac02c39,0
3803296638,3,modules/portal/portal-impl/src/main/java/com/enonic/xp/portal/impl/handler/ErrorHandler.java,77c83ed883e8cac00722bc167474d59df41d21cb2ec766069b1b2d3eb4418e89,0
3803296638,3,modules/portal/portal-impl/src/main/java/com/enonic/xp/portal/impl/handler/HandlerHelper.java,8d4d12370fafd1f94a1205b659d61512f2d19588b6e59ce8f2b6c2a268eb8a27,0
3803296638,3,modules/portal/portal-impl/src/main/java/com/enonic/xp/portal/impl/handler/IdentityHandler.java,eb893f6b40dde885656f557b9078695ed0cfc73390f4468c5aeef1059b9978fc,0
3803296638,3,modules/portal/portal-impl/src/main/java/com/enonic/xp/portal/impl/handler/ImageHandler.java,66a2b90ea9399ed68fa683ac131e4fc6c6ba588c787fd587fe91d29f4849c3a8,0
3803296638,3,modules/portal/portal-impl/src/main/java/com/enonic/xp/portal/impl/handler/ServiceHandler.java,22042dd81b70f887f1a4e90291ee2b421e7f4c51d97190a015875b2ef876de3a,0
3803296638,3,modules/portal/portal-impl/src/main/java/com/enonic/xp/portal/impl/handler/SlashApiHandler.java,4a6255ba8ebd86e560aefea5c332abd03bdbcb2796966adfdac2c96aff689035,0
3803296638,3,modules/portal/portal-impl/src/main/java/com/enonic/xp/portal/impl/handler/api/ApiHandler.java,69e01b389b4513688d149a61cb473e320c3fdf9c05938c5b72e517338ffcdff3,0
3803296638,3,modules/portal/portal-impl/src/main/java/com/enonic/xp/portal/impl/handler/mapping/AttachmentServiceMappingHandler.java,7e94e4b34f8ca8e1fe2782e5504676ce5c62902df34af58ba812d0e8dda7ccdd,0
3803296638,3,modules/portal/portal-impl/src/main/java/com/enonic/xp/portal/impl/handler/mapping/ComponentServiceMappingHandler.java,eef3813ab408a610067fcf64f12c258077c81ced1d6fbeb9e31455e56e1173cd,0
3803296638,3,modules/portal/portal-impl/src/main/java/com/enonic/xp/portal/impl/handler/mapping/ImageServiceMappingHandler.java,af2068e0a4d03b5c96342611318a393d4cab73ad3dbb90a0ddeba0385b5343a4,0
3803296638,3,modules/portal/portal-impl/src/main/java/com/enonic/xp/portal/impl/handler/mapping/MappingHandlerHelper.java,cdf53a47c80e93f103e96db951e25bc2dff74959b6e1c2c49ab50d52a5797f79,0
3803296638,3,modules/portal/portal-impl/src/main/java/com/enonic/xp/portal/impl/handler/portal/SiteHandler.java,77d10abd0993800a9f1ad825cd33bbe45246f77603a072ce50eaafc4d50d7373,0
3803296638,3,modules/portal/portal-impl/src/main/java/com/enonic/xp/portal/impl/handler/render/PageHandlerWorker.java,772c35ad3e8ad4e0599785a15acfc5d8b05cd2b1e85bc6c7b3771d3065b30d5f,0
3803296638,3,modules/portal/portal-impl/src/main/java/com/enonic/xp/portal/impl/idprovider/PortalRequestAdapter.java,eb8006d707fb0f862fe124a310924b9c960d5036945ff6ceb7d6db2705d7a4e3,0
3803296638,3,modules/portal/portal-impl/src/main/java/com/enonic/xp/portal/impl/macro/EmbedIframeMacroProcessor.java,826e4f5a8b55069986b7396139bb57dc500c87dd8f96d64d26540a9a590d2da7,0
3803296638,3,modules/portal/portal-impl/src/main/java/com/enonic/xp/portal/impl/url/ContentBaseUrlResolver.java,4c0fa2cac37d6bb374886e62dc148fe395a27458ee6dccd3d5bb4eb5bd533db2,0
3803296638,3,modules/web/web-api/src/main/java/com/enonic/xp/web/HttpMethod.java,a534a4d858ccb69a284dc9879b98d8f3c49ea8d7379d7e465422dd48c2a1de89,0
3803296638,3,modules/web/web-api/src/main/java/com/enonic/xp/web/WebRequest.java,d6b352d40d30db5c8c18e0849fb29f671ff62dfa9657e84508b61d61160662e6,0
3803296638,3,modules/web/web-api/src/main/java/com/enonic/xp/web/servlet/ServletRequestUrlHelper.java,d99c88bf669c3cb606e5aa6682c7f9edc61ef1fb299ebb1ce566db942b1e8c13,0
3803296638,3,modules/web/web-impl/src/main/java/com/enonic/xp/web/impl/serializer/RequestSerializer.java,bd47a2f301466af4d98dc390ebe8ea93036e91dda50eecdc1c0d20d09c5f914c,0
3803296638,3,modules/web/web-impl/src/main/java/com/enonic/xp/web/impl/trace/TraceWebFilter.java,03f15b452d34cf803076eec7eee64becb1101815c23acab760ed68507bda69dc,0
3803296638,3,modules/web/web-vhost/src/main/java/com/enonic/xp/web/vhost/impl/VirtualHostFilter.java,77e443146d0f3af6ce63f557ddec1b450141c7d3edb7547956b77b54f0bacacd,0
3803296638,3,modules/web/web-vhost/src/main/java/com/enonic/xp/web/vhost/impl/VirtualHostInternalHelper.java,7bdedf37a0c38bcebb7a59fc2a0d7b8f40839528b42bec074aa12c13e19b8062,0
3803296638,3,modules/web/web-vhost/src/main/java/com/enonic/xp/web/vhost/impl/VirtualHostResolverImpl.java,a2d3976515ccb336e524d60acd7c102a375f9c3deaae1b612133748e197694b2,0
3803296638,4,modules/admin/admin-impl/src/main/java/com/enonic/xp/admin/impl/portal/AdminSiteHandler.java,c1c4aff3ac7e33dd312ff46fb3326f5313cc1722bd23b272ab6736030cf241b3,0
3803296638,4,modules/admin/admin-impl/src/main/java/com/enonic/xp/admin/impl/portal/AdminToolHandler.java,e9f222f48fceffe43ff610a4ade96508eb1b8874743b895066962a29acc2c204,0
3803296638,4,modules/admin/admin-impl/src/main/java/com/enonic/xp/admin/impl/portal/AdminToolPortalHandler.java,f93f45ad911b30865f88f6c44ee68d8d36c3640b0d47f40eb299c1b8b393421a,0
3803296638,4,modules/admin/admin-impl/src/main/java/com/enonic/xp/admin/impl/portal/widget/WidgetApiHandler.java,a8bc34a8589fe090e964dc05d0b5d81342a7058f66c9188e155f26f24bb249a7,0
3803296638,4,modules/admin/admin-impl/src/main/java/com/enonic/xp/admin/impl/portal/widget/WidgetDispatcherApiHandler.java,84b0b1ef364ccdd9b737bf840bfb8c6f975f30cf8131a9f2050c32e321f546d3,0
3803296638,4,modules/core/core-api/src/main/java/com/enonic/xp/site/SiteConfigs.java,b0b5b14abfaa2c08587deca3f59a72c6e82e9e9e9fa489001b6a0e28ecfed975,0
3803296638,4,modules/core/core-api/src/main/java/com/enonic/xp/trace/TraceIO.java,337c0bdce9c5c2a4c6e0d3dd502c8bef54aa749272ce9d9b6615eb5b7a3b596a,0
3803296638,4,modules/core/core-api/src/main/java/com/enonic/xp/trace/Tracer.java,3f90824600eb85176fa6d3940ab84785c084f340116320ba15acd63d7fd34690,0
3803296638,4,modules/portal/portal-api/src/main/java/com/enonic/xp/portal/PortalRequest.java,c3081a3323a028634eee113b8f4248bcfa1b16d9f2410b39b6ae186aac3c3886,0
3803296638,4,modules/portal/portal-api/src/main/java/com/enonic/xp/portal/handler/WebHandlerHelper.java,f42dabaa759d82a76300862d02127f16f5f6fe03600900d416fa2666f0146064,0
3803296638,4,modules/portal/portal-impl/src/main/java/com/enonic/xp/portal/impl/PortalConfig.java,2cd46102ddc3ac8725ee5fab60838a3934a292aa47cd42f496c8e5c74bc6a15e,0
3803296638,4,modules/portal/portal-impl/src/main/java/com/enonic/xp/portal/impl/PortalRequestHelper.java,b1c61e5be9d483657d01a0f84aed525104d7a3c5dcbdcd2128572e33d28d8aee,0
3803296638,4,modules/portal/portal-impl/src/main/java/com/enonic/xp/portal/impl/app/WebAppHandler.java,a4fe8c2e54465e3acad0d4555bc2fa856c4925b3fde2bb5528230c5ef9530081,0
3803296638,4,modules/portal/portal-impl/src/main/java/com/enonic/xp/portal/impl/app/WebAppPortalHandler.java,24ba88ad617b71f6742116ca2cd5c2d806719f2edf4924364e07d8e24749ea55,0
3803296638,4,modules/portal/portal-impl/src/main/java/com/enonic/xp/portal/impl/exception/ExceptionRendererImpl.java,05be51694c444e02d4b0974934b97b195b079c3a473eeebd4a90fb44138289b9,0
3803296638,4,modules/portal/portal-impl/src/main/java/com/enonic/xp/portal/impl/handler/AbstractAttachmentHandlerWorker.java,50d1d9c067a69e95a70cd94c66c93ee5671795f37ce53d35ce87c1022d1892fb,0
3803296638,4,modules/portal/portal-impl/src/main/java/com/enonic/xp/portal/impl/handler/ApiDispatcher.java,d1632c272497c193f796aae380495676395f2f15af12141fe3378637fd862361,0
3803296638,4,modules/portal/portal-impl/src/main/java/com/enonic/xp/portal/impl/handler/AssetHandler.java,ad7028152002628da7e1e9e9e0d77a71d65f17b8aa3e8a5f2598df2145e8a0c5,0
3803296638,4,modules/portal/portal-impl/src/main/java/com/enonic/xp/portal/impl/handler/AttachmentHandler.java,da413a65ed0dcbcac6223faf0be2cde531f66d9121425d42b73bed742f6cb25c,0
3803296638,4,modules/portal/portal-impl/src/main/java/com/enonic/xp/portal/impl/handler/ComponentHandler.java,2cf13642a8e842c0714af7221ca41e69402207c5795c0721be38c1f86379e7f7,0
3803296638,4,modules/portal/portal-impl/src/main/java/com/enonic/xp/portal/impl/handler/ErrorHandler.java,a6a6fb2e7fc3fa50939cc2541d1ff2f4f7f09830c419a324956fa3373801fa33,0
3803296638,4,modules/portal/portal-impl/src/main/java/com/enonic/xp/portal/impl/handler/HandlerHelper.java,1630e4938c47fff264499deeb052259d745e79b9841381ec706fa72a47b75691,0
3803296638,4,modules/portal/portal-impl/src/main/java/com/enonic/xp/portal/impl/handler/IdentityHandler.java,e24333fa7af79800b89e3089d662c046e6f02b42c5e3a9edf707dd303bf7f4eb,0
3803296638,4,modules/portal/portal-impl/src/main/java/com/enonic/xp/portal/impl/handler/ImageHandler.java,4b62de2cc09e2c3ac6d28fdea83216228d609a28644e2fd0c0227452b2b8af69,0
3803296638,4,modules/portal/portal-impl/src/main/java/com/enonic/xp/portal/impl/handler/PathMatchers.java,0d3c1358ed331acc604e52c1df791ea2d3b701831fe1c48e9ea44bc0f6db3a5d,0
3803296638,4,modules/portal/portal-impl/src/main/java/com/enonic/xp/portal/impl/handler/ServiceHandler.java,a555a31159c5fcf3d9cac53cd4eece2937d229b458fbba3a7c0492b7432d5b38,0
3803296638,4,modules/portal/portal-impl/src/main/java/com/enonic/xp/portal/impl/handler/SlashApiHandler.java,0f38a1105a59347fa76890e59696467cbee50c541c05c18804db0cabc5eb32ee,0
3803296638,4,modules/portal/portal-impl/src/main/java/com/enonic/xp/portal/impl/handler/api/ApiIndexHandler.java,a2219261402ee9fb19716e37eb2bab31ad015d2bf55e0cdcca8bc7ca6b696b23,0
3803296638,4,modules/portal/portal-impl/src/main/java/com/enonic/xp/portal/impl/handler/mapping/ComponentServiceMappingHandler.java,aee6a7954d1999ec8974a0e5c6b64e439963e8289c04a9848fb1c828db87a104,0
3803296638,4,modules/portal/portal-impl/src/main/java/com/enonic/xp/portal/impl/handler/mapping/ImageServiceMappingHandler.java,92b9bcc4ea9c06144d72420f2f4ddc0f3d7afe6f420a421fd53fffe040338b02,0
3803296638,4,modules/portal/portal-impl/src/main/java/com/enonic/xp/portal/impl/handler/mapping/MappingHandlerHelper.java,6bd31d89c631ca83ff13461da9d39f36c8c3cef20f8995a28676bfd48c80da08,0
3803296638,4,modules/portal/portal-impl/src/main/java/com/enonic/xp/portal/impl/handler/portal/SiteHandler.java,0bebd5af48483d279c2ca9650298fb82bd05b9cafda7a4e8139291d40b9765a2,0
3803296638,4,modules/portal/portal-impl/src/main/java/com/enonic/xp/portal/impl/handler/render/PageHandlerWorker.java,13510f00661ed4a50e86da74ca27cc9d9e4faa5196cb7f23afa6407fe37894b5,0
3803296638,4,modules/portal/portal-impl/src/main/java/com/enonic/xp/portal/impl/idprovider/PortalRequestAdapter.java,3f7160af85dfdb21a994ccc7adb65ec0e4b2b45d88e2973035a5c0e59e3d7792,0
3803296638,4,modules/portal/portal-impl/src/main/java/com/enonic/xp/portal/impl/macro/EmbedIframeMacroProcessor.java,235ebf0db057f8e8d40f936dbe1952be566385d6194ed7cde579cb3529ddecd0,0
3803296638,4,modules/portal/portal-impl/src/main/java/com/enonic/xp/portal/impl/url/ContentBaseUrlResolver.java,52d07eaa34c4ad426c9bf0ebd3602e8c81348645d0fbc2b14556efdb186489ca,0
3803296638,4,modules/web/web-api/src/main/java/com/enonic/xp/web/HttpMethod.java,828ae38b2f0fbc95edef750a8392b5cb064febb236596edd0f84814f9900fe27,0
3803296638,4,modules/web/web-api/src/main/java/com/enonic/xp/web/WebRequest.java,b5cced2e7b3f13f7f4e9d044e55426da93dd679ee1ea8598ffc9dfcc6755a34c,0
3803296638,4,modules/web/web-api/src/main/java/com/enonic/xp/web/servlet/ServletRequestUrlHelper.java,d99c88bf669c3cb606e5aa6682c7f9edc61ef1fb299ebb1ce566db942b1e8c13,0
3803296638,4,modules/web/web-impl/src/main/java/com/enonic/xp/web/impl/serializer/RequestSerializer.java,141b811ff689c4f09341bc8c4b710502a6a7850d74d5192cfe54efd2b382eae4,0
3803296638,4,modules/web/web-impl/src/main/java/com/enonic/xp/web/impl/trace/TraceWebFilter.java,b419b4fce4d37bc240c6ebbd75c71c71d3f1fa40f0eb2fb99d7005f94ffe1e75,0
3803296638,4,modules/web/web-vhost/src/main/java/com/enonic/xp/web/vhost/impl/VirtualHostFilter.java,63477d08555a117c0030e866d6f746cf3d8e319293ebda74975293f35b903436,0
3803296638,4,modules/web/web-vhost/src/main/java/com/enonic/xp/web/vhost/impl/VirtualHostRequestWrapper.java,258e2d0d4f26263aac26a797b2ceea1373a31af99d04acd5928de92970018789,0
3803296638,4,modules/web/web-vhost/src/main/java/com/enonic/xp/web/vhost/impl/VirtualHostResolverImpl.java,e36f1ed170cb8cc2bedb7f554c0e4ccacf647a9c8fb6651c995e46c622727236,0
3803296638,5,modules/admin/admin-impl/src/main/java/com/enonic/xp/admin/impl/portal/AdminSiteHandler.java,c1c4aff3ac7e33dd312ff46fb3326f5313cc1722bd23b272ab6736030cf241b3,0
3803296638,5,modules/admin/admin-impl/src/main/java/com/enonic/xp/admin/impl/portal/AdminToolHandler.java,e9f222f48fceffe43ff610a4ade96508eb1b8874743b895066962a29acc2c204,0
3803296638,5,modules/admin/admin-impl/src/main/java/com/enonic/xp/admin/impl/portal/AdminToolPortalHandler.java,f93f45ad911b30865f88f6c44ee68d8d36c3640b0d47f40eb299c1b8b393421a,0
3803296638,5,modules/admin/admin-impl/src/main/java/com/enonic/xp/admin/impl/portal/widget/WidgetApiHandler.java,a8bc34a8589fe090e964dc05d0b5d81342a7058f66c9188e155f26f24bb249a7,0
3803296638,5,modules/admin/admin-impl/src/main/java/com/enonic/xp/admin/impl/portal/widget/WidgetDispatcherApiHandler.java,84b0b1ef364ccdd9b737bf840bfb8c6f975f30cf8131a9f2050c32e321f546d3,0
3803296638,5,modules/core/core-api/src/main/java/com/enonic/xp/site/SiteConfigs.java,b0b5b14abfaa2c08587deca3f59a72c6e82e9e9e9fa489001b6a0e28ecfed975,0
3803296638,5,modules/core/core-api/src/main/java/com/enonic/xp/trace/TraceIO.java,337c0bdce9c5c2a4c6e0d3dd502c8bef54aa749272ce9d9b6615eb5b7a3b596a,0
3803296638,5,modules/core/core-api/src/main/java/com/enonic/xp/trace/Tracer.java,3f90824600eb85176fa6d3940ab84785c084f340116320ba15acd63d7fd34690,0
3803296638,5,modules/portal/portal-api/src/main/java/com/enonic/xp/portal/PortalRequest.java,c3081a3323a028634eee113b8f4248bcfa1b16d9f2410b39b6ae186aac3c3886,0
3803296638,5,modules/portal/portal-api/src/main/java/com/enonic/xp/portal/handler/WebHandlerHelper.java,f42dabaa759d82a76300862d02127f16f5f6fe03600900d416fa2666f0146064,0
3803296638,5,modules/portal/portal-impl/src/main/java/com/enonic/xp/portal/impl/PortalConfig.java,2cd46102ddc3ac8725ee5fab60838a3934a292aa47cd42f496c8e5c74bc6a15e,0
3803296638,5,modules/portal/portal-impl/src/main/java/com/enonic/xp/portal/impl/PortalRequestHelper.java,b1c61e5be9d483657d01a0f84aed525104d7a3c5dcbdcd2128572e33d28d8aee,0
3803296638,5,modules/portal/portal-impl/src/main/java/com/enonic/xp/portal/impl/app/WebAppHandler.java,a4fe8c2e54465e3acad0d4555bc2fa856c4925b3fde2bb5528230c5ef9530081,0
3803296638,5,modules/portal/portal-impl/src/main/java/com/enonic/xp/portal/impl/app/WebAppPortalHandler.java,24ba88ad617b71f6742116ca2cd5c2d806719f2edf4924364e07d8e24749ea55,0
3803296638,5,modules/portal/portal-impl/src/main/java/com/enonic/xp/portal/impl/exception/ExceptionRendererImpl.java,05be51694c444e02d4b0974934b97b195b079c3a473eeebd4a90fb44138289b9,0
3803296638,5,modules/portal/portal-impl/src/main/java/com/enonic/xp/portal/impl/handler/AbstractAttachmentHandlerWorker.java,50d1d9c067a69e95a70cd94c66c93ee5671795f37ce53d35ce87c1022d1892fb,0
3803296638,5,modules/portal/portal-impl/src/main/java/com/enonic/xp/portal/impl/handler/ApiDispatcher.java,d1632c272497c193f796aae380495676395f2f15af12141fe3378637fd862361,0
3803296638,5,modules/portal/portal-impl/src/main/java/com/enonic/xp/portal/impl/handler/AssetHandler.java,ad7028152002628da7e1e9e9e0d77a71d65f17b8aa3e8a5f2598df2145e8a0c5,0
3803296638,5,modules/portal/portal-impl/src/main/java/com/enonic/xp/portal/impl/handler/AttachmentHandler.java,da413a65ed0dcbcac6223faf0be2cde531f66d9121425d42b73bed742f6cb25c,0
3803296638,5,modules/portal/portal-impl/src/main/java/com/enonic/xp/portal/impl/handler/ComponentHandler.java,2cf13642a8e842c0714af7221ca41e69402207c5795c0721be38c1f86379e7f7,0
3803296638,5,modules/portal/portal-impl/src/main/java/com/enonic/xp/portal/impl/handler/ErrorHandler.java,a6a6fb2e7fc3fa50939cc2541d1ff2f4f7f09830c419a324956fa3373801fa33,0
3803296638,5,modules/portal/portal-impl/src/main/java/com/enonic/xp/portal/impl/handler/HandlerHelper.java,1630e4938c47fff264499deeb052259d745e79b9841381ec706fa72a47b75691,0
3803296638,5,modules/portal/portal-impl/src/main/java/com/enonic/xp/portal/impl/handler/IdentityHandler.java,e24333fa7af79800b89e3089d662c046e6f02b42c5e3a9edf707dd303bf7f4eb,0
3803296638,5,modules/portal/portal-impl/src/main/java/com/enonic/xp/portal/impl/handler/ImageHandler.java,4b62de2cc09e2c3ac6d28fdea83216228d609a28644e2fd0c0227452b2b8af69,0
3803296638,5,modules/portal/portal-impl/src/main/java/com/enonic/xp/portal/impl/handler/PathMatchers.java,0d3c1358ed331acc604e52c1df791ea2d3b701831fe1c48e9ea44bc0f6db3a5d,0
3803296638,5,modules/portal/portal-impl/src/main/java/com/enonic/xp/portal/impl/handler/ServiceHandler.java,a555a31159c5fcf3d9cac53cd4eece2937d229b458fbba3a7c0492b7432d5b38,0
3803296638,5,modules/portal/portal-impl/src/main/java/com/enonic/xp/portal/impl/handler/SlashApiHandler.java,0f38a1105a59347fa76890e59696467cbee50c541c05c18804db0cabc5eb32ee,0
3803296638,5,modules/portal/portal-impl/src/main/java/com/enonic/xp/portal/impl/handler/api/ApiIndexHandler.java,a2219261402ee9fb19716e37eb2bab31ad015d2bf55e0cdcca8bc7ca6b696b23,0
3803296638,5,modules/portal/portal-impl/src/main/java/com/enonic/xp/portal/impl/handler/mapping/ComponentServiceMappingHandler.java,aee6a7954d1999ec8974a0e5c6b64e439963e8289c04a9848fb1c828db87a104,0
3803296638,5,modules/portal/portal-impl/src/main/java/com/enonic/xp/portal/impl/handler/mapping/ImageServiceMappingHandler.java,92b9bcc4ea9c06144d72420f2f4ddc0f3d7afe6f420a421fd53fffe040338b02,0
3803296638,5,modules/portal/portal-impl/src/main/java/com/enonic/xp/portal/impl/handler/mapping/MappingHandlerHelper.java,6bd31d89c631ca83ff13461da9d39f36c8c3cef20f8995a28676bfd48c80da08,0
3803296638,5,modules/portal/portal-impl/src/main/java/com/enonic/xp/portal/impl/handler/portal/SiteHandler.java,0bebd5af48483d279c2ca9650298fb82bd05b9cafda7a4e8139291d40b9765a2,0
3803296638,5,modules/portal/portal-impl/src/main/java/com/enonic/xp/portal/impl/handler/render/PageHandlerWorker.java,13510f00661ed4a50e86da74ca27cc9d9e4faa5196cb7f23afa6407fe37894b5,0
3803296638,5,modules/portal/portal-impl/src/main/java/com/enonic/xp/portal/impl/idprovider/PortalRequestAdapter.java,3f7160af85dfdb21a994ccc7adb65ec0e4b2b45d88e2973035a5c0e59e3d7792,0
3803296638,5,modules/portal/portal-impl/src/main/java/com/enonic/xp/portal/impl/macro/EmbedIframeMacroProcessor.java,235ebf0db057f8e8d40f936dbe1952be566385d6194ed7cde579cb3529ddecd0,0
3803296638,5,modules/portal/portal-impl/src/main/java/com/enonic/xp/portal/impl/url/ContentBaseUrlResolver.java,52d07eaa34c4ad426c9bf0ebd3602e8c81348645d0fbc2b14556efdb186489ca,0
3803296638,5,modules/web/web-api/src/main/java/com/enonic/xp/web/HttpMethod.java,828ae38b2f0fbc95edef750a8392b5cb064febb236596edd0f84814f9900fe27,0
3803296638,5,modules/web/web-api/src/main/java/com/enonic/xp/web/WebRequest.java,b5cced2e7b3f13f7f4e9d044e55426da93dd679ee1ea8598ffc9dfcc6755a34c,0
3803296638,5,modules/web/web-api/src/main/java/com/enonic/xp/web/servlet/ServletRequestUrlHelper.java,942a376f5812f569fd4ff144e609ade07dc15e4bbb997af070e218810f64f1d8,0
3803296638,5,modules/web/web-impl/src/main/java/com/enonic/xp/web/impl/serializer/RequestSerializer.java,141b811ff689c4f09341bc8c4b710502a6a7850d74d5192cfe54efd2b382eae4,0
3803296638,5,modules/web/web-impl/src/main/java/com/enonic/xp/web/impl/trace/TraceWebFilter.java,b419b4fce4d37bc240c6ebbd75c71c71d3f1fa40f0eb2fb99d7005f94ffe1e75,0
3803296638,5,modules/web/web-vhost/src/main/java/com/enonic/xp/web/vhost/impl/VirtualHostFilter.java,63477d08555a117c0030e866d6f746cf3d8e319293ebda74975293f35b903436,0
3803296638,5,modules/web/web-vhost/src/main/java/com/enonic/xp/web/vhost/impl/VirtualHostRequestWrapper.java,258e2d0d4f26263aac26a797b2ceea1373a31af99d04acd5928de92970018789,0
3803296638,5,modules/web/web-vhost/src/main/java/com/enonic/xp/web/vhost/impl/VirtualHostResolverImpl.java,e36f1ed170cb8cc2bedb7f554c0e4ccacf647a9c8fb6651c995e46c622727236,0
3803296638,6,modules/admin/admin-impl/src/main/java/com/enonic/xp/admin/impl/portal/AdminSiteHandler.java,c1c4aff3ac7e33dd312ff46fb3326f5313cc1722bd23b272ab6736030cf241b3,0
3803296638,6,modules/admin/admin-impl/src/main/java/com/enonic/xp/admin/impl/portal/AdminToolHandler.java,e9f222f48fceffe43ff610a4ade96508eb1b8874743b895066962a29acc2c204,0
3803296638,6,modules/admin/admin-impl/src/main/java/com/enonic/xp/admin/impl/portal/AdminToolPortalHandler.java,f93f45ad911b30865f88f6c44ee68d8d36c3640b0d47f40eb299c1b8b393421a,0
3803296638,6,modules/admin/admin-impl/src/main/java/com/enonic/xp/admin/impl/portal/widget/WidgetApiHandler.java,a8bc34a8589fe090e964dc05d0b5d81342a7058f66c9188e155f26f24bb249a7,0
3803296638,6,modules/admin/admin-impl/src/main/java/com/enonic/xp/admin/impl/portal/widget/WidgetDispatcherApiHandler.java,84b0b1ef364ccdd9b737bf840bfb8c6f975f30cf8131a9f2050c32e321f546d3,0
3803296638,6,modules/core/core-api/src/main/java/com/enonic/xp/site/SiteConfigs.java,b0b5b14abfaa2c08587deca3f59a72c6e82e9e9e9fa489001b6a0e28ecfed975,0
3803296638,6,modules/core/core-api/src/main/java/com/enonic/xp/trace/TraceIO.java,337c0bdce9c5c2a4c6e0d3dd502c8bef54aa749272ce9d9b6615eb5b7a3b596a,0
3803296638,6,modules/core/core-api/src/main/java/com/enonic/xp/trace/Tracer.java,3f90824600eb85176fa6d3940ab84785c084f340116320ba15acd63d7fd34690,0
3803296638,6,modules/portal/portal-api/src/main/java/com/enonic/xp/portal/PortalRequest.java,c3081a3323a028634eee113b8f4248bcfa1b16d9f2410b39b6ae186aac3c3886,0
3803296638,6,modules/portal/portal-api/src/main/java/com/enonic/xp/portal/handler/WebHandlerHelper.java,f42dabaa759d82a76300862d02127f16f5f6fe03600900d416fa2666f0146064,0
3803296638,6,modules/portal/portal-impl/src/main/java/com/enonic/xp/portal/impl/PortalConfig.java,2cd46102ddc3ac8725ee5fab60838a3934a292aa47cd42f496c8e5c74bc6a15e,0
3803296638,6,modules/portal/portal-impl/src/main/java/com/enonic/xp/portal/impl/PortalRequestHelper.java,b1c61e5be9d483657d01a0f84aed525104d7a3c5dcbdcd2128572e33d28d8aee,0
3803296638,6,modules/portal/portal-impl/src/main/java/com/enonic/xp/portal/impl/app/WebAppHandler.java,a4fe8c2e54465e3acad0d4555bc2fa856c4925b3fde2bb5528230c5ef9530081,0
3803296638,6,modules/portal/portal-impl/src/main/java/com/enonic/xp/portal/impl/app/WebAppPortalHandler.java,24ba88ad617b71f6742116ca2cd5c2d806719f2edf4924364e07d8e24749ea55,0
3803296638,6,modules/portal/portal-impl/src/main/java/com/enonic/xp/portal/impl/exception/ExceptionRendererImpl.java,05be51694c444e02d4b0974934b97b195b079c3a473eeebd4a90fb44138289b9,0
3803296638,6,modules/portal/portal-impl/src/main/java/com/enonic/xp/portal/impl/handler/AbstractAttachmentHandlerWorker.java,50d1d9c067a69e95a70cd94c66c93ee5671795f37ce53d35ce87c1022d1892fb,0
3803296638,6,modules/portal/portal-impl/src/main/java/com/enonic/xp/portal/impl/handler/ApiDispatcher.java,d1632c272497c193f796aae380495676395f2f15af12141fe3378637fd862361,0
3803296638,6,modules/portal/portal-impl/src/main/java/com/enonic/xp/portal/impl/handler/AssetHandler.java,ad7028152002628da7e1e9e9e0d77a71d65f17b8aa3e8a5f2598df2145e8a0c5,0
3803296638,6,modules/portal/portal-impl/src/main/java/com/enonic/xp/portal/impl/handler/AttachmentHandler.java,da413a65ed0dcbcac6223faf0be2cde531f66d9121425d42b73bed742f6cb25c,0
3803296638,6,modules/portal/portal-impl/src/main/java/com/enonic/xp/portal/impl/handler/ComponentHandler.java,2cf13642a8e842c0714af7221ca41e69402207c5795c0721be38c1f86379e7f7,0
3803296638,6,modules/portal/portal-impl/src/main/java/com/enonic/xp/portal/impl/handler/ErrorHandler.java,a6a6fb2e7fc3fa50939cc2541d1ff2f4f7f09830c419a324956fa3373801fa33,0
3803296638,6,modules/portal/portal-impl/src/main/java/com/enonic/xp/portal/impl/handler/HandlerHelper.java,1630e4938c47fff264499deeb052259d745e79b9841381ec706fa72a47b75691,0
3803296638,6,modules/portal/portal-impl/src/main/java/com/enonic/xp/portal/impl/handler/IdentityHandler.java,c22944b1b5deea18f191e7c3b216af9ba9c11ba5de046faac32e33392eef7737,0
3803296638,6,modules/portal/portal-impl/src/main/java/com/enonic/xp/portal/impl/handler/ImageHandler.java,4b62de2cc09e2c3ac6d28fdea83216228d609a28644e2fd0c0227452b2b8af69,0
3803296638,6,modules/portal/portal-impl/src/main/java/com/enonic/xp/portal/impl/handler/PathMatchers.java,0d3c1358ed331acc604e52c1df791ea2d3b701831fe1c48e9ea44bc0f6db3a5d,0
3803296638,6,modules/portal/portal-impl/src/main/java/com/enonic/xp/portal/impl/handler/ServiceHandler.java,a555a31159c5fcf3d9cac53cd4eece2937d229b458fbba3a7c0492b7432d5b38,0
3803296638,6,modules/portal/portal-impl/src/main/java/com/enonic/xp/portal/impl/handler/SlashApiHandler.java,0f38a1105a59347fa76890e59696467cbee50c541c05c18804db0cabc5eb32ee,0
3803296638,6,modules/portal/portal-impl/src/main/java/com/enonic/xp/portal/impl/handler/api/ApiIndexHandler.java,a2219261402ee9fb19716e37eb2bab31ad015d2bf55e0cdcca8bc7ca6b696b23,0
3803296638,6,modules/portal/portal-impl/src/main/java/com/enonic/xp/portal/impl/handler/mapping/ComponentServiceMappingHandler.java,aee6a7954d1999ec8974a0e5c6b64e439963e8289c04a9848fb1c828db87a104,0
3803296638,6,modules/portal/portal-impl/src/main/java/com/enonic/xp/portal/impl/handler/mapping/ImageServiceMappingHandler.java,92b9bcc4ea9c06144d72420f2f4ddc0f3d7afe6f420a421fd53fffe040338b02,0
3803296638,6,modules/portal/portal-impl/src/main/java/com/enonic/xp/portal/impl/handler/mapping/MappingHandlerHelper.java,6bd31d89c631ca83ff13461da9d39f36c8c3cef20f8995a28676bfd48c80da08,0
3803296638,6,modules/portal/portal-impl/src/main/java/com/enonic/xp/portal/impl/handler/portal/SiteHandler.java,0bebd5af48483d279c2ca9650298fb82bd05b9cafda7a4e8139291d40b9765a2,0
3803296638,6,modules/portal/portal-impl/src/main/java/com/enonic/xp/portal/impl/handler/render/PageHandlerWorker.java,13510f00661ed4a50e86da74ca27cc9d9e4faa5196cb7f23afa6407fe37894b5,0
3803296638,6,modules/portal/portal-impl/src/main/java/com/enonic/xp/portal/impl/idprovider/PortalRequestAdapter.java,3f7160af85dfdb21a994ccc7adb65ec0e4b2b45d88e2973035a5c0e59e3d7792,0
3803296638,6,modules/portal/portal-impl/src/main/java/com/enonic/xp/portal/impl/macro/EmbedIframeMacroProcessor.java,235ebf0db057f8e8d40f936dbe1952be566385d6194ed7cde579cb3529ddecd0,0
3803296638,6,modules/portal/portal-impl/src/main/java/com/enonic/xp/portal/impl/url/ContentBaseUrlResolver.java,52d07eaa34c4ad426c9bf0ebd3602e8c81348645d0fbc2b14556efdb186489ca,0
3803296638,6,modules/web/web-api/src/main/java/com/enonic/xp/web/HttpMethod.java,828ae38b2f0fbc95edef750a8392b5cb064febb236596edd0f84814f9900fe27,0
3803296638,6,modules/web/web-api/src/main/java/com/enonic/xp/web/WebRequest.java,b5cced2e7b3f13f7f4e9d044e55426da93dd679ee1ea8598ffc9dfcc6755a34c,0
3803296638,6,modules/web/web-api/src/main/java/com/enonic/xp/web/servlet/ServletRequestUrlHelper.java,942a376f5812f569fd4ff144e609ade07dc15e4bbb997af070e218810f64f1d8,0
3803296638,6,modules/web/web-impl/src/main/java/com/enonic/xp/web/impl/serializer/RequestSerializer.java,141b811ff689c4f09341bc8c4b710502a6a7850d74d5192cfe54efd2b382eae4,0
3803296638,6,modules/web/web-impl/src/main/java/com/enonic/xp/web/impl/trace/TraceWebFilter.java,b419b4fce4d37bc240c6ebbd75c71c71d3f1fa40f0eb2fb99d7005f94ffe1e75,0
3803296638,6,modules/web/web-vhost/src/main/java/com/enonic/xp/web/vhost/impl/VirtualHostFilter.java,63477d08555a117c0030e866d6f746cf3d8e319293ebda74975293f35b903436,0
3803296638,6,modules/web/web-vhost/src/main/java/com/enonic/xp/web/vhost/impl/VirtualHostRequestWrapper.java,258e2d0d4f26263aac26a797b2ceea1373a31af99d04acd5928de92970018789,0
3803296638,6,modules/web/web-vhost/src/main/java/com/enonic/xp/web/vhost/impl/VirtualHostResolverImpl.java,e36f1ed170cb8cc2bedb7f554c0e4ccacf647a9c8fb6651c995e46c622727236,0
3437673678,0,common/src/main/java/com/frostwire/bittorrent/BTDownload.java,07aba0788a7abb8eb3ba2cd65d5974cdcbf288bd120ec379205bf7e9f15fb5af,0
3437673678,0,common/src/main/java/com/frostwire/bittorrent/BTEngine.java,c5f0f9fc85214629477f5d03fb1db14303f35ad8f6b21b46d02bcbca168ebeb1,0
3437673678,0,desktop/src/com/frostwire/gui/bittorrent/CreateTorrentDialog.java,1c88a49f37d3b4514a2fc1a817d721fe4c5a6ccbb324fdb9a028d0dd4349268f,0
3437673678,0,desktop/src/com/frostwire/gui/bittorrent/TorrentUtil.java,d5ad4e9c2c7c43b6a98bba0b291a49561943c70feca43b2a2a144f7a3d195e6c,0
3437673678,0,desktop/src/com/limegroup/gnutella/gui/GUIMediator.java,7da9af9dd8269c9979d81b57b7249de9216eab2eac4dc10e4e409a7f368625e9,0
3437673678,1,common/src/main/java/com/frostwire/bittorrent/BTDownload.java,07aba0788a7abb8eb3ba2cd65d5974cdcbf288bd120ec379205bf7e9f15fb5af,0
3437673678,1,common/src/main/java/com/frostwire/bittorrent/BTEngine.java,c5f0f9fc85214629477f5d03fb1db14303f35ad8f6b21b46d02bcbca168ebeb1,0
3437673678,1,desktop/src/com/frostwire/gui/bittorrent/CreateTorrentDialog.java,1c88a49f37d3b4514a2fc1a817d721fe4c5a6ccbb324fdb9a028d0dd4349268f,0
3437673678,1,desktop/src/com/frostwire/gui/bittorrent/TorrentUtil.java,d5ad4e9c2c7c43b6a98bba0b291a49561943c70feca43b2a2a144f7a3d195e6c,0
3437673678,1,desktop/src/com/limegroup/gnutella/gui/GUIMediator.java,7da9af9dd8269c9979d81b57b7249de9216eab2eac4dc10e4e409a7f368625e9,0
3437673678,2,common/src/main/java/com/frostwire/bittorrent/BTDownload.java,07aba0788a7abb8eb3ba2cd65d5974cdcbf288bd120ec379205bf7e9f15fb5af,0
3437673678,2,common/src/main/java/com/frostwire/bittorrent/BTEngine.java,c5f0f9fc85214629477f5d03fb1db14303f35ad8f6b21b46d02bcbca168ebeb1,0
3437673678,2,desktop/src/com/frostwire/gui/bittorrent/CreateTorrentDialog.java,d0f437d630280caf4f9ac8b8b23fe27e03195b99f28d9fb30cb2a43b1ed2bda2,0
3437673678,2,desktop/src/com/frostwire/gui/bittorrent/TorrentType.java,f91f0472bfba18491b017ae3094b91ba557b0cbbf866693ed90470c50b815c51,0
3437673678,2,desktop/src/com/frostwire/gui/bittorrent/TorrentUtil.java,0acec10d993dd061d0dcc91089a1e956eb7a644df1b6a47f218e1ed51f7ba199,0
3437673678,2,desktop/src/com/limegroup/gnutella/gui/GUIMediator.java,7da9af9dd8269c9979d81b57b7249de9216eab2eac4dc10e4e409a7f368625e9,0
3437673678,3,common/src/main/java/com/frostwire/bittorrent/BTDownload.java,07aba0788a7abb8eb3ba2cd65d5974cdcbf288bd120ec379205bf7e9f15fb5af,0
3437673678,3,common/src/main/java/com/frostwire/bittorrent/BTEngine.java,c5f0f9fc85214629477f5d03fb1db14303f35ad8f6b21b46d02bcbca168ebeb1,0
3437673678,3,desktop/src/com/frostwire/gui/bittorrent/CreateTorrentDialog.java,d0f437d630280caf4f9ac8b8b23fe27e03195b99f28d9fb30cb2a43b1ed2bda2,0
3437673678,3,desktop/src/com/frostwire/gui/bittorrent/TorrentType.java,f91f0472bfba18491b017ae3094b91ba557b0cbbf866693ed90470c50b815c51,0
3437673678,3,desktop/src/com/frostwire/gui/bittorrent/TorrentUtil.java,0acec10d993dd061d0dcc91089a1e956eb7a644df1b6a47f218e1ed51f7ba199,0
3437673678,3,desktop/src/com/limegroup/gnutella/gui/GUIMediator.java,7da9af9dd8269c9979d81b57b7249de9216eab2eac4dc10e4e409a7f368625e9,0
3437673678,4,common/src/main/java/com/frostwire/bittorrent/BTDownload.java,07aba0788a7abb8eb3ba2cd65d5974cdcbf288bd120ec379205bf7e9f15fb5af,0
3437673678,4,common/src/main/java/com/frostwire/bittorrent/BTEngine.java,c5f0f9fc85214629477f5d03fb1db14303f35ad8f6b21b46d02bcbca168ebeb1,0
3437673678,4,desktop/src/com/frostwire/gui/bittorrent/CreateTorrentDialog.java,a605999a512bd2a4b980e490bd3047e5e8bdd2ed4be666620e3aba901fe4e1d8,0
3437673678,4,desktop/src/com/frostwire/gui/bittorrent/TorrentType.java,f91f0472bfba18491b017ae3094b91ba557b0cbbf866693ed90470c50b815c51,0
3437673678,4,desktop/src/com/frostwire/gui/bittorrent/TorrentUtil.java,03719fb7f00604f428f91dc8c5da39a53bfcb13742ce156cbcdba86465b24751,0
3437673678,4,desktop/src/com/limegroup/gnutella/gui/GUIMediator.java,7da9af9dd8269c9979d81b57b7249de9216eab2eac4dc10e4e409a7f368625e9,0
3437673678,5,common/src/main/java/com/frostwire/bittorrent/BTDownload.java,d84d5806a2f8ced4b0a1a210ae8911bd7da7c5a3f19b6d3a7d748363d442a32e,0
3437673678,5,common/src/main/java/com/frostwire/bittorrent/BTEngine.java,0cef4b7c2e897cf67e882d3f6d5b007202b79501f2985044dcf58f2a5c018787,0
3437673678,5,desktop/src/com/frostwire/gui/bittorrent/CreateTorrentDialog.java,a605999a512bd2a4b980e490bd3047e5e8bdd2ed4be666620e3aba901fe4e1d8,0
3437673678,5,desktop/src/com/frostwire/gui/bittorrent/TorrentType.java,f91f0472bfba18491b017ae3094b91ba557b0cbbf866693ed90470c50b815c51,0
3437673678,5,desktop/src/com/frostwire/gui/bittorrent/TorrentUtil.java,9911b3c595d10c9682b9614dddb1c5523eaaeaf89bfb86f34461329f0c22fceb,0
3437673678,5,desktop/src/com/limegroup/gnutella/gui/GUIMediator.java,597909aad3dc604401b052492deb3e7c0a8b2ed1005af0d49f7b538f8771fe5c,0
3437673678,6,common/src/main/java/com/frostwire/bittorrent/BTDownload.java,fa74207875c05176d1839dbe792987215f475a0ca0ee244774b8908b9b64b00f,0
3437673678,6,common/src/main/java/com/frostwire/bittorrent/BTEngine.java,3a8851cc551ae73229b8436b195ed28c6db45984e160ec7e89f0112eb5fb67c7,0
3437673678,6,desktop/src/com/frostwire/gui/bittorrent/CreateTorrentDialog.java,a605999a512bd2a4b980e490bd3047e5e8bdd2ed4be666620e3aba901fe4e1d8,0
3437673678,6,desktop/src/com/frostwire/gui/bittorrent/TorrentType.java,f91f0472bfba18491b017ae3094b91ba557b0cbbf866693ed90470c50b815c51,0
3437673678,6,desktop/src/com/frostwire/gui/bittorrent/TorrentUtil.java,9911b3c595d10c9682b9614dddb1c5523eaaeaf89bfb86f34461329f0c22fceb,0
3437673678,6,desktop/src/com/limegroup/gnutella/gui/GUIMediator.java,c98a0c34bad52c0a63dc97a6ee2eb1e3b5fc7e296d62667c35968888e707e1c8,0
